Student_ID,Age,Attendance,Study_Hours,Assignment_Score,Midterm_Score,Final_Score,Previous_GPA,Sleep_Hours,Internet_Usage_Hours,Placement_Status
10001,18,64.81,2.12,64.17,76.81,95.76,7.38,6.39,4.24,Not Placed
10002,24,71.5,3.7,72.25,75.42,96.32,6.18,5.21,5.44,Placed
10003,23,81.26,3.12,82.06,84.82,100.0,5.3,8.4,4.84,Placed
10004,21,,5.28,84.68,76.04,96.79,8.68,4.32,4.62,Placed
10005,21,74.66,5.33,76.77,66.15,93.01,6.97,6.97,3.91,Placed
10006,24,83.3,0.5,55.79,62.56,73.78,8.19,6.67,2.87,Not Placed
10007,18,73.81,5.68,43.95,75.28,100.0,9.99,4.83,5.85,Placed
10008,23,80.71,2.7,69.18,64.96,84.05,8.0,7.19,8.02,Placed
10009,19,97.11,4.23,86.57,68.76,97.4,7.6,5.97,0.5,Placed
10010,18,75.94,2.11,78.75,76.15,100.0,8.67,8.82,0.5,Placed
10011,22,92.15,4.47,75.63,70.22,100.0,8.16,8.0,2.07,Not Placed
10012,25,84.71,8.39,71.89,72.94,100.0,5.68,7.07,3.62,Placed
10013,23,60.39,4.03,76.64,55.35,90.67,8.8,3.81,3.98,Placed
10014,24,64.77,2.97,57.09,89.6,85.76,7.14,6.13,4.75,Not Placed
10015,23,68.0,3.38,83.7,50.29,91.53,9.05,6.04,4.64,Placed
10016,24,67.74,1.16,84.69,75.03,88.5,7.81,8.25,4.22,Placed
10017,22,76.92,6.41,66.67,60.23,100.0,8.63,7.01,7.04,Placed
10018,19,85.38,4.36,78.56,85.32,100.0,6.93,7.18,2.65,Placed
10019,24,93.06,1.91,46.25,82.14,87.13,5.38,8.02,6.31,Placed
10020,21,81.7,1.97,74.7,67.97,90.0,7.88,8.76,8.47,Placed
10021,22,72.65,3.83,70.0,92.88,95.73,8.37,8.55,1.56,Not Placed
10022,20,53.01,5.48,90.89,65.0,100.0,6.53,7.46,0.6,Placed
10023,19,78.85,1.73,69.02,82.11,93.51,6.96,6.47,4.87,Placed
10024,25,78.31,5.8,85.03,56.38,90.9,4.54,7.32,5.79,Not Placed
10025,24,80.2,3.64,66.13,74.48,78.69,7.01,6.76,4.57,Placed
10026,23,100.0,2.13,37.71,53.08,79.5,5.7,7.74,0.5,Placed
10027,21,92.89,2.96,68.62,68.31,100.0,7.82,6.12,1.13,Placed
10028,24,87.42,6.95,74.95,67.18,100.0,7.6,7.88,3.48,Placed
10029,22,66.46,1.3,74.26,82.06,86.33,7.22,6.86,5.33,Placed
10030,21,71.84,2.48,74.49,57.27,100.0,8.79,7.26,3.79,Placed
10031,21,76.86,5.51,64.4,100.0,100.0,7.49,5.36,4.93,Placed
10032,19,68.7,4.19,67.14,45.89,85.1,7.43,6.47,4.87,Placed
10033,18,84.01,2.38,55.1,71.73,98.32,7.59,7.34,6.36,Placed
10034,22,82.28,5.54,42.05,72.6,100.0,6.5,6.58,2.18,Not Placed
10035,25,64.94,5.62,70.4,76.61,100.0,8.39,3.98,4.68,Placed
10036,18,92.36,4.4,60.82,59.75,91.99,6.1,5.32,7.38,Not Placed
10037,24,79.23,2.7,88.2,71.87,92.73,7.71,7.21,2.92,Not Placed
10038,24,57.25,2.98,39.27,58.97,92.61,8.66,8.61,3.25,Placed
10039,20,77.38,4.31,76.37,97.97,98.2,5.97,6.52,4.67,Placed
10040,23,81.37,1.44,100.0,57.84,78.36,5.59,6.21,2.39,Not Placed
10041,19,89.67,6.19,69.26,65.63,100.0,5.95,8.06,2.17,Placed
10042,24,73.95,6.86,71.96,57.39,100.0,9.38,6.81,3.81,Placed
10043,23,87.94,3.38,78.4,55.2,92.38,6.47,7.69,4.01,Not Placed
10044,20,80.25,4.44,79.57,45.58,85.0,5.76,6.45,6.0,Placed
10045,18,62.22,5.93,65.87,78.75,90.55,7.64,6.31,2.71,Placed
10046,25,61.02,7.32,56.88,57.23,81.19,4.0,7.79,4.56,Placed
10047,21,91.47,6.6,81.79,55.25,100.0,6.05,7.61,6.97,Placed
10048,25,92.35,0.68,43.38,52.59,81.81,8.9,6.42,6.85,Placed
10049,23,81.87,3.23,84.48,72.87,88.23,6.05,5.45,4.28,Placed
10050,24,95.95,4.7,66.12,68.35,97.39,6.89,4.8,4.88,Placed
10051,24,90.68,2.91,72.05,68.42,100.0,7.55,4.96,2.69,Placed
10052,19,86.2,7.01,64.12,55.82,88.68,7.55,6.04,5.08,Not Placed
10053,20,67.06,6.73,93.46,74.96,100.0,6.56,7.18,7.56,Not Placed
10054,21,98.78,2.33,75.74,57.4,89.61,7.86,4.8,7.1,Placed
10055,21,84.44,3.51,67.17,69.12,100.0,8.94,4.88,4.46,Not Placed
10056,18,73.37,2.45,66.75,65.76,90.49,5.93,7.25,5.19,Placed
10057,22,69.98,3.45,69.78,40.98,74.58,6.62,8.68,3.03,Placed
10058,19,81.08,3.39,100.0,100.0,100.0,7.07,8.11,2.64,Placed
10059,23,57.95,5.52,52.24,77.2,93.8,8.04,4.59,3.77,Placed
10060,23,86.4,2.2,88.24,70.88,83.76,7.24,7.27,5.04,Placed
10061,25,66.56,0.2,80.52,73.41,74.14,7.05,7.95,5.94,Placed
10062,23,82.45,0.91,95.1,100.0,100.0,5.34,6.21,4.34,Placed
10063,20,71.74,1.95,81.44,86.19,90.67,5.84,6.52,5.38,Placed
10064,25,74.83,2.62,72.05,73.58,88.92,7.43,7.2,0.5,Placed
10065,21,68.92,4.14,87.3,56.67,100.0,6.58,7.39,4.84,Not Placed
10066,20,76.07,1.86,75.45,59.19,90.67,6.79,7.25,3.26,Not Placed
10067,25,100.0,1.62,83.32,39.15,86.8,7.13,7.67,2.0,Placed
10068,20,94.62,2.13,93.42,62.11,100.0,10.0,7.06,5.41,Placed
10069,18,82.25,1.79,73.39,78.59,80.13,6.6,6.05,7.39,Not Placed
10070,21,77.7,2.8,65.63,78.14,100.0,8.86,6.26,4.47,Placed
10071,24,88.13,2.72,62.34,77.86,88.9,8.78,5.86,6.26,Placed
10072,19,91.56,5.04,78.76,59.75,94.12,8.16,6.25,3.66,Placed
10073,21,68.04,2.02,58.83,76.82,81.12,6.18,7.47,8.61,Placed
10074,19,77.07,3.16,66.75,81.19,100.0,7.36,5.87,1.35,Placed
10075,23,56.14,2.82,57.49,32.37,63.59,6.73,8.08,4.3,Placed
10076,21,91.48,5.26,79.63,72.87,100.0,9.62,5.61,6.0,Placed
10077,20,100.0,3.52,60.72,100.0,100.0,7.69,7.04,4.44,Placed
10078,19,78.96,5.69,52.7,63.34,95.27,6.94,7.8,7.25,Not Placed
10079,22,52.5,1.73,55.34,27.65,88.26,9.34,7.34,0.5,Placed
10080,23,85.31,3.71,63.43,55.0,80.67,6.78,4.58,4.28,Placed
10081,25,67.15,2.76,64.8,38.97,80.39,7.86,6.96,4.0,Placed
10082,21,70.04,1.59,75.77,57.85,81.16,8.04,5.91,4.28,Placed
10083,19,85.52,3.68,69.58,48.41,100.0,7.62,5.21,1.33,Placed
10084,24,81.05,6.92,77.55,82.89,100.0,7.07,7.07,3.92,Placed
10085,23,72.14,2.26,78.76,80.46,87.76,8.21,5.3,3.82,Placed
10086,23,70.2,3.57,83.11,73.49,94.92,6.44,7.09,4.99,Placed
10087,18,79.51,1.44,43.38,87.62,99.81,8.54,8.55,6.7,Placed
10088,20,73.09,1.17,55.09,58.95,66.8,6.86,7.16,4.72,Not Placed
10089,24,64.69,2.38,80.32,69.18,100.0,8.81,6.52,5.34,Placed
10090,24,74.01,2.99,75.17,100.0,100.0,8.46,6.61,7.02,Placed
10091,21,82.08,3.07,86.65,77.36,96.85,7.86,7.9,6.88,Not Placed
10092,24,75.86,3.39,48.84,77.32,100.0,7.09,6.43,0.5,Not Placed
10093,24,61.04,0.83,64.87,55.72,87.91,8.52,6.24,6.09,Placed
10094,21,89.87,2.67,67.55,61.33,80.59,7.89,5.68,6.08,Placed
10095,25,45.13,4.7,74.5,51.95,77.32,4.0,5.73,3.98,Placed
10096,20,72.64,1.36,72.54,94.89,95.89,6.22,7.87,3.58,Not Placed
10097,19,70.56,3.16,79.04,43.07,71.47,7.4,6.22,2.24,Placed
10098,23,79.78,4.33,70.28,82.63,100.0,7.54,7.47,0.62,Placed
10099,23,84.74,2.39,92.59,77.3,97.71,8.05,7.56,6.2,Placed
10100,19,91.52,4.41,97.37,42.35,100.0,9.06,5.65,6.03,Placed
10101,24,69.45,1.06,55.23,86.28,81.48,7.9,5.85,4.3,Not Placed
10102,19,85.04,5.4,72.68,63.86,89.53,4.7,7.49,5.92,Placed
10103,24,80.35,4.46,83.97,46.87,88.49,7.44,6.97,6.55,Placed
10104,18,57.46,3.9,80.78,73.83,97.38,8.66,6.59,0.91,Placed
10105,24,100.0,5.82,65.88,54.84,84.85,7.33,7.35,5.0,Placed
10106,24,60.73,3.21,75.82,64.72,98.7,7.44,8.01,4.01,Placed
10107,24,83.03,2.69,48.25,59.91,89.46,6.61,6.75,5.36,Placed
10108,23,82.68,6.27,71.71,53.93,100.0,8.34,6.12,4.87,Placed
10109,21,81.31,7.11,50.1,48.99,94.53,6.78,6.94,6.04,Not Placed
10110,23,72.07,2.55,79.62,80.75,93.05,7.91,5.83,1.33,Placed
10111,20,87.93,3.6,55.26,73.2,100.0,7.71,6.97,7.13,Placed
10112,24,59.28,5.68,74.45,72.17,100.0,7.27,6.8,3.45,Placed
10113,22,77.21,3.66,76.79,62.17,94.35,7.78,5.82,4.23,Not Placed
10114,21,71.23,4.87,73.14,68.82,100.0,7.44,6.31,0.98,Not Placed
10115,22,69.87,5.2,62.52,56.22,87.92,8.73,6.41,4.29,Not Placed
10116,22,83.14,2.79,68.84,55.95,78.53,8.01,7.68,4.46,Not Placed
10117,18,90.93,4.55,89.72,95.36,100.0,8.45,5.75,4.34,Placed
10118,19,73.88,3.79,65.63,82.15,90.52,6.28,5.83,3.03,Not Placed
10119,19,87.37,1.61,72.32,59.02,76.15,6.21,6.35,2.06,Placed
10120,18,78.6,2.02,63.65,44.06,81.49,7.28,7.48,5.78,Placed
10121,21,67.29,2.63,87.31,40.78,93.54,8.1,7.67,1.03,Placed
10122,23,74.9,5.47,73.17,57.85,100.0,7.84,7.11,6.11,Placed
10123,23,74.41,5.53,60.54,69.72,83.45,6.3,7.66,7.89,Placed
10124,21,69.64,5.15,72.11,69.89,95.74,8.14,8.19,8.93,Placed
10125,24,83.14,4.59,68.38,70.37,98.19,6.45,6.99,2.33,Placed
10126,22,80.82,4.54,92.89,73.35,100.0,8.01,5.84,5.68,Not Placed
10127,18,58.91,4.3,71.33,51.39,95.23,7.54,6.71,3.37,Placed
10128,24,58.18,4.53,51.26,92.12,86.19,6.93,5.17,6.95,Placed
10129,22,83.1,4.66,79.48,64.84,99.0,6.56,7.27,5.29,Placed
10130,23,68.22,1.27,98.79,72.72,87.69,7.36,6.21,3.92,Not Placed
10131,22,81.62,2.38,89.95,57.5,90.04,7.3,6.93,2.68,Placed
10132,22,87.37,1.95,55.46,72.98,81.47,5.94,6.7,3.76,Placed
10133,18,62.75,5.79,67.97,100.0,100.0,7.92,6.34,3.15,Placed
10134,22,61.06,6.78,71.54,52.17,100.0,8.59,7.07,4.45,Not Placed
10135,24,98.09,0.2,71.72,50.15,92.39,8.23,6.65,4.55,Placed
10136,20,82.22,6.62,77.71,54.17,99.05,7.58,6.04,3.39,Not Placed
10137,22,72.97,3.96,66.84,62.67,89.24,6.66,5.48,3.21,Placed
10138,18,66.79,5.62,58.27,59.66,89.38,7.35,7.23,5.75,Not Placed
10139,20,71.87,4.71,86.28,51.35,83.45,7.04,5.35,5.9,Placed
10140,21,63.71,6.39,55.15,67.21,91.97,7.35,8.95,2.87,Not Placed
10141,25,88.6,4.18,59.97,92.98,100.0,8.32,8.34,4.39,Not Placed
10142,19,68.68,1.35,55.05,65.6,73.88,7.07,4.89,2.77,Not Placed
10143,20,91.12,3.61,81.18,66.46,89.62,5.0,7.55,9.72,Placed
10144,21,73.19,4.73,73.6,73.49,100.0,8.16,8.17,2.62,Placed
10145,25,65.48,3.41,85.25,78.36,88.0,7.68,6.1,5.01,Placed
10146,24,72.88,4.98,60.22,89.97,100.0,7.38,7.22,5.39,Placed
10147,18,46.51,3.68,53.2,71.84,81.78,5.79,6.65,3.17,Not Placed
10148,19,76.55,2.73,65.34,67.96,87.15,6.2,7.62,2.78,Placed
10149,24,75.96,1.85,69.26,52.14,75.86,6.34,6.26,3.94,Placed
10150,18,87.9,3.09,75.14,79.84,97.63,6.5,8.02,2.77,Placed
10151,24,55.36,4.17,46.76,54.49,82.0,6.61,6.63,4.88,Not Placed
10152,20,91.94,0.27,79.18,53.99,72.72,5.78,6.42,2.8,Placed
10153,25,87.85,2.4,58.59,71.09,100.0,9.78,7.58,4.79,Placed
10154,20,93.02,0.21,62.29,92.66,100.0,9.0,7.88,0.5,Not Placed
10155,21,77.37,2.69,89.61,79.62,79.54,7.53,4.0,2.89,Placed
10156,23,90.17,5.96,39.25,67.4,90.74,7.16,3.32,3.66,Placed
10157,19,60.35,1.66,76.84,52.29,100.0,9.39,7.21,6.5,Placed
10158,22,86.56,5.07,76.78,92.35,100.0,9.15,6.01,0.8,Placed
10159,22,68.75,8.93,59.72,67.09,92.47,6.31,5.21,6.53,Placed
10160,24,58.18,6.42,65.29,63.36,99.12,7.5,6.35,5.82,Placed
10161,25,64.51,4.04,90.32,76.88,88.97,6.98,10.0,0.93,Placed
10162,23,78.07,5.35,100.0,60.83,99.85,6.88,5.2,5.58,Not Placed
10163,21,68.11,1.33,87.97,55.95,82.71,7.0,7.86,2.64,Placed
10164,21,82.51,0.97,100.0,57.49,86.74,7.1,5.89,5.64,Placed
10165,21,56.3,3.85,61.63,57.44,73.19,7.45,5.06,5.76,Not Placed
10166,24,52.47,4.52,48.3,49.96,76.93,7.46,6.07,6.09,Placed
10167,20,94.47,5.77,71.21,48.18,84.79,8.93,5.09,3.36,Placed
10168,19,88.85,2.78,84.07,83.55,88.11,6.23,4.92,5.86,Not Placed
10169,20,65.41,4.15,44.18,78.7,91.74,8.36,5.93,7.58,Not Placed
10170,18,77.96,4.09,58.1,54.84,89.72,5.91,5.49,3.92,Placed
10171,18,90.23,3.56,59.77,82.21,100.0,7.48,6.62,4.17,Placed
10172,18,83.03,3.67,77.35,72.95,95.25,8.45,7.0,5.92,Placed
10173,24,79.78,2.26,75.41,62.82,97.11,7.88,5.85,0.5,Not Placed
10174,23,91.14,4.3,60.37,48.39,88.73,6.82,7.56,2.54,Placed
10175,23,69.23,4.15,74.7,73.46,91.87,7.54,6.0,6.51,Placed
10176,21,78.37,3.01,54.83,97.85,100.0,9.18,6.62,4.81,Placed
10177,23,77.79,5.0,65.6,68.23,89.41,6.49,4.2,4.07,Not Placed
10178,19,74.73,5.65,53.03,83.98,100.0,7.88,6.9,2.62,Not Placed
10179,25,73.32,5.02,69.75,64.61,100.0,8.36,9.5,4.55,Not Placed
10180,22,78.87,1.92,59.99,82.75,82.2,6.73,7.75,3.44,Not Placed
10181,25,78.41,3.98,82.36,65.6,100.0,9.28,6.59,1.01,Placed
10182,19,65.42,2.16,71.61,29.51,74.19,9.69,5.41,7.11,Placed
10183,21,87.62,3.97,68.6,56.45,98.46,8.51,8.76,3.11,Placed
10184,23,66.28,2.17,98.52,70.12,100.0,8.52,6.61,3.96,Placed
10185,21,75.38,6.1,77.75,85.32,98.02,5.13,5.99,0.93,Placed
10186,21,74.46,5.21,66.48,65.54,92.75,5.61,6.02,3.43,Not Placed
10187,19,82.3,5.88,63.24,68.48,98.77,7.1,9.29,6.51,Placed
10188,21,52.57,5.69,54.28,58.6,85.23,6.41,6.66,6.36,Placed
10189,19,88.69,3.31,71.01,92.97,100.0,7.95,7.34,4.55,Placed
10190,20,69.88,3.03,76.61,92.01,91.11,4.0,6.56,3.25,Placed
10191,23,92.64,6.94,43.28,57.18,90.97,7.94,6.72,4.55,Placed
10192,23,72.26,3.5,51.54,43.74,73.01,6.99,6.29,5.51,Placed
10193,22,77.41,1.36,64.26,39.08,79.14,6.55,8.51,1.51,Placed
10194,20,100.0,5.61,55.53,77.65,100.0,9.49,6.85,5.0,Placed
10195,25,74.67,4.06,72.65,70.16,91.39,6.83,5.11,6.03,Placed
10196,18,92.87,6.51,74.73,55.49,98.44,5.26,7.27,4.38,Placed
10197,20,78.47,4.24,70.17,72.35,89.59,7.75,6.66,4.46,Placed
10198,18,82.99,3.76,80.25,48.31,92.16,7.66,7.26,3.05,Not Placed
10199,20,78.84,6.55,63.23,80.72,100.0,6.99,6.4,5.09,Not Placed
10200,25,88.17,1.03,71.31,61.88,93.92,10.0,6.15,7.72,Placed
10201,20,69.77,2.75,56.95,50.7,73.61,7.45,7.87,7.31,Placed
10202,25,66.19,2.2,76.27,62.13,88.42,8.42,9.03,3.35,Placed
10203,21,70.34,,73.14,61.58,78.45,7.59,4.57,3.75,Not Placed
10204,23,79.2,5.37,54.02,73.84,100.0,8.72,6.9,7.23,Placed
10205,21,75.35,2.8,69.67,86.66,100.0,6.8,6.15,5.69,Placed
10206,20,86.52,5.43,71.43,85.83,90.3,5.92,5.71,5.65,Placed
10207,24,93.66,4.5,76.22,70.55,100.0,8.12,4.21,0.88,Placed
10208,25,66.29,4.89,76.77,65.0,88.21,7.56,7.23,6.33,Not Placed
10209,20,69.19,2.98,61.18,58.9,88.27,8.15,6.22,3.94,Placed
10210,24,60.77,2.42,83.45,39.71,73.78,6.46,6.15,4.97,Placed
10211,20,100.0,3.96,79.85,67.69,100.0,7.78,8.24,3.09,Not Placed
10212,23,81.66,5.45,61.13,54.38,68.67,5.29,6.27,7.8,Placed
10213,24,83.76,3.71,54.86,87.49,92.95,6.62,6.22,2.55,Placed
10214,21,61.92,2.54,62.28,64.79,76.28,6.35,5.2,8.41,Not Placed
10215,23,77.99,1.64,49.93,79.95,88.71,7.8,5.71,4.56,Not Placed
10216,20,84.11,4.17,75.12,60.28,96.94,6.62,8.56,4.17,Placed
10217,18,74.97,2.8,89.75,57.19,87.54,5.55,7.53,2.73,Placed
10218,18,90.91,3.67,93.32,77.68,100.0,6.52,8.35,3.45,Placed
10219,21,100.0,3.37,55.66,72.44,100.0,7.92,5.79,4.09,Not Placed
10220,25,66.64,3.0,83.8,73.16,92.4,7.36,7.23,4.77,Placed
10221,19,65.73,4.33,73.27,66.5,86.19,6.31,8.06,5.58,Placed
10222,21,67.47,4.8,36.06,80.63,97.64,8.21,7.5,4.08,Not Placed
10223,23,97.27,7.34,67.01,78.32,100.0,9.08,8.7,5.58,Placed
10224,19,90.51,5.16,65.34,33.17,92.65,8.29,7.28,6.87,Placed
10225,23,76.37,6.67,90.16,63.88,84.17,4.43,6.8,6.62,Placed
10226,20,78.44,2.33,58.94,84.24,94.86,7.48,3.97,5.75,Placed
10227,24,68.2,0.92,80.45,51.69,82.2,7.03,7.3,5.5,Not Placed
10228,22,88.68,3.77,70.39,40.92,93.05,4.76,7.52,2.38,Not Placed
10229,22,73.44,5.34,50.31,65.78,82.45,5.65,8.18,4.92,Placed
10230,19,74.88,5.06,63.72,76.33,100.0,8.16,5.85,2.33,Placed
10231,21,85.31,5.98,94.97,60.63,100.0,7.42,6.76,6.53,Placed
10232,24,75.74,0.2,69.4,88.69,83.89,7.3,4.89,5.08,Not Placed
10233,18,75.18,6.06,85.59,97.5,97.1,6.42,4.86,6.76,Placed
10234,24,78.13,4.4,84.77,37.2,95.59,8.5,7.42,6.85,Placed
10235,21,87.54,1.02,65.28,61.86,76.51,5.72,8.32,5.38,Not Placed
10236,23,97.76,5.1,52.75,31.49,86.47,6.13,8.36,3.15,Placed
10237,23,85.03,4.11,54.72,78.58,98.22,6.82,7.33,0.5,Placed
10238,21,87.64,4.49,93.78,57.12,86.45,5.37,9.26,5.59,Placed
10239,20,75.6,5.6,74.28,60.39,89.47,6.14,6.33,4.16,Placed
10240,23,69.51,4.57,45.99,86.37,96.61,8.47,7.88,6.1,Placed
10241,19,85.85,1.15,84.51,46.75,77.37,6.19,5.22,5.9,Not Placed
10242,22,80.05,3.54,45.2,42.73,82.59,8.14,3.03,5.7,Placed
10243,18,60.93,0.89,59.61,31.56,73.18,7.96,6.22,4.99,Placed
10244,23,74.06,4.97,73.22,88.33,100.0,7.0,6.66,1.18,Not Placed
10245,23,77.01,6.32,100.0,84.61,100.0,5.5,7.08,7.03,Placed
10246,18,71.87,1.57,84.24,63.3,100.0,7.28,6.58,1.99,Placed
10247,24,95.78,2.59,64.76,47.6,80.73,4.67,7.23,3.21,Not Placed
10248,21,83.76,2.21,72.42,81.35,85.17,6.57,8.89,3.84,Placed
10249,24,94.48,2.98,85.8,100.0,100.0,7.49,7.69,4.54,Placed
10250,18,81.16,4.54,93.33,64.23,100.0,8.24,5.88,3.86,Placed
10251,19,78.98,3.0,68.29,48.75,72.63,7.02,3.78,3.39,Not Placed
10252,21,66.76,4.97,68.72,87.87,97.58,6.47,5.51,6.11,Placed
10253,19,78.14,5.72,59.55,49.88,100.0,6.37,8.41,1.84,Not Placed
10254,20,78.16,5.78,81.98,62.13,89.24,6.64,6.2,3.67,Not Placed
10255,23,61.59,1.79,87.39,25.78,94.03,7.95,7.61,0.5,Not Placed
10256,19,71.53,6.29,42.92,63.15,100.0,7.62,7.57,2.44,Placed
10257,23,74.12,6.44,66.05,47.55,94.49,7.17,6.73,1.37,Placed
10258,18,82.96,6.59,53.8,88.14,93.84,7.96,6.7,5.97,Placed
10259,19,83.54,3.52,74.26,52.38,93.28,7.2,6.0,4.87,Placed
10260,22,71.02,2.45,53.43,80.48,85.74,5.6,9.47,2.88,Placed
10261,24,83.63,2.03,52.2,66.32,80.51,5.87,5.65,0.5,Placed
10262,19,75.82,1.82,88.85,70.01,100.0,7.92,8.15,1.45,Not Placed
10263,20,43.56,3.82,69.52,76.36,85.42,5.55,7.8,2.3,Not Placed
10264,25,72.18,5.33,71.1,67.14,85.49,6.74,7.54,3.78,Placed
10265,25,90.95,6.15,78.48,57.64,99.25,7.06,6.66,6.02,Placed
10266,22,57.82,2.93,86.56,55.01,84.32,5.96,5.02,1.62,Not Placed
10267,21,79.35,3.73,65.72,76.14,91.0,5.2,5.42,1.8,Not Placed
10268,20,97.02,3.61,66.06,37.57,92.36,5.79,5.87,1.15,Placed
10269,22,68.87,2.66,66.12,94.85,73.29,5.03,7.24,4.51,Not Placed
10270,22,78.03,5.12,88.22,70.11,100.0,7.93,7.87,0.5,Not Placed
10271,20,62.35,4.45,70.98,62.6,93.57,7.68,7.18,0.97,Placed
10272,18,97.53,4.06,67.63,72.26,96.21,6.29,7.11,5.44,Not Placed
10273,19,77.0,4.44,77.86,58.49,92.77,5.56,8.05,7.55,Placed
10274,25,78.56,4.91,99.47,65.15,99.24,8.6,4.29,4.63,Placed
10275,21,94.25,4.89,73.11,49.89,92.36,7.73,4.15,3.87,Placed
10276,21,85.94,2.29,67.96,74.0,87.12,6.45,4.94,8.86,Placed
10277,21,67.49,5.41,100.0,66.74,100.0,8.62,7.91,3.46,Placed
10278,24,70.23,4.26,91.95,71.0,99.5,7.37,4.39,3.46,Placed
10279,18,83.94,-3.0,89.77,91.73,97.81,7.58,6.79,3.43,Placed
10280,18,70.51,4.22,64.49,55.13,88.35,5.95,5.71,7.5,Placed
10281,20,52.59,4.42,63.0,65.94,85.69,5.38,6.99,5.58,Placed
10282,21,77.36,5.75,44.49,41.58,72.8,5.32,6.63,5.56,Not Placed
10283,23,60.24,1.92,86.47,76.8,100.0,9.7,7.1,5.15,Placed
10284,21,97.4,6.18,73.15,67.72,100.0,6.21,6.32,3.59,Placed
10285,21,80.12,3.84,44.99,68.28,84.31,7.28,7.65,3.85,Placed
10286,25,67.14,2.89,90.03,65.48,100.0,7.75,8.56,2.57,Placed
10287,19,69.62,2.83,66.94,58.75,93.08,7.18,8.32,3.71,Placed
10288,22,55.33,2.0,68.79,100.0,79.48,7.01,6.37,5.07,Not Placed
10289,22,64.81,0.67,49.31,68.61,58.71,6.99,5.76,4.11,Not Placed
10290,21,90.2,5.02,79.38,72.74,100.0,7.78,7.03,6.12,Placed
10291,24,100.0,7.37,79.53,49.77,97.67,5.95,9.17,5.03,Not Placed
10292,20,86.72,0.89,71.28,82.16,92.68,6.67,6.74,4.88,Not Placed
10293,25,76.9,2.09,65.73,66.02,73.61,4.44,7.81,2.76,Not Placed
10294,20,72.82,5.15,100.0,75.13,94.45,4.96,7.74,2.05,Placed
10295,22,66.52,3.72,53.95,82.44,100.0,5.64,7.73,2.25,Not Placed
10296,22,100.0,5.3,61.18,66.34,100.0,8.22,8.33,6.68,Placed
10297,24,75.74,3.62,82.62,57.17,80.89,6.87,5.22,1.05,Placed
10298,21,100.0,2.75,56.78,30.76,92.82,8.04,5.64,4.88,Placed
10299,20,94.72,3.39,55.68,61.81,100.0,7.66,6.86,4.88,Not Placed
10300,18,57.11,0.2,88.97,57.08,82.43,7.51,8.28,3.13,Placed
10301,20,70.01,1.74,81.08,49.71,77.41,6.07,8.27,4.43,Placed
10302,24,69.97,5.51,79.26,91.25,92.2,7.29,6.74,4.84,Placed
10303,18,77.04,5.95,74.73,83.72,100.0,7.51,8.0,2.19,Placed
10304,25,77.28,6.33,61.62,38.72,100.0,9.84,6.29,2.92,Placed
10305,22,100.0,4.59,68.21,70.46,94.73,6.78,5.81,4.23,Placed
10306,19,65.07,0.2,70.81,54.92,76.03,8.08,5.21,4.29,Placed
10307,20,80.75,2.66,84.69,73.87,99.24,7.05,6.64,1.66,Placed
10308,22,85.4,6.18,78.39,55.21,100.0,6.36,6.38,4.51,Placed
10309,20,77.98,6.72,58.08,59.38,98.94,8.24,8.0,4.58,Placed
10310,18,79.32,6.25,83.84,83.41,100.0,9.47,7.48,6.33,Placed
10311,23,65.46,3.37,46.82,81.11,89.37,7.51,6.87,4.29,Placed
10312,23,79.28,1.45,67.19,92.15,88.71,6.38,6.87,3.53,Placed
10313,18,84.14,3.73,54.87,64.53,100.0,7.76,6.3,5.87,Placed
10314,20,81.93,3.83,59.14,44.71,81.48,7.54,4.67,6.56,Not Placed
10315,19,84.84,6.62,100.0,82.74,100.0,9.86,5.38,1.56,Placed
10316,23,94.95,4.21,49.94,82.83,100.0,8.09,7.74,3.28,Not Placed
10317,23,89.24,3.83,59.71,78.05,100.0,6.08,6.63,0.5,Placed
10318,23,78.86,3.93,79.66,56.1,97.36,8.73,5.23,2.4,Placed
10319,25,63.94,4.52,64.95,50.87,87.28,8.13,8.44,7.29,Placed
10320,24,70.8,4.93,74.33,76.58,100.0,8.32,8.84,2.17,Placed
10321,20,75.36,2.5,93.44,53.82,93.83,7.73,8.25,5.25,Placed
10322,18,81.03,1.9,81.82,63.07,83.33,8.41,7.31,5.14,Placed
10323,22,72.26,6.27,64.97,100.0,100.0,7.73,7.14,3.15,Placed
10324,25,66.77,0.85,69.99,100.0,87.21,6.89,6.77,3.41,Not Placed
10325,25,63.74,6.75,79.96,80.68,100.0,7.36,7.0,7.1,Placed
10326,19,58.19,0.36,81.52,57.4,79.51,7.06,7.55,6.2,Not Placed
10327,19,75.18,2.75,72.31,56.44,77.9,7.61,7.65,8.79,Placed
10328,18,60.36,5.55,77.41,79.45,100.0,7.3,7.34,0.5,Placed
10329,19,65.99,3.8,77.42,91.95,95.89,6.82,3.0,5.39,Placed
10330,22,73.27,1.43,70.62,59.81,85.41,6.98,8.18,0.5,Placed
10331,22,61.97,4.57,62.92,60.69,92.35,7.2,7.04,4.23,Not Placed
10332,20,82.56,3.92,83.14,69.4,87.29,5.06,5.17,3.87,Not Placed
10333,20,86.88,3.41,76.38,45.78,96.33,8.43,7.04,2.02,Placed
10334,24,71.41,2.68,40.79,46.27,75.5,7.62,7.16,3.1,Placed
10335,21,72.76,3.74,59.61,49.18,81.28,6.47,4.92,3.71,Not Placed
10336,24,84.45,2.75,64.79,76.74,97.45,7.91,6.03,5.18,Placed
10337,25,69.43,8.18,68.98,72.35,98.21,6.59,5.47,2.01,Placed
10338,20,68.61,3.37,90.06,86.19,99.02,6.59,5.63,2.83,Not Placed
10339,19,92.36,3.13,100.0,40.2,81.11,7.65,7.48,5.34,Placed
10340,25,88.61,2.83,35.12,43.73,92.68,8.92,6.05,5.74,Not Placed
10341,23,85.22,7.0,76.57,75.29,96.84,7.54,6.91,9.56,Placed
10342,20,89.11,0.85,73.04,54.05,68.81,6.27,7.69,4.64,Placed
10343,22,54.27,4.45,69.29,55.21,80.38,6.78,6.28,5.57,Placed
10344,22,94.25,3.37,80.14,84.2,100.0,8.22,7.73,3.85,Placed
10345,25,82.7,1.24,74.25,59.15,84.96,7.69,8.43,7.11,Placed
10346,20,90.13,2.33,66.58,61.03,100.0,8.35,7.82,2.44,Not Placed
10347,25,82.65,4.37,72.44,64.0,96.98,7.67,7.52,4.17,Placed
10348,25,78.59,2.24,80.35,64.97,93.6,8.12,7.83,4.8,Placed
10349,19,74.7,4.27,78.92,78.96,100.0,9.62,7.27,5.28,Not Placed
10350,19,82.41,6.91,74.83,48.64,100.0,5.58,7.82,6.17,Not Placed
10351,22,74.26,4.11,63.25,64.99,98.81,10.0,5.39,3.89,Placed
10352,18,88.41,1.18,100.0,86.6,100.0,8.32,6.71,6.09,Placed
10353,20,58.96,2.28,77.39,100.0,100.0,10.0,7.27,1.47,Placed
10354,21,71.5,3.29,83.44,46.29,74.2,6.02,6.71,4.8,Placed
10355,25,100.0,3.17,64.38,73.3,100.0,7.66,9.8,0.53,Not Placed
10356,25,70.49,4.07,74.84,64.96,89.96,7.39,6.57,3.85,Placed
10357,19,75.14,4.36,74.72,66.42,94.31,8.26,4.66,9.3,Not Placed
10358,25,67.41,6.91,43.32,55.37,83.06,7.76,6.87,4.83,Placed
10359,18,82.03,3.79,61.25,80.09,99.51,7.63,7.79,3.35,Not Placed
10360,23,69.16,1.73,60.97,79.27,100.0,8.13,5.75,5.33,Placed
10361,24,75.77,5.88,62.99,100.0,100.0,7.07,6.76,4.21,Placed
10362,25,88.19,6.07,55.95,46.86,98.75,6.58,6.71,2.05,Placed
10363,19,69.61,4.22,72.66,40.03,92.41,7.74,6.73,0.61,Placed
10364,25,87.46,3.36,92.96,100.0,100.0,6.58,6.08,4.28,Not Placed
10365,18,87.87,4.92,73.96,67.17,100.0,7.05,8.12,3.91,Placed
10366,22,90.66,3.42,54.28,60.69,83.85,5.47,9.4,3.79,Placed
10367,21,79.69,0.2,56.54,71.01,79.39,7.27,5.79,5.99,Not Placed
10368,20,100.0,4.81,66.34,45.68,87.82,6.09,5.23,7.08,Placed
10369,18,90.65,5.41,50.77,74.01,100.0,7.16,6.27,5.79,Not Placed
10370,24,81.9,6.39,76.57,66.72,98.37,5.9,8.49,3.67,Not Placed
10371,20,67.49,2.48,92.3,85.18,100.0,7.18,6.49,4.61,Placed
10372,23,76.84,4.21,63.36,81.71,88.24,8.28,7.24,6.57,Not Placed
10373,21,95.12,4.25,73.14,83.05,94.03,6.48,5.71,6.12,Not Placed
10374,20,98.51,3.95,65.57,71.05,100.0,6.08,8.94,5.52,Placed
10375,25,95.74,4.01,62.56,93.67,100.0,8.14,6.45,3.4,Placed
10376,18,87.42,3.87,74.84,77.22,100.0,8.3,7.1,6.57,Placed
10377,23,62.93,4.18,62.05,59.47,80.23,7.71,5.84,7.19,Placed
10378,23,83.85,5.13,59.87,55.05,78.83,6.64,5.73,6.14,Placed
10379,21,63.1,6.0,47.71,56.86,78.76,6.44,6.8,10.39,Placed
10380,20,60.15,2.44,72.97,77.42,92.31,6.8,6.92,6.0,Not Placed
10381,18,80.87,3.49,88.01,46.69,86.26,7.13,7.84,6.79,Placed
10382,25,84.28,3.04,82.61,70.48,83.9,5.13,4.77,5.78,Placed
10383,25,88.84,2.78,94.38,54.67,84.94,6.02,5.66,4.24,Not Placed
10384,19,83.97,0.89,61.88,47.95,90.97,8.7,5.98,2.15,Not Placed
10385,18,84.38,3.84,84.76,50.53,84.73,7.45,6.94,2.96,Placed
10386,18,66.18,4.66,55.46,67.62,95.98,8.67,5.44,2.98,Placed
10387,18,76.74,3.52,82.64,80.22,100.0,8.42,6.69,2.08,Not Placed
10388,24,59.91,3.78,96.66,57.19,84.38,6.83,6.03,3.93,Not Placed
10389,25,53.96,4.55,79.48,34.78,91.01,6.84,6.64,4.51,Placed
10390,19,86.89,6.34,96.93,100.0,100.0,8.36,5.87,6.88,Placed
10391,23,68.96,3.04,63.02,85.88,100.0,8.11,5.59,2.09,Not Placed
10392,19,88.47,1.69,69.99,82.92,100.0,8.38,7.14,6.28,Not Placed
10393,20,91.3,3.64,58.26,94.05,99.55,7.18,8.14,5.04,Not Placed
10394,22,70.57,7.19,72.52,69.48,100.0,7.37,7.78,5.25,Placed
10395,23,85.08,1.71,76.05,65.84,93.37,6.89,8.14,4.31,Placed
10396,24,70.07,4.97,72.39,89.69,95.69,7.14,8.28,8.68,Placed
10397,18,55.85,5.88,64.89,89.58,100.0,6.38,6.61,2.93,Placed
10398,19,79.48,0.2,64.64,77.84,85.18,7.11,9.05,3.38,Not Placed
10399,20,72.35,4.54,77.18,82.12,97.84,7.01,7.71,4.74,Placed
10400,20,72.72,4.89,69.61,48.18,94.33,6.65,5.66,5.29,Not Placed
10401,25,100.0,3.32,54.72,63.88,99.09,8.15,6.0,4.95,Placed
10402,24,59.69,2.64,43.54,95.26,90.31,5.51,6.98,4.4,Placed
10403,20,82.59,2.74,63.07,80.87,78.68,7.6,7.86,5.55,Placed
10404,25,66.06,3.21,51.27,44.61,76.41,6.09,6.53,5.7,Not Placed
10405,21,88.9,3.26,59.47,59.5,95.4,6.18,5.63,4.42,Not Placed
10406,22,81.58,2.92,65.65,92.66,84.91,6.29,7.75,8.17,Not Placed
10407,21,82.55,3.18,69.81,75.28,96.33,7.77,5.46,5.38,Not Placed
10408,19,66.66,5.94,62.01,70.91,85.99,4.49,7.16,3.95,Placed
10409,25,68.81,1.61,100.0,71.39,96.62,7.4,6.85,6.99,Placed
10410,18,89.13,0.65,53.08,66.66,80.84,7.25,5.19,0.5,Not Placed
10411,19,99.25,5.97,90.14,59.61,100.0,6.04,8.93,2.25,Placed
10412,19,83.76,3.45,69.56,54.66,89.66,7.42,6.82,4.09,Placed
10413,20,67.23,3.1,62.14,84.17,100.0,5.74,5.38,2.14,Not Placed
10414,19,82.07,3.6,80.81,71.8,98.74,7.15,6.86,6.11,Not Placed
10415,18,100.0,4.18,65.21,79.31,100.0,5.7,4.72,6.04,Placed
10416,23,79.23,2.86,59.9,76.75,100.0,9.66,7.23,7.76,Placed
10417,25,95.54,4.71,98.85,90.54,100.0,8.23,7.83,3.34,Placed
10418,18,69.12,2.07,39.08,75.27,87.48,7.5,10.0,5.63,Placed
10419,20,77.49,3.26,68.33,81.18,92.04,6.05,6.92,7.06,Placed
10420,22,85.43,0.2,74.85,70.68,68.01,6.87,6.01,4.83,Not Placed
10421,25,82.77,5.91,93.12,52.84,100.0,6.92,7.05,6.47,Placed
10422,23,68.8,3.48,66.02,64.39,94.18,7.49,8.53,4.3,Not Placed
10423,24,68.29,5.01,100.0,77.44,100.0,7.68,7.4,7.13,Placed
10424,22,89.86,4.66,83.39,78.84,100.0,7.47,7.8,2.98,Placed
10425,21,92.3,4.79,36.49,91.22,95.98,7.61,7.71,1.4,Placed
10426,19,96.15,3.79,50.19,60.64,92.89,7.0,7.41,3.74,Placed
10427,24,99.65,4.5,75.55,71.62,100.0,7.61,5.12,4.32,Placed
10428,24,79.62,2.07,54.84,65.93,71.14,6.43,5.05,5.38,Not Placed
10429,18,74.27,1.69,80.22,93.99,98.49,5.92,4.9,5.4,Placed
10430,23,94.21,3.62,65.19,74.02,100.0,9.42,5.36,3.08,Placed
10431,18,86.56,2.58,54.06,74.33,90.13,7.7,5.5,2.5,Placed
10432,23,66.21,6.37,57.53,67.43,100.0,9.37,9.03,7.75,Placed
10433,24,65.6,4.48,84.78,64.4,93.12,6.87,5.95,4.22,Not Placed
10434,19,83.9,2.51,41.66,44.82,88.88,10.0,6.92,3.55,Placed
10435,21,75.87,3.31,87.68,47.82,86.52,7.3,6.51,5.14,Placed
10436,18,77.68,4.04,88.12,70.86,97.7,8.58,7.03,2.56,Placed
10437,22,90.87,3.68,67.03,68.87,99.91,7.24,6.88,3.07,Placed
10438,25,87.11,4.29,50.93,70.95,87.65,7.4,5.29,6.08,Not Placed
10439,18,93.96,3.92,80.34,83.06,100.0,7.06,7.52,2.47,Not Placed
10440,21,54.82,1.3,64.7,69.49,76.92,6.61,5.98,1.84,Placed
10441,25,81.04,0.2,49.27,62.43,74.15,8.38,5.94,3.79,Placed
10442,20,86.34,3.13,100.0,64.64,93.01,7.19,6.43,5.02,Placed
10443,19,59.68,4.81,58.73,71.9,97.62,8.2,7.77,7.25,Placed
10444,21,70.14,3.15,49.92,61.92,85.18,8.28,6.05,5.18,Not Placed
10445,22,67.91,6.03,76.28,85.03,100.0,8.9,6.91,5.53,Placed
10446,23,78.26,3.72,70.98,67.82,100.0,7.71,7.28,2.45,Placed
10447,20,97.53,6.24,94.29,72.03,94.44,5.39,7.11,4.87,Placed
10448,25,100.0,5.87,66.29,54.93,100.0,6.82,7.04,2.26,Not Placed
10449,22,68.23,5.69,66.45,85.04,100.0,7.17,5.12,6.33,Placed
10450,20,84.32,1.63,77.03,91.02,100.0,12.0,6.95,4.73,Placed
10451,25,84.71,3.83,74.99,46.19,100.0,8.78,5.7,4.4,Placed
10452,25,82.65,6.0,75.45,74.41,100.0,8.56,4.69,5.51,Placed
10453,21,82.79,4.29,76.08,66.27,92.62,7.03,6.24,3.52,Placed
10454,18,81.64,4.8,74.47,72.54,100.0,10.0,6.18,3.53,Placed
10455,22,98.25,1.3,65.75,75.23,100.0,6.78,10.0,2.6,Placed
10456,22,91.23,7.25,84.49,32.24,100.0,6.88,7.97,8.06,Placed
10457,19,65.28,2.38,66.6,80.15,82.11,5.89,7.74,4.04,Placed
10458,23,87.55,0.21,84.07,85.8,79.11,5.33,6.31,3.87,Placed
10459,24,88.71,3.17,92.82,87.6,89.08,5.78,6.58,5.89,Placed
10460,18,81.78,0.2,61.84,52.89,81.74,8.42,9.89,4.52,Placed
10461,23,91.58,1.85,100.0,67.5,100.0,8.09,6.04,0.5,Placed
10462,19,80.26,8.41,61.31,59.38,98.16,6.14,7.11,8.55,Placed
10463,23,80.41,3.12,61.42,37.36,94.44,7.32,9.01,3.54,Not Placed
10464,21,79.45,1.23,80.1,58.07,100.0,8.17,5.93,2.82,Placed
10465,18,53.78,3.85,78.62,50.65,87.41,4.76,6.98,4.17,Placed
10466,25,77.04,2.18,73.08,73.35,91.54,9.33,6.78,3.47,Placed
10467,19,69.98,5.36,84.27,41.9,91.87,8.46,5.73,3.51,Placed
10468,22,63.76,2.2,75.79,52.33,81.27,8.17,7.73,4.73,Placed
10469,19,95.21,4.29,100.0,59.69,100.0,8.64,5.46,0.78,Placed
10470,25,84.05,1.74,71.2,80.32,88.44,4.75,7.73,5.97,Placed
10471,23,77.64,,59.18,100.0,100.0,6.94,7.32,6.41,Placed
10472,24,71.22,4.71,63.72,72.85,100.0,8.71,7.88,1.12,Placed
10473,21,81.55,3.54,79.07,51.49,91.84,7.19,6.57,5.41,Placed
10474,21,89.9,3.27,79.29,57.13,100.0,8.09,7.27,2.79,Placed
10475,23,68.08,2.8,75.1,78.53,100.0,8.94,8.03,3.62,Placed
10476,24,77.94,2.43,59.26,46.46,84.21,8.04,5.11,5.2,Placed
10477,24,88.42,2.38,88.63,85.55,94.92,6.89,5.35,6.23,Placed
10478,18,54.77,6.82,100.0,72.37,100.0,7.89,7.5,5.16,Placed
10479,23,77.31,2.81,72.44,66.0,85.01,5.19,7.79,1.72,Placed
10480,18,72.85,0.2,99.16,41.04,85.99,7.79,6.96,4.63,Placed
10481,20,76.39,1.7,84.99,82.73,97.63,8.1,7.9,5.48,Placed
10482,24,71.98,5.47,100.0,55.81,100.0,7.38,6.37,2.95,Placed
10483,20,79.65,3.35,79.09,70.46,100.0,8.59,8.32,2.81,Not Placed
10484,24,100.0,3.56,74.05,65.49,98.03,7.53,6.71,4.36,Placed
10485,21,74.11,5.91,84.64,42.66,100.0,7.38,5.87,5.65,Placed
10486,19,81.5,2.4,65.5,64.31,100.0,9.4,8.51,3.37,Placed
10487,20,100.0,4.94,78.11,48.64,97.45,6.05,7.79,4.98,Placed
10488,22,71.4,2.6,91.96,57.57,100.0,8.87,6.26,1.98,Placed
10489,24,99.78,4.84,84.29,74.92,100.0,8.78,6.28,5.04,Placed
10490,22,78.06,3.1,71.54,79.24,100.0,8.21,7.52,0.86,Placed
10491,25,99.38,3.37,75.01,67.71,96.59,6.71,5.6,5.12,Placed
10492,24,87.0,5.28,83.37,53.86,97.26,7.61,7.18,6.26,Not Placed
10493,24,81.69,5.15,82.87,57.64,97.09,6.23,6.6,4.17,Placed
10494,22,77.21,3.5,83.25,57.36,93.8,6.53,7.06,5.61,Placed
10495,20,70.51,2.95,77.09,33.81,82.31,7.36,4.37,4.99,Placed
10496,21,78.91,6.68,59.63,69.17,96.39,6.14,5.71,1.75,Placed
10497,18,88.77,4.86,62.02,41.34,86.36,6.92,7.1,2.14,Not Placed
10498,20,77.84,3.1,78.92,69.22,92.43,5.88,8.06,3.78,Placed
10499,25,74.2,2.62,84.47,44.65,84.82,7.98,6.64,4.2,Placed
10500,21,74.99,5.64,82.53,48.7,94.54,9.16,7.67,2.93,Placed
10501,18,89.91,4.01,61.87,78.7,100.0,9.84,5.02,2.06,Not Placed
10502,23,92.7,3.51,69.73,68.39,90.6,5.96,6.26,0.5,Placed
10503,25,69.99,4.01,54.39,37.84,69.55,6.17,7.14,7.85,Placed
10504,24,69.98,4.41,51.13,59.06,86.37,7.14,6.73,7.91,Placed
10505,20,82.55,3.7,73.22,72.19,93.9,8.19,7.72,2.81,Placed
10506,21,96.33,5.97,92.37,58.09,99.18,7.09,6.49,1.62,Placed
10507,22,91.75,6.07,73.5,62.51,100.0,8.49,6.5,7.41,Placed
10508,19,62.98,4.76,100.0,71.91,100.0,7.98,7.58,0.5,Placed
10509,20,74.83,6.27,69.54,68.72,92.49,5.22,6.16,6.56,Placed
10510,19,66.83,3.82,72.47,52.12,95.94,7.4,5.71,5.77,Not Placed
10511,25,74.79,5.04,57.13,68.36,85.22,5.85,7.36,3.8,Placed
10512,23,97.25,5.61,66.79,63.4,100.0,6.66,5.64,7.29,Not Placed
10513,24,60.93,5.63,54.15,95.59,100.0,6.84,8.5,3.18,Placed
10514,24,58.57,5.45,48.82,66.35,100.0,8.23,4.59,6.18,Placed
10515,25,68.06,4.94,54.41,70.16,94.59,7.3,6.44,4.0,Not Placed
10516,18,81.45,7.32,73.28,72.16,100.0,6.78,8.75,2.07,Placed
10517,25,85.45,2.83,60.95,62.84,100.0,9.85,9.17,8.59,Placed
10518,18,83.25,3.52,64.5,56.48,84.03,6.26,6.69,3.08,Placed
10519,21,92.11,3.41,78.15,75.36,94.97,7.68,8.12,3.64,Placed
10520,22,56.84,3.14,48.77,75.49,99.5,8.14,7.73,6.13,Placed
10521,20,92.26,0.22,73.22,100.0,98.49,7.54,6.21,6.98,Placed
10522,19,74.25,6.27,84.72,79.88,99.54,6.26,7.36,1.86,Placed
10523,19,86.78,1.95,86.02,80.15,88.17,6.19,5.77,7.38,Placed
10524,24,62.12,4.11,79.75,79.48,96.89,8.08,4.93,4.49,Placed
10525,20,78.06,1.24,71.22,56.95,83.28,8.59,7.41,4.32,Placed
10526,20,80.84,4.92,62.64,47.87,85.8,7.27,7.48,4.17,Placed
10527,25,91.87,2.39,70.76,51.94,79.66,5.75,5.38,4.47,Not Placed
10528,19,58.98,1.76,96.8,79.01,100.0,7.35,6.63,1.38,Placed
10529,25,78.37,4.15,76.1,90.75,100.0,9.15,5.38,5.31,Placed
10530,25,64.98,2.54,70.4,79.74,81.47,6.13,6.25,4.91,Placed
10531,22,84.07,2.77,80.46,65.33,97.88,6.95,6.28,3.77,Not Placed
10532,19,87.33,4.11,72.75,94.83,100.0,7.4,7.69,4.91,Placed
10533,19,93.45,5.24,75.39,60.9,99.48,8.64,6.2,4.09,Placed
10534,20,71.58,2.33,68.3,49.63,83.87,6.7,5.29,4.35,Placed
10535,22,89.13,2.02,65.78,72.05,95.55,7.91,8.86,5.34,Placed
10536,19,94.33,3.84,86.94,88.67,100.0,9.0,7.39,4.05,Placed
10537,21,58.28,4.77,42.74,54.5,79.43,5.55,7.88,2.95,Not Placed
10538,18,85.35,6.43,79.18,40.72,96.78,5.76,7.53,6.02,Placed
10539,22,89.5,1.87,64.85,68.6,83.6,7.22,7.93,2.35,Placed
10540,18,74.9,3.23,43.42,80.34,93.62,8.51,7.32,6.6,Not Placed
10541,23,63.47,5.92,57.38,20.57,82.05,7.73,7.36,3.81,Placed
10542,18,89.32,7.35,71.46,83.64,100.0,8.62,6.95,6.25,Placed
10543,19,63.61,2.01,73.52,46.13,68.1,5.29,6.27,7.38,Placed
10544,19,75.86,2.47,83.1,79.6,93.38,7.75,7.86,4.38,Not Placed
10545,24,77.52,4.49,84.12,36.05,88.09,4.0,6.48,6.24,Not Placed
10546,18,86.59,2.76,48.8,44.4,69.11,8.93,6.94,5.76,Placed
10547,21,70.48,2.43,77.66,77.9,100.0,8.76,7.24,4.87,Not Placed
10548,22,69.78,4.24,82.93,87.45,100.0,6.94,7.35,5.71,Placed
10549,22,79.19,6.59,75.28,67.85,,4.56,5.58,3.94,Placed
10550,23,90.08,1.44,79.54,100.0,98.97,7.08,7.04,7.78,Placed
10551,24,100.0,6.5,43.01,51.64,100.0,8.67,5.58,4.67,Placed
10552,21,59.91,2.77,57.15,51.43,79.95,7.83,7.01,3.04,Placed
10553,24,81.78,4.42,92.49,63.16,100.0,9.55,7.74,3.63,Placed
10554,20,64.96,6.66,67.8,62.4,95.67,6.98,8.96,6.28,Placed
10555,25,90.23,4.39,100.0,72.54,100.0,9.77,7.49,2.66,Not Placed
10556,22,66.74,3.26,52.82,56.11,75.65,4.91,7.84,8.28,Placed
10557,23,69.9,5.09,95.46,77.08,89.41,6.42,5.49,7.11,Placed
10558,25,70.93,3.49,62.84,76.7,88.93,5.78,7.45,2.04,Not Placed
10559,24,77.09,4.74,84.94,93.81,100.0,8.21,5.46,6.05,Placed
10560,24,81.88,3.43,67.57,60.15,82.1,5.88,8.24,2.56,Placed
10561,22,83.8,5.35,73.74,73.39,100.0,8.54,5.52,2.83,Not Placed
10562,18,77.93,1.29,80.93,77.69,86.38,8.15,5.63,3.56,Placed
10563,21,62.04,1.98,62.8,67.88,74.6,7.55,7.71,3.02,Placed
10564,19,86.73,1.26,84.02,64.61,91.52,7.19,8.82,5.95,Placed
10565,25,77.36,3.7,68.01,34.98,86.8,6.07,8.07,5.01,Not Placed
10566,19,91.94,,74.67,69.33,89.6,8.05,6.38,5.35,Placed
10567,19,69.51,2.55,32.32,77.53,86.5,6.72,5.61,4.51,Not Placed
10568,19,58.77,1.81,66.94,67.07,92.81,8.24,6.29,3.44,Placed
10569,23,77.59,6.46,90.95,55.48,100.0,9.12,6.95,3.46,Placed
10570,22,93.55,2.02,82.42,41.13,77.76,6.95,6.71,6.71,Not Placed
10571,25,79.93,1.48,85.3,75.25,88.09,8.91,5.57,3.8,Placed
10572,21,75.6,4.25,72.8,68.53,97.93,7.55,8.34,7.29,Placed
10573,20,67.56,6.84,97.14,90.24,100.0,8.04,8.37,3.23,Not Placed
10574,18,99.09,3.59,76.33,44.81,88.78,5.74,9.06,4.59,Placed
10575,18,65.64,3.73,62.1,60.48,76.18,6.5,4.81,5.12,Not Placed
10576,20,69.3,6.12,84.83,46.86,89.45,6.49,5.83,6.86,Placed
10577,25,84.84,5.38,85.84,84.41,100.0,8.94,7.1,6.44,Placed
10578,22,55.73,4.57,81.44,87.82,100.0,6.9,6.81,5.11,Placed
10579,25,93.3,2.75,65.96,98.76,100.0,8.08,6.26,4.65,Placed
10580,18,,4.62,76.22,76.34,100.0,7.23,5.77,2.68,Placed
10581,18,88.79,1.35,92.9,80.63,100.0,6.89,5.6,4.12,Placed
10582,24,84.7,2.68,79.16,74.98,81.24,5.56,9.23,9.03,Placed
10583,18,76.07,6.38,49.83,77.17,86.04,5.03,5.09,2.58,Placed
10584,18,65.24,6.14,62.57,68.79,87.78,6.92,4.93,3.37,Placed
10585,21,76.32,4.59,61.87,77.9,93.56,6.99,5.37,1.74,Not Placed
10586,25,66.3,0.33,60.69,100.0,95.91,6.27,7.03,3.01,Not Placed
10587,23,83.83,1.63,40.33,71.5,80.63,7.5,6.47,2.13,Placed
10588,18,87.68,2.58,100.0,68.38,100.0,9.68,7.3,2.05,Placed
10589,24,95.72,3.49,58.86,71.17,89.03,9.11,5.95,5.15,Placed
10590,24,82.46,1.55,59.94,65.61,88.83,7.3,6.91,5.96,Placed
10591,24,89.09,3.36,42.87,71.94,89.98,7.34,6.9,5.21,Placed
10592,25,74.43,6.98,85.0,65.07,100.0,8.04,8.69,2.46,Placed
10593,19,72.26,4.52,70.64,86.3,100.0,7.57,8.93,1.13,Placed
10594,25,83.68,4.19,66.74,84.7,98.38,8.04,6.62,0.5,Placed
10595,20,73.36,1.97,67.53,100.0,99.82,7.6,7.83,2.06,Not Placed
10596,24,81.23,0.85,80.82,67.62,98.82,7.38,6.99,2.45,Placed
10597,22,65.27,1.59,64.8,72.62,78.39,6.49,7.72,3.58,Not Placed
10598,24,67.42,0.78,42.17,71.95,86.79,7.69,7.26,5.02,Placed
10599,23,85.62,3.94,52.63,71.19,66.44,4.54,7.68,3.73,Not Placed
10600,23,88.64,4.49,51.85,86.08,98.86,7.57,7.82,7.67,Placed
10601,22,66.17,2.06,76.13,42.0,62.66,4.78,7.31,9.11,Placed
10602,24,86.05,4.07,85.95,75.37,100.0,7.58,6.96,4.29,Placed
10603,23,71.61,6.44,93.99,99.93,100.0,6.08,8.05,0.67,Placed
10604,19,78.2,7.32,47.48,89.81,100.0,8.79,6.64,3.43,Placed
10605,24,95.0,5.19,81.3,87.98,100.0,7.36,6.11,3.97,Not Placed
10606,22,87.69,3.49,62.77,81.47,88.39,7.26,4.93,5.87,Placed
10607,20,87.55,5.13,100.0,58.47,100.0,7.74,7.31,1.83,Placed
10608,22,100.0,6.23,92.75,56.0,100.0,6.22,7.63,1.25,Placed
10609,25,69.55,0.2,97.53,56.13,75.29,8.6,4.73,5.02,Not Placed
10610,24,66.17,6.47,84.04,49.78,100.0,8.09,6.06,3.41,Placed
10611,24,69.33,2.82,77.73,83.15,90.83,6.6,7.7,3.37,Placed
10612,21,74.95,2.84,65.96,91.49,95.34,5.99,6.63,2.74,Not Placed
10613,24,49.75,3.16,63.01,74.95,87.15,6.75,6.87,3.69,Not Placed
10614,21,75.51,4.38,60.0,80.88,100.0,7.07,7.9,4.9,Placed
10615,23,71.47,1.8,81.26,72.7,94.2,5.9,6.67,0.5,Placed
10616,23,87.41,3.29,95.41,77.1,94.28,6.65,7.26,4.53,Placed
10617,19,82.23,4.75,66.65,34.13,77.88,6.49,5.5,5.88,Not Placed
10618,20,70.79,4.19,61.16,73.03,89.9,6.96,7.22,5.39,Not Placed
10619,18,85.08,4.49,49.75,61.19,92.21,6.97,5.19,8.71,Not Placed
10620,19,86.68,3.22,75.67,67.36,92.75,7.79,5.24,3.62,Placed
10621,21,68.78,5.05,90.44,71.61,100.0,7.24,6.2,4.31,Placed
10622,21,72.08,5.7,91.19,56.55,100.0,7.68,7.46,7.05,Placed
10623,19,51.3,5.59,92.68,50.79,94.72,7.5,6.86,4.61,Placed
10624,21,64.91,4.57,78.23,56.06,99.08,6.97,5.85,7.51,Placed
10625,22,69.09,5.49,73.35,44.83,90.36,8.02,7.85,6.13,Placed
10626,19,78.89,5.37,91.23,49.52,88.59,4.0,7.18,4.79,Placed
10627,20,66.66,8.62,55.35,51.71,100.0,6.77,8.05,4.48,Placed
10628,20,71.84,5.99,65.39,45.04,88.66,6.52,5.73,4.03,Placed
10629,22,63.3,3.64,97.66,76.46,85.67,7.34,8.52,4.43,Placed
10630,20,80.05,2.16,55.88,53.59,80.72,6.44,8.7,2.81,Not Placed
10631,23,83.11,3.33,71.48,38.19,75.65,7.86,7.89,5.85,Placed
10632,20,82.83,3.2,81.47,61.58,90.74,8.07,7.39,8.33,Placed
10633,21,78.15,4.72,73.24,50.19,88.31,5.54,7.4,0.88,Not Placed
10634,21,59.51,2.54,89.24,91.35,100.0,7.47,7.2,6.86,Placed
10635,19,70.56,5.95,94.89,70.13,100.0,5.66,5.15,4.98,Placed
10636,23,73.11,1.3,79.19,44.47,72.73,7.78,6.08,6.59,Not Placed
10637,19,73.16,0.86,92.85,77.1,90.69,6.64,6.68,3.33,Placed
10638,20,78.9,3.56,58.07,69.36,88.74,6.23,5.56,4.14,Placed
10639,24,95.11,2.28,69.64,64.18,83.67,5.15,8.52,7.03,Placed
10640,25,87.75,1.54,100.0,93.19,100.0,7.09,7.4,4.4,Placed
10641,23,66.15,2.65,100.0,52.39,81.03,5.81,8.94,6.15,Not Placed
10642,25,86.14,2.43,52.85,84.56,89.61,5.42,7.75,3.32,Placed
10643,24,85.68,3.82,71.81,61.45,94.55,7.42,5.12,4.1,Placed
10644,21,68.33,2.68,74.04,67.71,99.32,8.36,8.37,5.52,Placed
10645,24,88.19,2.83,78.25,56.0,97.29,7.67,6.26,5.31,Placed
10646,20,76.08,3.79,91.11,57.02,93.56,5.48,8.44,6.15,Not Placed
10647,21,61.08,5.63,99.59,61.02,100.0,7.04,8.61,3.82,Placed
10648,22,83.46,6.45,72.56,37.59,98.51,8.02,8.42,4.5,Placed
10649,25,80.6,4.07,88.83,73.55,100.0,7.04,8.09,6.44,Placed
10650,24,75.27,4.21,81.72,69.84,91.06,7.59,7.32,7.39,Not Placed
10651,21,77.55,3.47,71.68,44.04,67.87,6.68,6.79,2.82,Placed
10652,23,69.37,4.67,46.53,78.56,79.34,6.74,9.06,6.88,Placed
10653,19,85.32,4.5,87.28,91.31,92.29,6.41,7.13,2.96,Placed
10654,24,77.48,6.19,81.08,57.37,100.0,,6.34,4.92,Placed
10655,22,80.0,0.4,77.84,55.44,86.01,8.01,7.33,5.06,Not Placed
10656,22,82.29,3.38,57.28,85.81,100.0,6.53,8.18,3.53,Placed
10657,24,64.14,4.41,100.0,74.45,100.0,8.11,8.13,4.14,Placed
10658,23,67.27,3.75,74.29,65.83,93.04,5.49,5.5,0.96,Not Placed
10659,18,51.48,2.11,54.88,81.03,91.14,6.99,8.1,5.95,Placed
10660,20,84.78,1.46,52.47,72.39,87.02,5.58,7.63,3.94,Placed
10661,19,63.45,5.25,82.16,90.86,100.0,5.84,6.39,4.42,Placed
10662,23,79.59,2.44,82.61,67.73,96.72,5.56,5.81,3.36,Not Placed
10663,18,82.45,0.64,65.05,74.82,98.06,6.41,8.52,5.96,Placed
10664,19,85.23,5.34,78.94,85.57,100.0,7.94,8.63,4.87,Placed
10665,22,63.55,4.63,82.01,28.83,98.91,7.11,8.68,2.2,Not Placed
10666,23,77.22,3.59,74.1,86.15,89.93,6.5,5.23,4.28,Not Placed
10667,22,98.04,2.15,61.48,59.92,85.33,6.99,6.55,2.43,Not Placed
10668,24,98.57,3.6,86.42,76.0,100.0,4.73,6.87,4.54,Placed
10669,25,89.85,5.99,84.56,94.63,100.0,7.89,8.6,5.87,Placed
10670,19,82.05,0.89,80.52,63.11,64.63,4.5,7.77,4.89,Placed
10671,25,65.94,0.98,59.49,60.71,65.6,6.35,6.53,5.37,Not Placed
10672,22,86.62,2.67,52.03,67.12,80.65,7.11,6.99,6.61,Not Placed
10673,23,76.1,3.75,73.15,44.76,83.25,7.73,7.66,2.86,Placed
10674,18,84.73,2.91,85.94,100.0,100.0,7.49,7.7,3.62,Not Placed
10675,22,70.41,4.96,87.61,67.32,97.7,7.14,8.82,0.9,Placed
10676,23,75.92,5.76,80.77,94.33,100.0,8.95,8.55,3.74,Placed
10677,22,79.97,4.3,65.24,62.67,100.0,9.62,8.3,3.27,Placed
10678,18,80.96,4.81,59.94,68.54,83.49,7.21,5.88,5.81,Not Placed
10679,22,83.92,4.29,71.75,83.11,89.19,7.08,5.96,5.42,Not Placed
10680,25,71.05,3.82,71.89,50.36,89.29,7.01,5.61,7.5,Placed
10681,23,61.88,1.47,88.61,66.36,87.22,6.47,7.31,3.5,Not Placed
10682,19,97.5,1.95,64.8,82.51,72.88,7.65,6.24,5.29,Placed
10683,25,100.0,1.37,66.05,64.59,90.09,8.73,7.51,5.98,Placed
10684,25,83.37,3.53,100.0,60.27,89.2,4.21,7.69,9.08,Placed
10685,19,62.11,4.22,95.27,85.84,100.0,7.0,7.1,5.37,Placed
10686,24,68.72,1.19,58.76,90.42,100.0,8.99,7.89,4.4,Placed
10687,21,84.11,3.93,94.03,92.96,100.0,7.67,6.06,4.75,Placed
10688,22,94.09,2.22,55.17,57.2,87.69,7.7,5.06,5.43,Not Placed
10689,21,63.45,1.88,65.49,58.73,64.18,5.28,5.99,7.25,Not Placed
10690,24,76.51,2.67,67.2,60.45,81.53,8.04,7.84,3.65,Placed
10691,25,80.35,1.78,70.84,79.5,100.0,8.41,9.04,3.08,Placed
10692,24,88.37,4.89,81.3,48.85,91.84,7.44,8.61,9.74,Placed
10693,25,73.88,3.5,73.6,49.75,100.0,6.41,6.6,2.25,Placed
10694,25,59.23,5.27,81.22,56.57,91.16,7.73,7.99,6.21,Placed
10695,18,85.45,3.0,65.97,52.99,76.95,5.95,5.18,5.33,Placed
10696,20,91.5,3.07,77.61,82.15,96.11,5.8,8.7,5.14,Placed
10697,23,77.01,7.17,73.18,81.07,100.0,8.16,7.48,2.04,Placed
10698,22,82.86,0.88,51.18,60.29,87.8,8.51,7.8,9.92,Not Placed
10699,18,72.31,6.11,79.25,64.9,82.01,6.31,4.55,4.85,Not Placed
10700,18,67.85,6.78,73.44,27.36,94.72,5.8,7.41,3.47,Not Placed
10701,22,90.32,5.18,61.29,60.68,95.7,6.15,9.07,1.84,Placed
10702,22,82.65,3.21,65.63,87.9,83.13,7.44,7.21,0.5,Placed
10703,19,83.88,6.37,66.0,59.81,92.43,5.8,6.75,5.91,Not Placed
10704,19,96.03,3.22,68.33,50.52,90.11,8.74,6.55,2.82,Not Placed
10705,19,65.34,2.53,98.38,90.02,100.0,6.64,5.99,3.96,Not Placed
10706,22,71.38,3.1,100.0,50.17,96.32,7.64,6.97,3.3,Not Placed
10707,18,79.9,2.77,31.11,92.74,91.27,6.31,5.4,5.58,Not Placed
10708,22,71.23,2.1,79.32,100.0,100.0,7.9,7.4,5.28,Not Placed
10709,21,87.4,5.8,86.32,66.25,100.0,8.0,8.19,6.0,Not Placed
10710,21,75.75,2.41,68.76,87.9,85.98,5.19,6.34,6.08,Placed
10711,23,66.09,3.75,85.92,41.3,93.03,6.38,7.32,3.07,Placed
10712,22,78.79,1.2,96.81,40.59,86.39,7.01,6.78,1.81,Placed
10713,23,80.04,3.86,51.42,55.25,79.28,6.57,7.33,4.2,Not Placed
10714,24,89.22,1.72,74.01,81.16,100.0,8.25,7.95,5.53,Placed
10715,25,82.72,1.68,100.0,68.03,91.78,6.48,7.36,4.72,Placed
10716,24,83.53,3.6,53.43,65.02,91.99,8.06,7.89,0.76,Placed
10717,22,81.84,5.7,70.27,47.35,100.0,7.78,7.49,4.61,Placed
10718,21,75.74,4.59,65.27,65.96,82.87,7.07,7.9,2.5,Not Placed
10719,19,69.41,4.72,87.78,57.7,94.56,8.11,7.24,4.54,Placed
10720,22,81.47,3.57,89.87,53.24,80.84,5.35,7.26,6.43,Not Placed
10721,19,74.0,3.2,74.43,51.88,97.28,7.13,7.69,0.5,Placed
10722,25,98.28,5.22,72.48,71.07,94.47,6.27,6.77,7.51,Placed
10723,24,94.11,2.79,46.21,56.47,82.68,7.07,7.4,2.41,Placed
10724,18,85.59,5.3,93.35,67.9,100.0,6.64,5.79,6.49,Not Placed
10725,24,82.54,6.02,66.7,39.7,94.27,7.27,4.68,6.18,Placed
10726,18,76.94,2.29,69.87,76.05,89.59,7.21,6.97,3.9,Not Placed
10727,23,62.87,2.55,86.57,71.85,91.51,7.37,5.9,5.41,Not Placed
10728,18,75.41,2.82,74.96,64.3,86.83,7.41,9.18,3.1,Not Placed
10729,21,79.22,1.16,87.06,70.58,92.68,7.89,5.9,1.05,Not Placed
10730,23,80.75,2.96,81.05,82.95,90.63,5.69,7.77,6.78,Placed
10731,23,83.63,6.14,75.06,44.82,89.59,7.81,6.0,3.13,Placed
10732,21,89.06,1.92,76.66,69.07,69.91,5.38,6.83,8.1,Not Placed
10733,25,69.69,6.19,55.16,47.12,71.53,4.0,5.51,6.27,Placed
10734,24,69.8,3.02,69.77,69.4,100.0,9.57,5.4,2.81,Not Placed
10735,19,95.41,7.61,88.26,63.86,100.0,6.07,7.2,5.68,Placed
10736,23,87.25,2.57,58.52,67.6,81.46,6.66,6.38,5.56,Not Placed
10737,23,73.31,3.54,61.27,81.57,100.0,4.96,7.74,7.95,Not Placed
10738,20,76.71,2.16,58.81,81.1,82.61,6.65,8.35,3.52,Not Placed
10739,23,76.77,2.56,74.3,85.39,98.15,7.45,4.94,4.04,Placed
10740,25,78.38,6.21,93.04,61.66,100.0,7.49,8.11,5.37,Placed
10741,24,83.67,4.65,80.21,79.25,100.0,5.75,5.65,4.54,Placed
10742,24,100.0,5.65,39.35,76.11,98.31,6.67,6.4,1.72,Placed
10743,23,80.28,1.43,81.73,62.06,83.89,7.64,5.12,6.53,Not Placed
10744,20,85.95,4.98,65.37,69.88,100.0,7.49,5.15,7.7,Not Placed
10745,24,57.76,2.05,79.64,65.89,81.85,7.35,4.47,4.81,Not Placed
10746,20,72.18,1.39,69.76,90.32,100.0,8.11,6.31,1.95,Placed
10747,22,92.75,4.23,59.09,80.96,98.07,7.07,6.87,4.27,Not Placed
10748,20,82.83,4.21,70.93,62.63,83.5,8.87,6.35,2.68,Placed
10749,20,35.0,3.9,65.38,61.51,93.87,6.85,4.65,3.98,Placed
10750,19,86.09,5.09,76.62,83.32,100.0,8.03,4.45,4.87,Not Placed
10751,25,100.0,5.37,58.71,89.44,100.0,8.08,6.81,5.81,Placed
10752,19,54.05,6.45,55.13,73.05,95.56,5.23,7.75,7.31,Not Placed
10753,18,96.23,1.66,82.98,78.54,90.87,7.73,7.1,5.75,Placed
10754,25,44.74,6.5,88.63,88.85,99.35,6.43,9.04,2.38,Placed
10755,22,89.26,7.19,80.7,65.2,91.28,5.99,6.75,5.86,Placed
10756,21,77.9,3.14,62.27,69.34,87.7,6.69,7.18,3.93,Placed
10757,23,49.8,0.8,60.9,75.79,75.5,7.39,6.77,4.15,Not Placed
10758,21,83.35,1.31,61.76,61.14,72.78,5.32,5.86,4.47,Not Placed
10759,19,91.81,2.97,85.36,95.18,93.74,7.23,6.6,4.77,Not Placed
10760,23,82.37,7.43,59.62,60.99,94.85,6.94,7.81,6.53,Placed
10761,19,85.02,3.83,85.26,68.98,100.0,8.45,7.85,5.49,Placed
10762,22,73.06,2.69,81.55,98.66,100.0,6.44,7.23,2.13,Placed
10763,25,55.66,2.57,90.57,38.21,91.71,8.63,8.7,1.5,Placed
10764,25,86.3,1.42,87.95,71.46,90.46,7.66,7.35,5.8,Placed
10765,20,99.0,5.37,80.14,57.43,100.0,7.16,7.19,5.58,Placed
10766,24,91.55,3.63,49.97,68.0,100.0,8.73,8.6,7.02,Not Placed
10767,22,54.15,7.58,81.15,48.71,100.0,9.51,5.94,4.3,Placed
10768,21,59.82,4.93,73.73,62.07,96.42,6.95,8.51,5.06,Not Placed
10769,19,67.85,5.29,66.4,68.4,84.25,6.31,5.63,5.45,Not Placed
10770,21,58.88,3.36,92.43,71.81,97.6,7.71,6.48,1.39,Placed
10771,23,78.53,1.84,69.73,82.33,86.38,5.49,4.6,1.28,Placed
10772,25,82.72,2.23,64.06,30.82,53.79,5.64,7.1,5.97,Placed
10773,18,60.84,1.34,88.86,65.99,93.57,8.77,8.39,5.24,Not Placed
10774,23,87.33,5.44,65.92,65.2,100.0,7.89,5.67,7.19,Placed
10775,24,85.21,3.11,63.31,66.97,79.18,6.17,6.46,8.19,Placed
10776,25,71.42,5.51,55.09,68.52,93.05,10.0,6.53,3.9,Placed
10777,21,75.93,4.04,59.7,54.72,76.9,5.54,6.54,3.8,Placed
10778,18,54.6,3.27,60.98,43.25,77.13,7.94,5.54,1.79,Placed
10779,20,74.01,1.69,81.32,71.47,92.64,6.24,6.85,5.54,Placed
10780,24,78.09,4.34,56.71,52.09,100.0,9.34,8.68,0.5,Placed
10781,25,80.02,3.41,44.13,74.44,88.63,6.56,6.2,2.56,Not Placed
10782,23,82.55,5.42,76.55,53.0,88.8,6.86,7.08,5.12,Placed
10783,18,80.93,2.51,62.49,79.08,75.94,5.03,7.07,3.18,Not Placed
10784,18,74.83,4.91,71.76,67.13,100.0,9.7,6.33,4.41,Placed
10785,21,81.43,6.75,91.24,68.24,100.0,6.46,7.13,4.09,Placed
10786,22,90.02,4.29,73.07,64.06,100.0,7.78,6.34,2.28,Not Placed
10787,18,76.85,5.21,94.64,61.49,100.0,7.21,7.3,0.5,Placed
10788,23,81.81,4.83,70.98,64.27,100.0,6.54,6.72,5.9,Placed
10789,22,75.77,7.22,87.1,86.91,100.0,4.53,5.11,4.14,Placed
10790,18,70.24,4.47,63.79,43.45,76.52,6.93,4.64,5.18,Placed
10791,18,84.27,5.06,73.62,57.63,77.6,6.87,4.23,4.38,Not Placed
10792,21,71.34,3.73,58.01,84.91,91.67,7.58,6.31,4.35,Not Placed
10793,23,82.63,2.41,59.79,81.12,99.33,9.77,7.8,4.83,Placed
10794,24,78.34,1.63,68.63,89.5,87.54,7.97,5.92,4.12,Placed
10795,21,74.35,6.08,52.07,67.05,100.0,8.23,6.5,3.82,Placed
10796,20,74.06,1.98,74.39,46.91,76.49,6.83,6.02,2.49,Placed
10797,25,71.9,5.14,67.46,50.27,72.6,5.62,5.8,9.47,Placed
10798,21,58.25,4.55,75.52,63.22,85.26,6.86,9.44,6.51,Placed
10799,20,82.59,5.45,52.3,80.17,82.15,6.32,5.84,7.48,Not Placed
10800,21,80.78,2.87,82.53,63.93,84.33,7.14,5.18,7.04,Placed
10801,18,88.2,2.38,97.46,62.69,88.15,6.61,5.73,3.94,Placed
10802,20,71.62,4.48,94.3,74.35,91.44,5.19,6.89,4.14,Placed
10803,22,100.0,3.27,100.0,68.44,100.0,8.72,6.11,4.51,Placed
10804,25,73.44,1.58,72.64,60.95,95.43,7.03,7.14,3.77,Placed
10805,23,67.5,7.29,66.72,51.98,99.66,6.8,5.92,6.26,Placed
10806,24,66.08,2.38,79.31,83.15,77.05,5.87,6.09,2.87,Placed
10807,22,57.19,2.01,68.43,84.77,92.91,6.63,5.95,2.37,Placed
10808,18,96.39,3.36,45.89,51.08,91.59,6.16,6.69,1.91,Placed
10809,21,94.45,6.06,84.29,61.56,100.0,5.77,7.66,3.85,Placed
10810,25,85.21,0.2,68.48,78.67,86.28,7.4,7.78,3.56,Placed
10811,18,67.25,5.91,49.99,49.8,99.49,6.64,8.49,3.26,Placed
10812,25,99.74,2.16,64.38,73.84,88.62,8.1,5.22,4.67,Placed
10813,23,73.78,4.28,68.83,62.78,98.39,6.77,5.55,2.17,Placed
10814,20,74.77,2.58,72.18,48.53,89.38,7.34,5.7,5.98,Placed
10815,24,95.25,7.39,72.36,96.44,100.0,7.3,6.8,2.31,Placed
10816,24,85.91,4.02,92.54,62.54,88.22,7.66,5.51,2.15,Placed
10817,18,100.0,2.53,52.67,76.39,90.27,6.19,5.97,3.21,Placed
10818,18,80.98,3.26,69.72,50.06,98.64,8.28,7.62,4.22,Placed
10819,23,73.24,3.96,58.82,92.84,92.49,5.78,8.08,6.22,Placed
10820,25,70.66,4.12,90.84,99.16,100.0,7.25,7.63,4.35,Not Placed
10821,18,55.84,4.59,63.58,43.97,77.95,5.75,7.18,1.29,Placed
10822,23,74.66,3.8,66.84,65.37,85.35,7.06,6.0,5.48,Placed
10823,19,91.74,1.32,87.75,89.25,100.0,8.27,6.83,5.44,Placed
10824,23,85.19,3.19,91.87,60.51,100.0,7.87,8.17,3.34,Placed
10825,22,78.24,4.89,94.09,74.55,100.0,8.47,7.59,4.84,Not Placed
10826,18,66.06,2.59,47.35,41.11,75.61,6.84,7.86,7.37,Not Placed
10827,23,80.72,5.01,79.24,55.39,84.18,8.29,7.94,2.77,Placed
10828,25,90.15,3.86,76.05,72.88,89.57,6.37,6.41,6.42,Placed
10829,24,83.17,3.41,71.23,58.57,92.55,6.65,7.56,7.03,Not Placed
10830,18,80.0,5.95,73.0,62.23,100.0,7.36,6.34,4.85,Placed
10831,19,68.44,0.67,91.29,43.75,78.68,8.22,7.51,2.04,Placed
10832,19,88.41,2.58,87.58,78.47,97.31,6.54,8.27,7.11,Placed
10833,21,40.42,6.02,85.45,46.57,99.19,8.03,8.66,6.33,Placed
10834,19,82.59,7.09,75.1,92.65,100.0,7.48,7.51,5.6,Placed
10835,24,100.0,7.91,100.0,57.08,100.0,7.6,7.27,4.4,Placed
10836,24,59.9,3.89,65.99,80.81,79.4,6.17,8.47,6.81,Not Placed
10837,24,75.1,4.62,47.76,79.24,81.05,6.74,5.76,2.8,Not Placed
10838,19,77.91,5.27,68.02,52.24,98.16,7.09,8.54,6.21,Placed
10839,18,72.45,6.1,72.87,58.79,100.0,7.6,6.96,3.86,Placed
10840,25,90.44,4.36,91.55,60.68,95.76,6.23,6.97,1.15,Not Placed
10841,20,83.67,5.47,64.34,61.77,85.1,5.65,6.26,2.49,Placed
10842,23,79.83,4.63,79.37,47.24,87.37,4.64,5.39,5.31,Not Placed
10843,25,87.57,4.74,49.84,76.54,100.0,8.09,8.57,4.94,Placed
10844,18,78.2,2.15,88.22,56.98,95.59,8.33,7.28,5.39,Placed
10845,18,100.0,3.21,73.02,66.17,80.07,4.79,6.36,3.77,Placed
10846,18,79.82,2.86,67.79,84.1,87.19,7.29,7.22,4.92,Placed
10847,19,80.34,1.66,100.0,77.15,99.71,6.75,6.4,5.75,Not Placed
10848,18,57.47,0.83,88.05,58.06,81.3,8.66,4.75,9.22,Placed
10849,24,71.48,3.04,56.4,84.65,92.21,6.95,6.59,3.72,Not Placed
10850,22,91.77,3.33,70.36,78.65,98.92,7.85,5.11,6.55,Placed
10851,25,61.97,3.99,100.0,56.71,97.69,6.69,7.09,5.79,Placed
10852,24,52.11,4.8,100.0,59.78,100.0,6.38,8.7,4.75,Placed
10853,25,78.39,4.14,85.84,84.01,99.07,8.12,6.03,1.9,Placed
10854,19,94.45,3.34,44.29,80.46,95.83,8.49,7.75,7.28,Placed
10855,20,78.51,2.15,91.98,43.96,71.51,,6.03,5.0,Not Placed
10856,24,73.97,5.38,62.47,51.91,98.87,8.57,6.78,3.32,Placed
10857,19,55.7,3.62,91.85,79.13,88.53,6.03,5.75,2.73,Placed
10858,18,83.43,3.02,61.16,49.21,72.12,4.4,7.54,5.02,Not Placed
10859,23,85.94,3.46,79.33,80.88,100.0,7.21,8.42,2.62,Placed
10860,24,56.62,2.48,62.4,98.97,93.92,7.81,7.03,3.36,Placed
10861,25,91.61,2.84,66.55,73.97,100.0,5.38,7.44,3.32,Placed
10862,25,87.19,2.79,81.33,53.23,67.89,4.82,7.44,4.59,Not Placed
10863,18,91.59,3.28,52.22,70.82,86.96,6.61,6.5,5.7,Placed
10864,24,85.0,4.98,100.0,84.55,97.79,6.45,8.37,3.86,Placed
10865,24,85.84,4.53,56.59,69.58,100.0,8.84,6.18,4.07,Placed
10866,23,84.25,6.58,55.75,75.74,89.95,7.21,4.91,4.72,Placed
10867,24,88.42,,81.38,55.21,100.0,8.08,5.69,3.0,Placed
10868,24,56.17,7.32,91.38,56.42,98.27,7.45,7.54,3.33,Placed
10869,21,59.99,4.81,67.14,82.5,100.0,9.08,6.34,3.57,Placed
10870,18,69.17,4.78,55.93,56.61,73.47,6.13,6.91,5.08,Not Placed
10871,21,76.44,2.92,58.16,26.62,63.6,7.09,6.51,7.72,Not Placed
10872,19,82.66,5.29,56.55,63.1,81.36,5.32,7.02,2.01,Placed
10873,18,81.9,2.62,76.62,73.03,100.0,8.17,8.11,4.98,Placed
10874,18,91.41,1.15,70.95,84.94,100.0,8.54,8.63,4.04,Placed
10875,23,91.78,6.55,78.39,94.33,100.0,8.25,5.64,4.16,Placed
10876,22,67.53,1.55,77.47,69.36,92.33,7.05,7.92,3.52,Placed
10877,22,80.86,4.59,84.36,78.54,77.5,5.41,7.04,6.78,Placed
10878,23,67.83,2.22,65.85,69.93,85.52,7.1,5.33,0.5,Placed
10879,22,75.74,5.83,60.93,73.67,97.83,6.39,7.39,2.23,Placed
10880,23,81.86,6.07,74.34,65.01,100.0,8.31,9.02,6.68,Not Placed
10881,18,37.1,4.75,71.18,74.18,85.41,6.69,5.91,6.83,Placed
10882,24,100.0,6.04,75.79,56.32,98.77,6.66,6.53,8.02,Placed
10883,21,84.8,3.81,61.32,99.68,100.0,9.81,4.87,5.11,Not Placed
10884,19,70.85,7.82,81.63,29.74,100.0,8.16,6.66,5.46,Placed
10885,24,100.0,5.14,54.32,77.13,100.0,8.49,6.99,0.77,Placed
10886,23,73.83,2.18,65.39,73.11,77.95,6.59,9.17,4.51,Placed
10887,18,79.59,3.93,88.94,73.94,97.79,5.88,5.68,5.62,Placed
10888,19,72.15,3.53,55.03,49.07,89.26,8.48,7.96,3.52,Not Placed
10889,18,97.82,3.35,87.75,41.15,95.69,8.99,7.16,4.32,Placed
10890,20,76.74,0.82,50.86,77.69,67.92,5.66,9.48,6.96,Placed
10891,18,79.79,4.5,48.22,89.46,90.78,6.58,7.01,7.41,Placed
10892,23,92.45,1.31,49.59,71.52,82.13,6.1,6.74,5.0,Placed
10893,22,85.02,0.2,73.75,80.88,97.12,7.78,7.82,4.4,Placed
10894,25,77.35,3.18,82.94,60.67,88.89,8.5,7.39,5.96,Placed
10895,23,91.32,2.44,91.39,73.31,94.9,6.76,7.92,3.76,Not Placed
10896,22,100.0,2.25,90.19,87.61,96.47,6.75,7.47,6.59,Placed
10897,22,81.81,0.2,84.94,62.98,70.18,4.85,5.03,3.45,Placed
10898,18,79.4,2.27,59.52,86.97,76.52,6.05,7.43,6.0,Placed
10899,18,80.05,3.49,59.39,41.85,83.88,9.01,7.4,4.46,Not Placed
10900,22,93.73,2.66,83.82,58.19,93.22,7.79,5.91,3.26,Placed
10901,18,70.81,4.5,93.32,76.73,100.0,8.31,7.15,5.22,Placed
10902,18,74.66,6.31,56.53,98.44,100.0,6.76,4.6,3.72,Placed
10903,19,59.55,4.73,91.41,68.23,85.84,6.87,7.11,6.49,Placed
10904,25,63.79,5.65,43.19,51.46,86.85,7.22,7.62,2.51,Not Placed
10905,21,71.79,5.8,77.85,98.08,100.0,7.59,7.95,4.95,Placed
10906,23,77.33,1.97,70.44,65.98,100.0,8.85,7.64,3.04,Placed
10907,21,99.23,4.59,68.94,78.64,100.0,6.39,5.74,6.9,Placed
10908,19,84.43,5.59,72.47,62.65,95.71,7.03,5.04,5.93,Not Placed
10909,20,67.06,3.02,59.19,70.28,89.58,6.25,7.93,4.41,Placed
10910,18,69.26,2.38,78.69,59.01,72.67,4.84,7.29,4.47,Placed
10911,24,94.5,4.75,72.91,100.0,100.0,8.3,7.39,7.87,Placed
10912,19,91.52,1.13,86.03,87.06,100.0,9.3,8.82,6.02,Placed
10913,21,78.34,1.84,95.86,96.29,100.0,8.12,4.87,2.99,Not Placed
10914,25,72.69,2.6,73.9,55.38,83.7,7.48,8.96,6.37,Placed
10915,22,91.5,4.61,59.72,38.8,96.37,9.42,6.13,3.37,Placed
10916,21,66.08,4.19,54.93,63.31,82.94,7.75,7.79,4.81,Placed
10917,22,82.7,5.66,97.47,100.0,100.0,8.16,6.78,0.5,Placed
10918,24,100.0,2.14,95.56,62.85,90.53,7.37,6.39,6.13,Placed
10919,20,80.46,2.04,85.31,84.83,94.08,7.55,4.99,3.16,Not Placed
10920,23,68.69,4.74,72.9,51.6,82.42,7.04,5.99,4.08,Placed
10921,24,82.92,2.36,84.23,54.74,94.35,8.2,7.36,1.71,Placed
10922,22,72.36,2.71,91.57,66.72,92.53,5.89,7.23,4.86,Not Placed
10923,21,61.27,0.46,62.73,100.0,92.86,7.7,7.94,4.64,Placed
10924,19,86.41,4.32,72.45,85.6,100.0,6.18,5.97,1.95,Placed
10925,19,91.41,6.57,55.41,35.15,90.74,7.81,7.7,4.57,Placed
10926,25,74.27,1.95,70.06,78.67,100.0,10.0,6.88,3.97,Not Placed
10927,22,73.47,5.64,95.16,49.62,100.0,8.04,7.56,6.95,Placed
10928,20,66.46,3.69,88.18,57.1,91.86,8.61,7.42,3.08,Not Placed
10929,21,76.2,0.62,74.03,76.17,97.48,8.28,6.23,5.46,Not Placed
10930,22,71.25,2.19,31.6,90.37,87.64,4.41,7.1,1.56,Placed
10931,22,65.87,2.08,62.16,89.59,82.09,7.04,7.35,4.66,Placed
10932,23,100.0,3.23,73.54,73.31,100.0,7.74,7.74,5.22,Placed
10933,20,83.6,4.56,68.76,73.53,87.28,4.69,8.61,5.31,Not Placed
10934,23,84.87,7.13,72.49,89.54,97.02,6.86,6.04,4.26,Placed
10935,21,88.6,1.22,75.64,42.79,68.98,7.1,5.4,7.96,Placed
10936,25,87.25,2.93,63.99,97.24,94.67,5.72,8.34,3.78,Not Placed
10937,19,73.04,2.19,71.89,56.22,74.13,6.04,5.26,5.46,Placed
10938,19,81.27,1.52,69.76,72.17,90.85,8.8,8.04,3.87,Placed
10939,21,74.77,3.97,61.45,60.06,67.52,4.0,5.71,2.82,Placed
10940,22,83.26,3.8,99.7,49.5,87.31,7.53,6.04,2.12,Placed
10941,23,82.1,0.54,64.85,75.39,100.0,8.6,6.71,2.67,Placed
10942,21,73.41,3.83,38.19,71.78,86.22,7.17,5.06,5.71,Not Placed
10943,25,62.05,1.63,98.75,66.31,98.88,8.89,5.64,7.15,Placed
10944,21,79.75,3.82,59.31,65.56,78.66,6.69,4.79,5.7,Placed
10945,19,75.55,6.09,85.5,92.42,100.0,6.11,7.6,3.83,Placed
10946,18,55.32,4.63,61.79,100.0,92.18,7.19,6.79,3.24,Placed
10947,25,84.09,4.12,80.54,88.05,97.4,6.74,6.82,4.83,Placed
10948,19,89.58,2.85,71.28,72.44,100.0,6.51,6.73,2.42,Not Placed
10949,25,100.0,3.92,87.0,41.8,88.56,6.98,6.78,6.27,Placed
10950,20,73.31,4.81,68.79,78.03,91.95,6.25,6.22,5.24,Placed
10951,18,71.54,4.64,62.17,78.74,89.96,6.19,7.95,2.56,Placed
10952,20,64.69,3.62,75.86,80.34,89.61,5.85,4.68,7.48,Placed
10953,22,80.5,4.19,66.26,49.74,86.8,7.7,5.07,2.09,Placed
10954,21,80.43,1.43,43.06,81.6,90.86,6.0,8.43,4.6,Not Placed
10955,24,68.26,2.48,62.98,92.99,83.44,5.71,7.12,6.17,Placed
10956,22,75.9,5.07,100.0,52.28,100.0,5.91,4.37,5.97,Not Placed
10957,21,54.26,5.32,44.68,78.95,100.0,7.45,7.18,3.25,Placed
10958,23,89.12,3.97,75.62,55.01,94.83,8.0,4.89,3.68,Placed
10959,25,68.75,6.46,68.36,66.33,100.0,8.1,8.36,2.59,Not Placed
10960,21,77.58,4.71,99.55,52.82,100.0,7.46,7.9,4.94,Placed
10961,19,60.88,3.38,55.33,62.39,90.77,7.84,9.32,6.14,Placed
10962,21,71.01,1.6,73.52,62.51,91.14,7.13,6.44,0.68,Not Placed
10963,24,74.64,6.39,82.29,74.6,100.0,7.75,5.34,5.61,Placed
10964,19,77.86,5.19,69.31,82.25,100.0,7.73,6.15,3.52,Placed
10965,25,83.76,7.04,60.49,87.46,89.0,6.32,6.18,4.31,Placed
10966,22,95.27,7.7,71.67,57.57,100.0,5.91,7.26,2.37,Not Placed
10967,22,86.79,1.48,67.36,73.76,100.0,8.82,4.6,3.26,Placed
10968,20,89.55,1.49,67.32,50.43,82.93,7.35,6.79,8.48,Placed
10969,25,95.35,0.2,85.96,66.23,84.79,8.46,5.58,3.82,Placed
10970,18,84.84,5.45,78.04,68.68,94.93,5.88,6.18,4.48,Placed
10971,20,77.56,4.98,80.28,53.24,100.0,6.71,8.46,2.67,Placed
10972,21,90.11,3.98,76.95,76.95,81.02,5.55,8.0,9.67,Not Placed
10973,21,90.88,1.59,86.4,65.51,83.3,7.98,7.68,5.43,Placed
10974,21,85.78,3.64,91.56,70.47,91.62,6.46,7.56,4.46,Placed
10975,19,60.54,4.13,67.7,87.59,99.44,6.53,6.48,6.34,Not Placed
10976,19,67.9,5.21,84.29,61.16,90.97,9.55,6.74,5.21,Placed
10977,18,74.7,4.29,52.56,81.6,96.59,8.0,4.91,4.16,Placed
10978,22,87.36,4.99,38.2,91.09,100.0,7.98,5.32,4.24,Placed
10979,20,77.74,3.58,99.4,90.11,100.0,5.76,6.95,1.42,Placed
10980,22,91.64,5.93,67.0,64.99,80.75,4.97,5.46,3.77,Placed
10981,22,93.78,4.94,75.79,52.44,100.0,8.36,7.63,3.49,Placed
10982,23,92.39,1.66,53.62,56.64,64.44,4.51,6.74,5.14,Not Placed
10983,22,92.47,6.3,52.93,42.61,91.8,6.6,6.44,4.08,Not Placed
10984,23,65.56,6.01,61.31,78.98,86.76,6.23,6.07,5.87,Placed
10985,22,83.79,4.64,81.64,79.97,100.0,6.09,7.34,4.7,Not Placed
10986,23,70.71,4.31,64.25,69.88,92.69,6.67,7.61,2.82,Placed
10987,22,58.21,6.79,66.96,45.98,74.06,5.93,5.74,7.48,Not Placed
10988,20,74.55,0.86,60.83,62.16,78.31,5.74,6.17,3.73,Placed
10989,19,93.9,6.03,89.49,90.08,100.0,7.51,6.57,5.61,Placed
10990,24,83.53,2.94,85.03,77.75,100.0,8.48,7.19,1.88,Not Placed
10991,20,100.0,5.77,64.74,80.53,98.42,5.12,7.17,6.04,Placed
10992,22,80.13,4.02,82.26,100.0,100.0,7.43,6.68,1.23,Placed
10993,19,100.0,1.56,68.32,73.25,96.77,7.85,7.65,8.37,Placed
10994,21,80.13,2.91,66.94,33.46,84.54,7.74,6.64,5.87,Placed
10995,22,78.27,5.64,71.25,50.38,78.24,6.93,5.12,4.06,Placed
10996,23,62.65,3.42,81.65,72.89,87.97,6.48,8.4,5.64,Placed
10997,22,91.33,2.68,58.62,68.3,79.13,8.11,7.98,1.97,Placed
10998,20,71.97,2.67,79.54,65.25,79.38,7.6,5.15,4.1,Not Placed
10999,25,70.24,4.96,100.0,65.53,97.91,4.93,7.01,5.99,Placed
11000,22,93.37,6.95,74.75,55.45,99.17,6.93,8.36,5.65,Placed
11001,24,91.9,0.2,72.54,73.98,94.55,7.27,6.43,4.48,Placed
11002,23,91.58,8.84,70.74,90.31,100.0,5.89,7.73,5.13,Placed
11003,22,73.65,4.17,79.17,95.72,100.0,6.91,8.13,6.66,Placed
11004,25,77.39,4.84,47.84,95.26,100.0,7.79,7.12,5.95,Placed
11005,19,77.28,3.01,97.52,52.7,100.0,6.21,9.37,0.74,Placed
11006,25,87.39,3.79,86.72,67.68,100.0,7.48,7.58,4.48,Placed
11007,24,96.64,4.15,62.33,62.98,86.26,6.01,6.92,4.54,Placed
11008,22,82.42,1.91,72.47,77.47,83.29,5.72,6.6,2.0,Placed
11009,23,100.0,2.35,63.64,66.68,96.87,7.94,6.74,2.39,Placed
11010,22,88.77,5.93,76.49,64.39,100.0,8.61,6.12,7.49,Placed
11011,20,75.18,1.01,72.92,91.27,85.21,5.78,5.46,3.05,Placed
11012,24,87.94,4.59,75.43,69.57,96.76,8.34,5.72,3.65,Placed
11013,19,98.47,3.13,56.58,69.99,88.22,7.18,6.63,2.9,Placed
11014,20,100.0,2.07,64.78,74.61,81.29,4.54,7.76,5.33,Placed
11015,22,92.24,7.35,89.19,78.82,100.0,5.48,7.19,5.06,Placed
11016,24,78.31,2.08,63.99,78.91,83.18,7.93,7.0,8.38,Not Placed
11017,21,75.4,1.77,32.35,92.83,88.26,5.25,9.34,3.43,Not Placed
11018,21,84.91,3.46,69.74,47.43,81.29,6.46,8.82,5.55,Placed
11019,18,98.09,2.42,100.0,73.19,100.0,7.1,5.7,0.73,Not Placed
11020,18,83.21,3.81,84.73,66.36,100.0,7.74,7.65,1.66,Not Placed
11021,18,83.45,4.08,63.24,63.19,86.66,7.42,5.38,7.16,Placed
11022,18,78.62,4.22,71.24,80.12,84.21,9.08,7.12,6.71,Placed
11023,24,74.07,3.58,82.2,88.74,90.44,6.22,5.15,5.39,Placed
11024,24,76.05,2.54,45.66,58.53,78.96,7.32,6.07,6.75,Placed
11025,24,79.63,4.96,59.16,94.99,100.0,7.74,7.55,2.35,Placed
11026,18,98.62,3.6,77.98,45.09,95.79,8.05,6.25,7.81,Placed
11027,18,75.12,2.91,95.92,77.44,99.86,8.46,5.51,2.43,Placed
11028,20,78.63,6.46,65.41,53.75,96.68,6.68,5.97,5.15,Placed
11029,22,67.62,3.58,95.51,57.73,83.33,7.98,5.67,10.04,Placed
11030,20,86.6,5.77,60.69,68.96,100.0,6.09,7.29,2.74,Placed
11031,21,94.4,6.01,21.22,61.62,97.57,7.11,8.24,7.2,Placed
11032,19,97.49,6.12,83.16,22.19,96.47,7.8,6.56,6.43,Placed
11033,23,80.44,5.04,80.11,77.78,100.0,8.37,8.04,3.43,Placed
11034,20,84.89,3.8,83.04,80.48,96.93,7.88,6.11,8.68,Placed
11035,18,76.16,3.68,82.46,65.42,94.56,7.31,6.68,2.68,Not Placed
11036,23,84.34,3.36,74.88,64.17,93.43,7.1,8.94,4.43,Not Placed
11037,25,81.77,0.2,68.12,62.03,91.37,7.86,6.59,5.78,Placed
11038,18,78.7,5.09,68.69,40.62,100.0,9.83,8.08,4.31,Not Placed
11039,21,79.65,4.24,65.09,38.92,78.28,8.23,5.94,10.72,Placed
11040,24,83.42,5.29,65.99,80.86,100.0,7.66,6.78,1.98,Placed
11041,23,74.47,3.59,44.83,85.04,77.7,5.56,5.77,7.74,Placed
11042,24,75.09,5.0,53.79,77.55,95.95,6.19,6.88,0.5,Placed
11043,21,98.49,1.32,69.55,74.07,92.13,6.81,7.09,0.5,Not Placed
11044,20,100.0,1.7,38.39,80.52,84.19,8.29,7.71,4.61,Placed
11045,23,63.55,0.2,41.88,79.46,62.9,6.08,6.11,5.97,Not Placed
11046,19,62.89,3.56,66.99,55.44,83.02,7.97,6.6,7.48,Not Placed
11047,19,66.51,2.41,70.08,71.56,96.94,7.34,8.23,7.72,Placed
11048,22,76.76,2.17,67.3,63.26,72.88,7.63,5.35,4.9,Placed
11049,23,88.75,4.4,36.3,63.47,86.39,6.94,3.83,5.5,Placed
11050,18,85.1,3.03,95.29,86.24,100.0,6.48,6.02,4.99,Placed
11051,22,80.06,1.22,50.46,93.19,89.74,6.03,7.53,7.55,Placed
11052,20,84.35,8.38,59.73,30.46,100.0,7.93,6.9,2.03,Placed
11053,22,69.69,3.73,53.07,63.92,84.74,7.11,5.65,3.17,Placed
11054,25,75.07,1.85,91.49,63.08,87.93,5.91,6.89,6.21,Not Placed
11055,18,77.76,2.59,78.32,86.58,100.0,7.47,6.36,6.61,Placed
11056,25,58.99,3.49,64.9,44.79,92.96,10.0,4.92,7.19,Placed
11057,21,64.06,3.48,63.85,20.17,75.0,6.96,6.39,4.36,Placed
11058,24,64.54,6.14,74.69,81.13,100.0,9.18,7.69,3.5,Placed
11059,21,87.17,3.66,53.3,83.41,83.09,4.1,6.47,5.91,Placed
11060,20,80.94,7.14,77.71,39.46,96.48,6.88,4.98,2.31,Placed
11061,24,85.33,3.02,63.77,66.01,99.57,8.35,8.87,7.83,Placed
11062,23,55.92,4.57,79.79,92.48,95.08,7.22,5.61,3.49,Not Placed
11063,19,60.2,5.64,79.29,50.75,100.0,6.43,7.25,3.95,Placed
11064,23,85.96,5.95,63.1,69.62,100.0,7.17,7.8,6.0,Not Placed
11065,24,44.66,6.16,41.21,76.13,95.54,8.38,7.31,3.05,Placed
11066,21,92.7,3.31,68.3,45.16,100.0,9.77,6.52,2.2,Placed
11067,25,56.12,3.79,50.26,58.98,90.85,8.48,4.62,6.81,Placed
11068,23,88.12,0.2,73.18,40.95,73.83,6.59,8.21,2.41,Placed
11069,20,67.34,3.45,68.15,65.37,73.93,6.92,5.4,5.02,Not Placed
11070,18,90.59,5.76,63.18,55.34,94.87,6.93,7.97,4.54,Placed
11071,23,100.0,5.41,52.57,71.32,100.0,6.16,8.13,0.7,Placed
11072,19,50.72,3.64,89.8,78.16,88.26,7.01,5.33,2.41,Placed
11073,24,86.34,6.86,65.19,90.22,100.0,6.87,5.32,5.21,Not Placed
11074,22,56.3,3.11,100.0,100.0,92.75,5.76,6.33,6.97,Not Placed
11075,21,83.12,2.51,72.52,71.32,87.11,8.21,7.9,2.98,Placed
11076,19,75.52,2.96,77.27,62.93,97.62,7.71,6.08,2.73,Placed
11077,23,79.56,1.78,72.59,62.01,88.83,6.43,6.91,5.76,Placed
11078,19,67.06,4.92,77.12,52.56,91.76,7.38,6.2,6.1,Placed
11079,21,87.37,4.32,88.39,75.17,100.0,6.04,7.74,6.37,Not Placed
11080,24,60.62,4.9,88.56,60.08,86.22,6.54,6.04,4.94,Placed
11081,25,92.9,3.05,45.5,76.29,93.84,8.03,5.94,3.44,Placed
11082,25,73.09,3.7,84.83,53.07,95.12,7.77,5.56,6.07,Not Placed
11083,25,61.17,0.2,79.46,60.54,65.61,6.58,5.52,4.33,Placed
11084,22,97.14,4.48,72.54,74.92,96.5,7.57,8.08,5.84,Placed
11085,19,77.19,3.98,97.69,66.0,88.73,7.11,6.37,3.46,Placed
11086,24,100.0,1.82,98.29,37.27,94.88,6.0,5.66,4.08,Placed
11087,24,92.66,3.61,85.57,67.76,92.81,7.0,4.79,5.57,Placed
11088,25,68.42,3.34,63.85,55.17,100.0,7.72,6.48,0.5,Placed
11089,23,76.98,6.98,54.11,86.9,100.0,7.57,5.81,7.18,Placed
11090,19,79.45,1.89,83.32,83.54,98.03,5.17,5.59,4.4,Placed
11091,22,96.32,4.4,92.39,31.47,100.0,7.4,5.87,0.5,Placed
11092,21,83.25,1.84,41.57,80.82,81.7,7.23,6.95,4.84,Placed
11093,24,80.12,2.8,88.29,74.23,86.92,4.92,5.41,3.63,Placed
11094,21,75.6,4.3,68.18,44.26,77.72,6.23,6.43,2.42,Placed
11095,20,77.39,3.42,44.86,82.05,96.18,7.79,7.86,8.42,Placed
11096,18,93.66,3.79,79.04,47.52,100.0,8.86,6.14,6.17,Placed
11097,24,78.04,4.4,85.64,86.33,100.0,5.23,5.52,4.18,Placed
11098,24,73.26,2.91,66.73,57.66,100.0,8.38,8.07,4.61,Not Placed
11099,18,71.23,5.39,56.14,43.71,80.7,4.94,6.69,5.03,Placed
11100,21,71.35,3.25,97.68,100.0,100.0,8.88,6.59,1.24,Placed
11101,21,61.17,3.62,61.97,43.26,74.65,6.91,7.43,9.76,Placed
11102,21,69.0,4.45,89.39,55.1,100.0,6.34,6.7,4.59,Not Placed
11103,25,95.98,4.21,49.3,58.24,84.21,7.63,6.88,8.12,Not Placed
11104,19,75.52,4.96,78.24,60.71,83.2,6.05,4.91,2.8,Not Placed
11105,20,86.45,4.37,77.81,79.18,94.14,7.82,5.79,5.67,Placed
11106,19,48.25,4.64,85.1,68.93,100.0,7.05,9.03,2.13,Placed
11107,19,84.82,3.21,94.39,84.07,98.03,4.0,5.55,0.5,Not Placed
11108,25,76.06,1.88,59.8,73.95,84.74,6.23,6.88,6.31,Placed
11109,25,72.22,1.23,79.81,41.23,84.31,7.43,8.89,4.89,Placed
11110,18,80.17,0.79,51.5,76.8,82.25,8.48,7.62,3.44,Not Placed
11111,23,72.05,6.97,51.33,71.74,100.0,7.6,7.15,0.5,Placed
11112,19,52.51,0.2,63.32,58.01,86.64,8.46,5.84,3.56,Not Placed
11113,19,89.07,5.95,78.14,100.0,99.45,6.13,6.05,5.05,Placed
11114,20,80.92,2.32,97.15,77.73,93.93,8.07,6.43,2.35,Placed
11115,19,74.23,5.94,99.88,83.07,100.0,8.09,7.2,4.76,Placed
11116,21,66.41,0.2,66.68,83.63,84.37,5.24,8.33,3.23,Not Placed
11117,25,60.36,3.38,76.58,61.28,100.0,8.52,6.94,2.1,Placed
11118,22,80.69,6.42,86.15,78.13,100.0,7.59,6.11,4.22,Placed
11119,23,97.36,5.08,83.48,73.06,100.0,6.86,6.68,0.5,Placed
11120,21,80.44,3.19,69.46,59.09,76.38,6.84,7.42,5.5,Placed
11121,18,61.41,0.3,73.14,48.45,73.7,5.95,7.2,4.7,Placed
11122,18,80.7,1.42,70.35,68.39,97.0,7.96,6.5,5.71,Placed
11123,20,77.36,6.3,68.87,77.39,96.86,7.56,5.46,6.76,Placed
11124,19,88.37,3.17,66.88,68.26,96.83,7.9,8.09,3.99,Not Placed
11125,24,85.28,3.67,70.21,65.08,81.66,7.29,6.49,0.5,Placed
11126,24,42.17,4.31,65.91,68.44,86.86,7.45,7.09,3.99,Placed
11127,24,84.54,1.45,54.97,63.41,94.0,6.84,5.99,2.21,Placed
11128,23,65.96,4.53,84.94,92.79,100.0,8.49,5.96,7.37,Placed
11129,22,60.94,3.04,79.74,72.32,87.71,7.93,7.4,3.76,Not Placed
11130,23,75.74,4.33,100.0,60.22,100.0,7.41,5.28,6.18,Placed
11131,21,82.93,2.76,77.54,39.07,84.32,7.04,5.4,7.42,Placed
11132,23,58.31,0.97,65.75,64.84,77.45,5.08,8.61,3.0,Placed
11133,24,86.45,3.03,62.6,58.77,81.35,4.82,7.79,4.65,Placed
11134,24,87.16,4.95,72.71,58.18,90.53,6.76,7.3,4.58,Not Placed
11135,22,78.56,4.51,80.29,83.08,100.0,8.72,5.51,8.91,Not Placed
11136,18,67.59,3.86,68.33,69.28,98.05,6.35,7.06,7.03,Placed
11137,23,66.25,5.42,49.95,41.08,77.95,6.4,6.71,2.37,Placed
11138,20,90.31,3.43,60.91,77.9,100.0,6.03,6.27,3.28,Not Placed
11139,23,59.87,3.9,72.27,42.69,80.31,5.65,6.69,3.57,Not Placed
11140,22,90.77,2.94,83.1,79.09,96.42,6.1,5.08,2.88,Placed
11141,25,76.02,5.52,49.71,60.4,79.16,7.53,4.32,3.87,Placed
11142,20,76.85,4.32,75.98,69.39,98.22,6.61,7.16,3.44,Placed
11143,25,57.5,2.8,75.32,67.6,84.39,6.56,6.99,4.57,Not Placed
11144,24,76.24,1.12,65.23,65.63,69.64,6.45,7.1,4.27,Placed
11145,20,85.36,5.79,63.2,71.35,100.0,7.48,7.72,6.81,Placed
11146,21,61.96,2.46,60.96,69.31,85.58,7.67,7.41,2.98,Not Placed
11147,22,83.98,3.93,74.11,97.92,100.0,4.96,8.58,1.16,Placed
11148,24,79.07,8.03,88.9,71.58,100.0,6.29,8.22,3.51,Placed
11149,23,70.27,5.24,89.97,71.95,94.81,7.09,6.87,3.27,Placed
11150,24,88.26,6.7,55.14,56.65,98.64,7.73,6.99,7.45,Placed
11151,20,51.57,2.83,69.2,74.09,83.57,7.35,7.07,6.19,Placed
11152,22,82.16,5.73,39.1,51.62,86.55,8.19,4.96,7.1,Placed
11153,21,97.43,3.85,73.64,86.4,87.78,5.51,7.9,6.43,Placed
11154,25,95.28,4.46,80.96,44.25,99.97,7.7,7.5,0.56,Not Placed
11155,20,82.68,7.44,95.56,54.5,100.0,9.66,4.81,2.79,Not Placed
11156,22,74.38,3.3,45.2,41.93,85.69,7.26,8.66,1.5,Placed
11157,18,70.37,3.83,55.68,74.71,85.71,7.31,6.29,7.63,Placed
11158,24,74.36,2.17,74.16,61.22,76.21,7.82,6.65,6.18,Placed
11159,21,84.53,5.4,47.72,78.97,88.7,6.55,6.63,5.3,Placed
11160,20,68.31,2.79,74.58,52.39,75.89,6.06,6.59,3.36,Not Placed
11161,22,87.09,5.64,81.35,76.5,100.0,7.27,9.67,3.59,Placed
11162,21,100.0,0.83,52.78,77.28,86.72,5.22,6.49,2.78,Not Placed
11163,24,77.26,4.79,73.99,71.39,100.0,7.68,6.41,5.8,Placed
11164,22,61.87,2.64,53.82,68.49,83.74,7.88,6.82,4.71,Placed
11165,22,61.86,5.11,92.63,70.2,98.35,5.28,5.78,5.89,Placed
11166,18,87.32,3.78,75.1,53.43,97.07,7.4,7.15,5.34,Placed
11167,18,77.28,2.84,62.4,50.8,65.96,6.94,5.81,6.15,Not Placed
11168,21,88.52,3.1,53.43,76.7,100.0,8.97,7.4,5.53,Placed
11169,25,71.6,2.27,77.84,62.1,89.33,8.77,5.55,6.7,Placed
11170,25,87.97,5.31,92.37,75.25,100.0,8.21,6.1,5.98,Placed
11171,23,76.1,1.91,60.43,92.82,100.0,8.65,5.59,3.47,Placed
11172,23,69.21,3.32,65.41,60.69,74.9,6.76,6.16,5.48,Placed
11173,21,73.19,4.42,60.72,58.4,84.67,7.51,4.66,5.12,Not Placed
11174,19,63.64,6.7,95.33,62.81,84.94,6.9,3.87,4.12,Placed
11175,18,100.0,3.78,43.37,68.62,81.96,6.0,6.41,4.47,Not Placed
11176,20,76.84,3.36,91.28,77.83,96.43,7.3,4.96,6.51,Placed
11177,20,85.73,4.29,66.34,67.55,97.28,7.1,8.88,5.58,Not Placed
11178,19,71.56,0.2,70.93,100.0,82.79,6.96,6.37,6.36,Placed
11179,20,65.38,1.64,66.89,74.73,84.57,7.13,7.65,4.58,Not Placed
11180,18,75.19,3.12,75.59,80.49,95.1,7.27,7.17,6.8,Placed
11181,22,91.21,2.52,61.05,67.41,96.43,8.27,5.52,6.05,Placed
11182,25,71.75,0.92,87.88,84.19,85.11,6.5,6.3,2.89,Placed
11183,23,67.55,5.34,88.48,64.72,93.16,5.66,7.69,3.78,Placed
11184,21,79.87,4.27,57.25,57.69,86.55,8.01,7.61,2.8,Placed
11185,21,83.99,4.05,82.01,82.49,100.0,8.23,7.84,2.34,Placed
11186,20,97.71,2.55,66.65,67.08,97.07,7.63,6.01,9.86,Not Placed
11187,19,82.25,3.94,72.77,71.92,99.74,5.83,7.5,7.84,Not Placed
11188,22,85.73,4.73,94.88,83.71,100.0,7.04,6.07,6.81,Placed
11189,22,86.63,3.32,61.89,70.22,92.52,7.54,8.01,5.4,Placed
11190,18,64.16,4.6,85.9,65.61,89.4,12.0,7.98,3.42,Placed
11191,21,66.44,2.37,78.86,59.43,90.83,6.28,5.15,2.28,Not Placed
11192,20,64.99,3.98,69.09,84.99,68.71,7.02,7.13,4.08,Placed
11193,19,62.01,5.86,77.51,62.53,100.0,8.62,5.49,3.06,Not Placed
11194,23,87.55,6.02,75.73,67.18,100.0,7.47,7.79,5.93,Placed
11195,22,81.48,6.19,54.62,72.59,77.05,6.51,5.45,4.8,Placed
11196,23,78.95,4.31,62.9,72.52,100.0,6.96,7.19,6.21,Placed
11197,23,46.89,3.86,56.32,84.22,69.81,6.4,7.69,4.98,Placed
11198,25,,2.99,67.85,66.88,79.66,6.71,6.88,1.12,Placed
11199,24,67.27,0.55,92.18,90.02,90.8,8.07,7.83,4.16,Placed
11200,22,100.0,1.38,80.72,64.02,81.05,4.9,7.15,5.28,Not Placed
11201,25,60.61,3.5,50.51,73.93,100.0,8.78,8.68,5.05,Placed
11202,21,68.25,3.61,67.9,65.06,97.02,9.83,5.48,3.39,Placed
11203,25,51.57,6.34,75.5,100.0,100.0,7.4,6.34,3.52,Placed
11204,24,82.35,6.17,83.16,62.39,94.58,6.2,4.5,3.17,Placed
11205,23,64.78,2.56,62.24,63.84,89.97,8.6,6.44,1.16,Placed
11206,25,65.12,5.27,53.44,69.84,100.0,7.53,5.38,4.44,Placed
11207,22,61.53,2.94,71.15,63.73,88.18,6.57,5.14,6.06,Placed
11208,23,87.33,5.03,80.54,73.03,92.1,6.03,4.93,3.55,Placed
11209,20,86.54,5.25,75.52,87.67,100.0,6.71,6.23,2.02,Placed
11210,25,99.74,6.04,58.73,70.36,89.55,7.43,7.1,6.49,Placed
11211,22,69.77,2.91,98.32,70.95,100.0,8.27,7.37,7.23,Placed
11212,24,80.63,5.63,70.52,64.33,100.0,7.54,8.0,3.62,Placed
11213,21,62.53,0.43,74.91,59.92,86.67,7.74,7.93,2.62,Placed
11214,24,73.98,6.13,62.07,69.54,99.87,6.8,5.45,4.21,Not Placed
11215,18,71.77,3.75,88.6,68.12,100.0,8.23,5.91,5.06,Not Placed
11216,18,83.57,3.79,80.58,86.77,99.14,6.95,7.03,3.6,Placed
11217,22,90.2,0.2,76.72,52.65,94.1,9.41,7.05,1.36,Not Placed
11218,23,89.89,3.1,54.73,91.27,100.0,6.42,8.46,6.42,Placed
11219,24,67.89,6.24,88.41,65.65,100.0,7.67,6.45,4.98,Placed
11220,21,89.98,3.03,83.35,70.38,100.0,9.83,7.72,7.6,Placed
11221,23,77.47,5.08,87.22,50.96,100.0,8.45,6.63,4.58,Not Placed
11222,22,74.1,3.86,72.56,76.99,97.26,8.09,7.23,7.44,Placed
11223,25,69.5,5.71,70.88,52.63,100.0,7.56,7.27,4.05,Not Placed
11224,23,71.28,4.14,69.27,73.97,91.89,7.26,6.77,3.29,Placed
11225,21,98.91,2.12,100.0,72.41,95.17,6.99,5.63,3.5,Placed
11226,25,81.69,3.9,63.86,62.79,72.5,6.53,7.13,8.15,Not Placed
11227,18,80.1,6.68,54.21,34.96,88.19,5.36,7.57,4.12,Placed
11228,25,74.85,4.7,66.4,100.0,100.0,7.97,6.93,7.66,Placed
11229,19,100.0,3.59,64.0,51.13,81.25,5.35,3.48,3.58,Placed
11230,20,93.66,7.86,90.9,72.36,100.0,7.98,6.59,1.73,Placed
11231,24,69.35,5.89,51.66,56.32,95.49,6.83,7.61,5.9,Not Placed
11232,23,74.72,5.27,63.58,84.77,85.22,6.05,5.62,3.22,Placed
11233,25,75.43,4.37,74.86,61.93,100.0,8.89,8.08,5.11,Placed
11234,23,79.75,5.11,91.02,55.97,100.0,5.46,6.06,4.9,Placed
11235,23,69.59,5.17,82.7,77.52,95.11,6.4,6.42,4.87,Placed
11236,20,83.27,0.2,96.29,47.65,68.49,6.51,7.05,7.8,Placed
11237,18,95.43,4.51,77.19,61.39,100.0,7.38,5.69,5.0,Placed
11238,18,62.24,3.51,68.95,79.04,91.48,6.46,7.89,4.74,Placed
11239,20,64.46,2.9,84.83,92.11,100.0,8.95,8.32,3.79,Not Placed
11240,18,72.2,3.45,51.49,52.6,71.3,5.55,5.48,5.58,Not Placed
11241,22,72.76,1.0,46.35,58.22,93.14,10.0,6.58,5.39,Placed
11242,24,100.0,0.55,86.64,73.63,87.4,5.93,9.07,3.7,Not Placed
11243,25,90.02,6.04,75.16,36.04,100.0,10.0,8.12,6.38,Not Placed
11244,21,89.33,4.63,86.46,89.72,100.0,8.51,4.86,4.09,Placed
11245,25,74.83,0.2,59.21,52.01,82.65,7.07,8.2,5.66,Placed
11246,25,74.56,2.76,91.27,61.0,96.82,7.47,3.0,1.85,Not Placed
11247,24,60.58,5.38,82.06,72.17,87.59,6.75,7.54,6.33,Placed
11248,21,87.38,3.3,71.53,68.82,99.23,7.62,5.77,3.06,Placed
11249,20,83.89,6.04,75.11,52.58,92.17,6.32,7.35,5.85,Placed
11250,25,93.43,5.69,77.2,95.54,100.0,8.05,7.1,7.06,Placed
11251,19,75.47,1.36,59.15,26.8,71.85,7.42,6.96,5.32,Placed
11252,21,76.3,3.54,66.22,50.05,67.58,6.01,7.5,6.81,Placed
11253,18,80.04,2.99,76.97,57.81,98.52,7.71,6.2,2.34,Placed
11254,24,88.7,1.3,65.62,52.8,68.31,7.64,6.08,4.33,Not Placed
11255,23,60.36,1.18,49.96,87.51,83.4,6.34,7.92,3.2,Not Placed
11256,18,86.83,2.35,76.42,41.47,96.95,6.69,6.81,3.18,Placed
11257,19,77.75,2.65,84.54,92.92,100.0,7.81,6.12,1.34,Placed
11258,22,65.3,4.31,88.03,63.55,100.0,8.51,6.59,4.66,Placed
11259,22,52.98,5.68,79.98,46.22,83.79,7.03,6.48,6.38,Placed
11260,24,76.36,4.72,84.27,34.39,90.79,8.32,6.38,7.03,Placed
11261,20,95.37,5.15,86.81,64.56,100.0,8.6,7.33,2.39,Placed
11262,25,98.1,3.32,73.19,56.77,93.72,8.76,5.76,3.54,Placed
11263,21,82.26,4.89,40.22,71.78,100.0,7.7,8.62,3.02,Placed
11264,24,100.0,3.53,89.4,60.79,90.19,6.12,7.07,2.88,Not Placed
11265,19,77.48,3.01,58.6,83.29,93.05,8.27,4.6,3.91,Not Placed
11266,18,89.44,7.21,55.04,65.72,98.44,6.97,7.13,4.54,Placed
11267,18,72.59,0.2,55.45,61.22,81.16,7.81,5.68,3.92,Placed
11268,20,71.82,0.43,100.0,83.57,95.42,6.45,6.77,1.71,Not Placed
11269,25,69.87,4.49,78.61,71.65,100.0,6.48,6.62,6.44,Placed
11270,18,53.27,3.32,56.38,80.39,84.03,6.36,7.61,4.86,Placed
11271,20,93.45,1.21,61.75,86.38,88.45,5.61,7.6,5.29,Not Placed
11272,18,70.3,1.9,71.99,63.3,90.25,6.5,7.07,5.4,Placed
11273,25,68.38,2.14,80.14,68.61,85.31,5.96,9.09,5.73,Placed
11274,23,63.84,5.41,76.19,81.5,100.0,7.88,5.93,4.81,Placed
11275,24,75.55,5.98,58.07,28.79,88.55,5.92,8.44,2.83,Placed
11276,23,99.16,6.75,76.76,66.37,99.02,6.4,8.47,7.53,Placed
11277,23,100.0,0.94,62.83,64.4,87.66,7.2,7.2,5.78,Not Placed
11278,24,58.07,1.34,87.7,73.98,92.37,9.37,7.35,2.7,Not Placed
11279,18,73.75,1.22,72.84,55.18,79.01,6.37,7.94,2.73,Placed
11280,24,65.59,6.12,60.61,85.53,100.0,5.54,6.42,8.48,Placed
11281,23,89.86,4.55,82.33,56.2,89.41,5.63,6.19,4.18,Placed
11282,23,81.44,3.94,77.75,60.66,91.87,6.17,6.26,3.14,Placed
11283,21,70.36,4.21,64.88,57.37,68.7,6.41,7.15,3.44,Placed
11284,24,78.87,3.7,82.95,87.68,100.0,9.97,6.24,5.4,Placed
11285,21,72.27,1.78,81.44,34.63,97.34,8.36,5.93,3.55,Placed
11286,18,97.37,4.72,90.03,96.59,100.0,6.82,5.56,4.77,Placed
11287,25,84.56,3.46,82.65,91.57,100.0,9.42,5.62,9.12,Not Placed
11288,19,86.04,1.64,68.79,58.96,80.07,6.46,6.03,1.36,Placed
11289,18,46.0,4.83,46.64,84.43,76.23,6.71,6.06,3.69,Placed
11290,22,77.2,3.03,74.8,70.08,87.22,6.63,6.93,4.62,Placed
11291,19,100.0,4.21,77.13,94.45,100.0,8.43,5.87,0.97,Placed
11292,24,93.91,3.58,72.77,83.21,100.0,7.12,7.39,5.53,Placed
11293,21,55.83,5.4,26.84,100.0,100.0,9.01,9.16,6.29,Placed
11294,18,74.24,4.2,82.18,43.01,88.39,7.72,8.3,1.72,Placed
11295,25,63.58,2.21,58.32,71.06,90.96,8.29,5.53,4.34,Not Placed
11296,22,98.53,4.38,82.29,40.41,92.75,5.02,6.44,4.87,Not Placed
11297,20,80.93,4.44,97.51,59.7,92.72,5.16,5.28,5.65,Placed
11298,23,68.79,4.72,68.21,100.0,92.18,5.2,7.03,9.84,Placed
11299,22,78.41,5.66,78.58,75.49,100.0,6.69,7.1,3.02,Placed
11300,18,46.71,2.69,72.49,83.75,84.83,5.35,7.01,5.57,Not Placed
11301,24,64.98,5.0,79.88,76.22,99.48,8.69,5.54,4.25,Placed
11302,21,78.44,0.7,73.55,75.21,91.38,6.96,6.02,3.9,Not Placed
11303,23,88.15,3.58,64.25,59.64,86.63,7.94,7.95,4.53,Placed
11304,25,54.7,3.31,58.43,56.66,67.11,6.61,7.28,5.32,Placed
11305,22,73.43,6.41,95.86,59.21,100.0,8.19,5.76,4.52,Placed
11306,23,90.12,3.52,78.58,24.31,65.23,4.84,5.26,5.05,Placed
11307,20,60.58,4.89,84.46,66.69,90.22,7.14,6.71,4.34,Not Placed
11308,19,80.75,0.63,77.99,71.84,83.57,7.8,6.65,2.63,Not Placed
11309,21,78.79,3.17,86.64,58.09,96.02,7.9,5.26,6.15,Placed
11310,24,98.57,2.28,58.56,65.91,80.88,6.82,6.43,6.55,Not Placed
11311,22,75.24,8.26,73.25,76.4,100.0,5.15,6.22,6.46,Placed
11312,20,75.94,2.6,79.58,82.16,100.0,8.41,6.1,5.85,Placed
11313,24,88.26,3.93,91.39,48.84,95.35,6.73,6.29,2.95,Placed
11314,24,62.08,4.03,100.0,55.28,100.0,6.83,7.13,2.59,Not Placed
11315,25,75.35,0.94,78.11,80.05,92.06,9.86,6.91,6.33,Placed
11316,20,72.53,2.85,62.08,77.42,95.63,7.32,8.31,2.09,Placed
11317,23,76.33,4.53,54.07,89.51,80.95,6.58,7.04,3.13,Placed
11318,22,88.18,3.95,58.43,88.85,90.67,6.51,7.77,8.79,Placed
11319,21,84.65,0.2,60.39,100.0,82.13,7.97,5.21,5.52,Placed
11320,21,69.02,2.78,28.48,63.32,81.32,6.21,6.98,4.82,Placed
11321,18,79.64,5.64,61.87,93.26,100.0,7.81,6.35,0.8,Placed
11322,20,95.89,4.86,82.75,53.28,100.0,8.52,7.67,3.16,Placed
11323,22,68.02,5.99,73.13,100.0,100.0,7.09,7.1,6.17,Placed
11324,25,79.74,2.03,68.12,75.28,93.56,8.39,8.69,1.53,Placed
11325,24,75.68,6.11,47.67,76.67,87.19,7.12,5.68,5.31,Placed
11326,19,77.24,3.72,87.76,83.84,95.1,6.38,-2.0,1.74,Placed
11327,23,58.43,6.67,79.68,46.31,90.12,5.2,7.21,3.25,Placed
11328,18,94.93,3.81,71.81,50.8,100.0,7.53,6.64,1.35,Not Placed
11329,23,68.71,0.2,38.96,69.85,80.51,7.56,5.67,4.69,Not Placed
11330,20,90.31,5.33,64.64,73.53,100.0,8.38,7.25,1.1,Placed
11331,21,70.54,3.0,78.51,100.0,100.0,8.26,6.21,4.33,Placed
11332,23,70.49,3.12,71.57,52.81,91.85,9.68,7.34,5.78,Placed
11333,21,92.56,1.18,74.88,92.64,100.0,6.5,4.76,4.9,Placed
11334,24,89.93,6.72,82.28,63.75,100.0,7.63,6.45,5.43,Placed
11335,22,80.5,2.86,74.32,63.53,73.16,6.37,6.99,4.95,Placed
11336,25,87.13,6.64,81.75,65.38,100.0,8.32,7.0,4.32,Placed
11337,23,74.54,3.02,59.35,63.12,78.26,6.09,7.64,4.36,Placed
11338,20,77.9,2.13,53.66,75.78,100.0,8.3,6.51,5.09,Placed
11339,24,70.06,6.18,79.16,61.68,91.33,6.32,7.34,2.32,Placed
11340,21,88.85,3.67,82.24,45.43,79.75,8.12,6.72,3.71,Not Placed
11341,22,69.68,3.69,79.78,63.72,100.0,8.65,7.68,8.57,Not Placed
11342,19,95.82,1.49,73.97,75.31,62.32,5.34,4.95,5.47,Not Placed
11343,18,74.21,2.98,67.14,45.56,68.66,5.58,3.67,7.0,Placed
11344,22,78.25,4.57,75.16,77.31,100.0,7.48,8.3,5.18,Not Placed
11345,19,87.1,1.46,77.69,86.89,93.36,7.35,6.12,3.04,Placed
11346,25,78.29,2.83,78.59,91.68,100.0,6.85,4.76,3.89,Placed
11347,24,74.43,3.04,100.0,73.4,100.0,6.63,6.61,1.02,Placed
11348,23,77.64,3.92,58.19,39.13,69.89,6.17,6.18,7.25,Placed
11349,23,88.73,6.46,100.0,78.36,100.0,7.6,7.24,6.29,Placed
11350,22,70.05,3.26,53.15,83.47,100.0,6.04,7.39,2.83,Placed
11351,18,76.49,2.56,77.79,56.86,89.55,7.64,6.3,6.03,Placed
11352,21,78.12,8.74,54.08,66.84,100.0,6.51,7.91,5.85,Placed
11353,21,88.38,3.02,76.59,75.74,96.08,6.69,5.35,4.65,Placed
11354,25,76.8,3.46,86.73,96.6,100.0,8.66,3.98,5.45,Placed
11355,19,99.7,3.16,72.49,63.91,87.51,8.35,6.98,5.64,Not Placed
11356,21,76.12,3.3,86.6,82.26,95.88,6.0,6.49,5.27,Placed
11357,20,75.15,3.94,65.64,73.06,96.91,6.15,4.53,4.8,Not Placed
11358,19,75.95,5.46,41.25,71.19,100.0,8.13,7.53,4.67,Not Placed
11359,18,62.2,4.53,81.4,89.29,82.94,5.48,4.76,3.37,Placed
11360,20,65.56,5.74,72.46,54.7,100.0,8.94,6.67,6.32,Placed
11361,18,71.63,5.68,64.81,71.69,100.0,7.36,7.72,8.46,Placed
11362,18,91.63,4.18,65.84,68.43,100.0,6.51,7.11,2.26,Not Placed
11363,20,77.6,4.48,78.1,43.89,94.96,7.21,7.04,4.57,Not Placed
11364,19,72.18,5.8,59.78,87.72,100.0,8.83,6.23,3.19,Placed
11365,22,92.72,1.8,77.63,81.26,80.38,4.64,7.0,5.6,Not Placed
11366,18,96.61,8.3,89.83,68.54,100.0,8.43,7.41,5.35,Placed
11367,20,93.06,2.88,100.0,63.82,100.0,8.63,6.03,4.77,Placed
11368,21,67.76,3.17,93.07,68.0,86.07,6.81,5.44,3.32,Placed
11369,25,72.06,1.62,74.43,79.32,85.23,7.11,7.75,3.55,Placed
11370,23,99.76,1.67,75.86,68.85,100.0,7.36,9.02,2.98,Placed
11371,25,80.89,5.55,66.0,57.32,100.0,8.08,8.59,1.06,Placed
11372,20,74.79,7.89,65.02,59.73,100.0,6.32,3.65,6.96,Placed
11373,21,86.62,2.78,85.08,67.81,100.0,7.18,8.3,5.84,Placed
11374,21,90.09,4.43,67.39,53.08,85.8,7.08,6.04,7.08,Placed
11375,25,71.14,4.2,77.49,73.33,100.0,8.01,8.96,3.8,Placed
11376,25,80.63,5.6,57.56,55.31,100.0,10.0,5.55,5.48,Not Placed
11377,25,89.12,7.79,92.55,52.73,100.0,6.32,5.45,2.8,Placed
11378,24,64.08,6.54,67.16,100.0,100.0,7.29,6.74,3.36,Placed
11379,22,78.15,3.37,88.32,99.04,100.0,6.29,6.32,8.6,Placed
11380,22,64.63,4.75,61.44,70.3,86.78,6.61,6.38,3.75,Placed
11381,25,66.2,4.93,60.65,81.62,76.35,5.91,7.93,6.39,Placed
11382,20,71.24,3.76,91.92,84.34,100.0,5.36,8.28,5.0,Placed
11383,20,83.73,1.83,62.61,66.79,87.49,8.62,5.67,1.71,Not Placed
11384,25,74.14,2.36,48.48,72.52,85.84,7.63,8.77,4.23,Not Placed
11385,21,70.22,5.87,56.4,63.81,88.05,7.31,5.32,5.26,Not Placed
11386,19,78.62,6.05,84.85,88.09,100.0,6.15,6.07,5.92,Placed
11387,22,64.24,3.43,83.41,88.31,100.0,7.11,9.84,0.93,Placed
11388,20,83.15,4.27,60.56,92.99,100.0,5.81,7.24,2.57,Placed
11389,25,91.58,5.96,62.52,72.26,100.0,7.17,6.01,5.12,Placed
11390,25,77.05,0.73,82.1,100.0,100.0,7.6,7.12,2.62,Placed
11391,20,75.57,3.0,91.74,66.78,92.76,6.55,7.65,6.94,Not Placed
11392,22,82.48,7.43,70.97,100.0,100.0,6.29,7.2,4.38,Not Placed
11393,25,53.66,4.34,80.31,60.59,99.57,6.61,8.34,5.47,Not Placed
11394,23,84.44,1.77,85.1,47.24,78.15,8.18,5.76,7.09,Not Placed
11395,19,100.0,4.01,100.0,100.0,100.0,7.44,6.02,2.07,Not Placed
11396,22,76.53,5.64,54.66,78.57,93.56,5.27,5.73,5.42,Placed
11397,22,76.57,0.2,61.97,76.31,87.65,8.07,5.8,4.77,Placed
11398,23,86.92,4.12,64.4,62.23,93.62,7.85,6.85,4.83,Placed
11399,18,97.74,3.13,84.41,54.48,100.0,7.42,5.52,4.05,Placed
11400,20,89.7,0.84,68.22,56.0,83.14,9.17,7.15,4.82,Not Placed
11401,24,52.13,3.95,76.68,70.22,95.41,7.23,7.56,0.5,Placed
11402,19,84.76,3.55,73.83,65.6,94.6,7.72,5.33,6.99,Placed
11403,20,100.0,3.76,72.03,36.95,90.22,7.76,6.04,1.83,Placed
11404,20,85.47,3.17,73.61,95.1,97.49,8.25,6.19,8.05,Placed
11405,19,64.14,1.96,87.45,61.28,84.9,6.93,6.54,2.6,Placed
11406,19,81.38,1.18,57.44,87.81,98.82,6.43,6.6,2.51,Placed
11407,20,62.63,2.56,69.77,56.71,86.22,8.37,7.89,5.31,Placed
11408,24,92.79,5.35,53.77,70.48,100.0,8.31,7.98,5.04,Placed
11409,18,66.53,4.22,75.4,83.56,97.95,8.73,5.83,5.4,Placed
11410,20,78.89,3.68,69.07,81.35,100.0,7.7,7.63,5.22,Placed
11411,18,67.71,1.93,88.04,63.71,90.12,5.22,8.45,4.22,Not Placed
11412,22,71.44,3.13,71.93,76.15,94.67,7.4,8.25,3.76,Placed
11413,20,95.83,5.13,65.34,78.82,100.0,7.24,7.05,5.66,Not Placed
11414,24,79.24,4.71,68.3,65.63,100.0,8.68,6.73,3.12,Placed
11415,22,71.29,2.94,97.85,50.18,93.26,8.47,5.12,4.74,Not Placed
11416,24,64.26,0.2,48.45,58.01,80.98,7.94,6.3,1.11,Not Placed
11417,23,55.54,2.59,62.59,61.93,71.8,4.71,5.01,5.01,Not Placed
11418,21,62.98,2.93,72.54,68.42,87.61,6.21,8.17,4.7,Placed
11419,24,79.34,2.17,62.45,93.48,82.03,6.76,6.48,4.42,Placed
11420,21,89.76,3.06,79.36,82.52,86.32,6.79,6.7,7.91,Placed
11421,25,71.28,5.27,71.15,54.94,78.46,7.4,6.06,7.49,Placed
11422,25,96.85,3.73,75.84,97.38,100.0,8.98,5.11,6.33,Placed
11423,22,69.39,5.58,73.77,66.74,100.0,8.14,7.66,6.28,Placed
11424,23,75.14,1.08,70.45,78.76,81.46,6.1,7.4,4.71,Not Placed
11425,20,65.05,3.25,52.64,52.98,73.93,6.21,7.92,5.11,Not Placed
11426,24,89.89,0.31,74.64,60.76,89.2,6.1,4.7,5.37,Placed
11427,23,100.0,3.03,45.55,84.61,100.0,7.06,8.38,5.71,Placed
11428,25,56.86,1.92,61.92,53.94,70.41,8.17,6.65,4.64,Placed
11429,20,73.85,6.11,79.34,68.88,100.0,8.36,7.73,5.58,Placed
11430,24,93.18,4.54,89.85,75.53,92.38,6.75,3.64,4.63,Placed
11431,21,60.64,5.63,100.0,51.63,97.03,7.16,7.29,5.34,Placed
11432,19,84.8,3.03,65.58,39.56,81.01,9.21,6.71,6.34,Placed
11433,19,92.66,1.96,59.02,82.52,81.53,5.42,6.54,3.19,Placed
11434,22,78.94,1.91,79.83,100.0,100.0,7.97,6.68,4.76,Not Placed
11435,20,84.6,4.28,100.0,75.34,100.0,7.84,6.08,4.65,Not Placed
11436,18,99.13,7.06,94.99,78.41,100.0,6.84,5.11,2.46,Placed
11437,21,100.0,4.54,56.47,53.85,89.94,7.18,5.28,7.28,Placed
11438,23,77.26,3.13,69.89,91.51,100.0,7.7,6.83,2.85,Placed
11439,20,71.61,3.46,84.76,61.97,92.05,6.85,8.37,7.37,Placed
11440,25,66.96,3.74,85.8,86.62,90.22,6.43,8.13,1.82,Not Placed
11441,24,89.72,7.45,80.88,77.72,100.0,6.34,7.08,1.51,Placed
11442,22,61.54,6.02,65.27,78.11,100.0,9.43,6.21,3.83,Placed
11443,25,74.97,4.27,80.74,77.49,91.17,6.67,9.28,5.3,Placed
11444,21,79.23,4.0,85.94,76.98,100.0,7.44,7.62,5.28,Not Placed
11445,19,71.96,4.34,58.02,72.53,99.88,8.14,7.51,7.09,Placed
11446,18,81.36,4.69,91.95,83.51,100.0,6.95,5.2,2.96,Placed
11447,25,100.0,3.06,86.88,56.38,100.0,7.24,7.11,6.35,Placed
11448,25,76.54,2.28,60.87,64.18,84.49,7.8,5.31,1.18,Placed
11449,23,72.78,5.66,85.87,91.49,96.82,6.18,9.3,2.57,Not Placed
11450,18,90.18,3.84,84.2,70.77,89.11,5.36,5.79,3.97,Placed
11451,20,80.88,5.51,84.77,62.78,78.18,6.32,6.07,2.3,Placed
11452,18,95.27,6.76,95.64,84.56,100.0,9.27,6.02,5.59,Placed
11453,18,79.98,4.74,71.84,81.4,96.13,6.51,6.36,3.2,Placed
11454,19,75.02,4.45,76.97,47.2,86.85,7.36,7.6,6.51,Not Placed
11455,22,56.6,9.56,32.42,79.68,97.97,5.61,6.8,6.24,Not Placed
11456,18,58.56,4.17,88.74,70.2,100.0,8.81,6.85,3.15,Placed
11457,25,55.97,1.84,87.29,79.39,93.04,6.84,7.66,3.8,Placed
11458,21,82.55,3.29,92.34,68.17,95.05,6.65,4.98,4.32,Placed
11459,20,61.65,6.59,57.95,75.43,86.06,7.04,7.7,7.21,Not Placed
11460,22,93.07,1.47,86.43,38.7,100.0,10.0,6.96,2.62,Not Placed
11461,24,78.36,2.45,87.28,53.68,89.39,7.73,5.96,0.5,Placed
11462,20,75.07,5.79,62.24,79.84,100.0,7.01,6.96,3.65,Placed
11463,18,67.87,3.31,87.84,100.0,94.5,4.0,6.94,2.66,Not Placed
11464,18,85.47,3.6,78.95,73.88,97.33,8.82,3.65,1.44,Not Placed
11465,24,68.35,5.73,46.53,56.92,83.33,6.37,8.45,4.43,Placed
11466,18,66.18,2.51,80.77,70.17,89.69,6.18,8.25,2.15,Placed
11467,23,92.26,1.16,60.49,53.71,72.96,6.28,5.23,5.18,Placed
11468,21,82.26,1.3,46.86,88.0,100.0,8.96,5.89,2.09,Placed
11469,24,75.18,4.85,77.5,68.77,94.79,7.15,8.42,10.41,Not Placed
11470,18,85.7,4.27,71.02,84.85,85.08,5.37,7.6,6.62,Placed
11471,25,78.11,2.55,93.06,65.54,100.0,6.96,7.27,3.03,Placed
11472,23,82.6,1.71,74.73,86.27,94.45,6.2,7.32,2.96,Placed
11473,21,68.2,3.31,83.68,42.02,87.75,7.63,7.25,4.12,Placed
11474,19,100.0,5.81,79.63,68.39,100.0,6.74,5.52,5.97,Placed
11475,25,71.04,2.3,87.31,76.63,87.9,5.32,6.12,3.6,Placed
11476,20,96.67,2.61,58.7,63.71,92.42,7.1,8.0,2.18,Placed
11477,21,75.73,1.66,74.98,73.75,80.92,7.13,7.59,1.6,Placed
11478,21,87.69,3.14,69.89,73.48,73.25,5.7,7.14,4.46,Placed
11479,19,86.81,4.41,81.81,84.78,100.0,4.85,6.02,3.05,Placed
11480,21,91.76,7.61,75.84,77.94,100.0,7.54,7.99,5.07,Not Placed
11481,19,67.91,4.19,62.79,74.29,91.93,6.86,5.64,0.5,Not Placed
11482,18,90.91,3.7,66.93,82.07,98.37,6.94,8.58,5.45,Placed
11483,20,100.0,5.35,96.73,46.35,100.0,8.09,5.93,3.86,Placed
11484,18,74.9,5.05,46.58,55.96,85.17,4.87,5.75,0.99,Not Placed
11485,21,78.42,2.76,82.64,45.84,81.0,7.27,6.84,5.22,Not Placed
11486,24,71.72,7.94,90.62,76.78,100.0,8.0,7.06,5.5,Placed
11487,19,73.84,3.76,80.68,74.62,100.0,6.98,6.92,2.89,Placed
11488,18,98.54,4.23,100.0,90.16,97.74,5.5,5.21,5.79,Placed
11489,18,65.95,4.79,86.08,73.63,82.8,6.41,7.31,1.77,Placed
11490,22,66.69,4.42,77.76,57.89,88.78,6.66,7.98,0.5,Placed
11491,20,97.33,6.55,65.0,70.14,88.56,5.31,6.7,4.16,Not Placed
11492,21,85.49,2.74,78.04,37.99,94.19,7.65,4.94,2.73,Placed
11493,18,100.0,5.21,82.23,61.47,97.62,7.2,6.55,2.01,Placed
11494,20,72.59,4.1,72.05,30.45,70.49,6.43,5.44,5.64,Not Placed
11495,21,79.52,5.57,60.86,73.26,95.72,8.38,4.48,4.93,Placed
11496,21,70.07,3.41,53.94,63.53,86.12,6.57,6.14,7.78,Placed
11497,22,79.72,3.17,74.78,65.88,100.0,8.98,8.75,5.33,Not Placed
11498,24,56.71,5.12,49.8,53.09,76.95,6.88,6.7,5.61,Placed
11499,21,86.22,4.44,64.93,57.3,86.23,6.05,6.47,2.75,Placed
11500,24,81.88,2.32,35.52,79.08,84.51,6.09,7.65,0.5,Placed
11501,22,77.31,6.22,84.5,45.02,100.0,7.31,7.53,8.46,Placed
11502,20,73.32,5.12,89.31,76.09,80.14,5.92,5.04,5.49,Placed
11503,19,67.26,3.67,73.18,55.02,78.73,7.37,9.04,7.71,Placed
11504,20,86.73,2.96,99.47,41.1,100.0,6.72,7.04,2.14,Placed
11505,22,63.95,4.46,92.21,87.62,100.0,6.69,7.89,6.51,Not Placed
11506,19,84.14,4.99,79.2,89.27,94.04,7.15,6.09,5.08,Placed
11507,25,100.0,0.93,70.3,59.37,100.0,8.41,4.45,6.62,Placed
11508,21,95.83,4.48,66.76,59.21,96.65,6.55,6.66,5.66,Placed
11509,24,59.94,4.97,80.44,63.99,94.73,7.42,5.48,4.04,Not Placed
11510,23,71.56,0.2,69.88,55.04,91.37,7.73,8.21,5.06,Placed
11511,20,83.06,4.15,80.22,57.86,81.27,5.75,5.1,3.79,Placed
11512,19,77.16,5.05,81.34,75.2,99.08,7.83,6.83,6.17,Placed
11513,23,61.21,4.85,68.56,100.0,100.0,8.18,7.52,2.91,Not Placed
11514,20,82.62,5.24,88.44,62.32,100.0,8.36,7.31,3.1,Placed
11515,19,77.88,3.21,68.57,84.37,92.48,5.87,6.2,4.18,Not Placed
11516,25,100.0,1.93,72.32,73.65,87.13,5.95,4.66,5.73,Placed
11517,21,74.96,0.56,57.34,41.24,67.76,7.13,4.99,4.61,Not Placed
11518,18,92.02,5.77,67.94,67.61,100.0,7.07,5.89,3.85,Placed
11519,21,62.79,5.07,100.0,65.6,97.74,7.22,5.11,6.61,Placed
11520,21,65.66,5.9,58.49,91.43,98.67,6.77,6.71,5.68,Placed
11521,24,86.66,2.49,78.57,92.08,98.35,7.42,5.88,3.58,Placed
11522,23,91.0,5.25,65.18,74.03,84.98,4.14,5.25,2.42,Placed
11523,19,66.51,1.1,38.79,87.43,73.33,7.99,5.09,4.15,Not Placed
11524,19,78.29,2.23,80.38,65.66,100.0,8.97,4.89,3.25,Placed
11525,22,61.42,4.03,63.66,85.91,98.26,6.54,6.73,2.96,Not Placed
11526,18,75.83,4.99,76.79,69.61,100.0,7.44,5.92,6.0,Placed
11527,20,125.0,6.82,86.85,85.56,100.0,9.22,6.83,6.75,Placed
11528,19,72.78,3.37,75.52,87.19,94.18,7.24,6.71,4.38,Placed
11529,18,75.01,2.24,76.92,79.46,93.41,7.57,6.56,4.49,Not Placed
11530,25,64.44,2.15,58.98,56.13,93.67,9.41,7.58,3.02,Placed
11531,18,70.22,2.56,82.6,61.27,92.73,9.64,5.03,2.37,Placed
11532,18,99.1,7.8,69.15,80.04,100.0,5.93,7.58,6.09,Not Placed
11533,25,78.88,5.16,42.02,82.3,100.0,6.71,7.27,1.96,Placed
11534,19,65.97,5.8,84.41,70.53,100.0,8.27,6.56,3.26,Placed
11535,24,74.22,3.37,88.99,63.0,98.14,7.8,5.83,3.2,Placed
11536,18,58.83,3.8,94.22,71.06,96.48,8.05,6.85,5.35,Placed
11537,19,65.83,5.06,100.0,63.54,83.1,4.05,7.34,4.11,Placed
11538,18,94.32,2.89,83.6,63.63,68.07,4.86,5.12,3.36,Placed
11539,23,76.29,3.28,79.71,99.36,100.0,9.34,7.53,7.22,Not Placed
11540,22,100.0,2.59,88.37,60.39,99.72,8.13,8.89,7.76,Placed
11541,21,76.86,2.99,58.7,76.12,100.0,7.62,6.72,5.28,Not Placed
11542,19,77.57,3.89,46.92,70.45,89.4,5.71,8.36,4.79,Not Placed
11543,18,85.69,2.32,64.84,48.38,83.27,6.7,7.37,3.49,Placed
11544,22,45.93,4.31,91.16,47.82,90.89,7.88,7.12,4.46,Placed
11545,19,80.46,4.31,62.08,66.7,82.61,5.54,5.96,2.09,Not Placed
11546,22,77.41,3.48,78.98,36.76,71.54,6.35,6.39,6.48,Placed
11547,23,95.83,2.31,80.6,97.29,96.49,7.65,5.62,4.24,Placed
11548,24,89.58,3.99,75.66,62.21,94.36,7.91,7.93,3.12,Not Placed
11549,21,64.4,2.89,52.84,60.91,78.12,6.57,5.91,3.84,Not Placed
11550,18,92.91,3.88,77.14,87.57,100.0,8.38,8.91,5.91,Placed
11551,20,74.85,5.78,65.68,65.75,100.0,8.34,7.33,3.99,Not Placed
11552,24,67.15,1.54,97.54,78.42,75.48,5.05,7.27,2.93,Placed
11553,22,80.37,7.71,89.05,58.84,100.0,9.17,5.21,0.5,Placed
11554,22,75.57,3.67,66.21,68.73,99.64,8.6,7.6,4.34,Placed
11555,21,96.46,4.54,98.49,83.5,100.0,7.45,6.54,5.25,Placed
11556,19,82.09,2.45,77.16,54.21,90.64,7.04,6.12,3.52,Placed
11557,25,80.47,5.86,46.93,76.44,90.21,8.15,6.01,2.91,Not Placed
11558,24,88.81,3.57,70.83,29.34,88.18,7.84,5.31,2.25,Placed
11559,25,91.11,3.09,96.53,88.25,100.0,6.87,6.81,3.75,Placed
11560,24,87.4,2.76,59.7,59.1,88.57,9.13,6.6,2.27,Placed
11561,20,95.03,3.32,70.98,66.63,78.5,4.67,5.22,2.26,Placed
11562,20,85.3,4.55,51.6,66.43,77.39,6.4,7.42,3.54,Placed
11563,19,80.01,4.11,53.98,52.4,86.21,7.74,9.35,8.27,Placed
11564,25,92.87,3.73,59.49,51.17,73.01,7.14,5.09,9.17,Not Placed
11565,22,76.91,2.52,53.59,76.34,83.68,8.04,6.66,6.86,Placed
11566,21,78.4,2.42,62.73,77.09,86.81,5.53,8.79,5.79,Placed
11567,25,98.66,2.97,98.07,53.84,100.0,6.89,5.87,0.62,Not Placed
11568,22,97.46,4.63,71.46,76.66,90.79,8.58,7.33,9.85,Placed
11569,25,77.9,4.99,83.78,76.93,91.76,5.41,7.27,5.28,Placed
11570,25,72.56,5.23,88.37,61.95,98.52,6.91,7.59,2.3,Placed
11571,18,95.56,3.8,55.37,47.3,83.07,6.56,9.0,9.87,Not Placed
11572,20,87.61,4.49,59.53,67.4,100.0,7.64,4.65,4.3,Placed
11573,23,81.79,3.5,83.49,73.84,100.0,7.67,7.03,6.17,Placed
11574,24,74.14,0.66,62.49,67.06,87.9,7.32,6.2,3.87,Placed
11575,19,81.98,3.41,82.49,58.52,92.22,6.85,6.75,5.64,Placed
11576,20,77.74,3.12,97.16,75.47,96.36,7.28,6.85,5.87,Placed
11577,22,70.03,1.93,50.17,88.25,81.74,7.0,6.45,6.22,Placed
11578,24,79.55,2.78,66.65,55.68,86.97,7.16,5.5,7.07,Not Placed
11579,18,81.19,4.04,69.03,63.23,92.62,8.95,5.58,4.81,Placed
11580,22,73.5,1.76,64.1,100.0,85.27,5.76,9.35,4.92,Not Placed
11581,20,88.85,2.52,62.88,72.65,94.83,7.61,5.14,4.4,Placed
11582,19,93.47,6.59,64.62,47.73,100.0,6.07,8.27,2.41,Not Placed
11583,22,89.64,0.92,71.77,60.36,94.64,9.55,5.56,2.69,Placed
11584,21,74.69,3.47,74.47,55.89,94.75,7.31,6.91,3.88,Placed
11585,23,87.07,1.7,86.3,74.09,86.74,5.68,9.16,7.02,Not Placed
11586,20,78.94,2.45,71.62,72.92,89.47,6.92,7.75,5.44,Not Placed
11587,24,63.17,3.44,88.77,57.82,83.91,5.45,5.07,4.31,Placed
11588,18,86.07,2.02,63.12,97.7,88.03,6.44,6.4,3.97,Not Placed
11589,24,79.75,4.83,53.98,69.36,100.0,7.94,6.77,2.17,Not Placed
11590,18,100.0,6.23,67.43,60.71,100.0,8.83,8.04,2.7,Placed
11591,23,95.49,5.32,78.94,48.46,100.0,8.5,6.86,4.81,Placed
11592,20,86.53,5.64,84.91,53.68,99.48,7.07,6.61,4.52,Placed
11593,21,80.99,1.32,93.9,48.06,95.53,7.88,8.86,6.06,Placed
11594,18,79.96,3.36,76.35,64.95,83.96,8.17,8.7,4.07,Placed
11595,23,65.96,4.64,83.3,53.84,94.23,9.9,7.64,5.63,Placed
11596,19,57.13,5.37,92.53,80.54,100.0,6.48,6.05,1.44,Placed
11597,23,67.53,6.96,60.31,58.65,100.0,9.01,3.62,2.6,Placed
11598,23,77.43,5.72,68.85,81.44,92.0,5.89,5.27,5.03,Not Placed
11599,24,52.73,5.41,100.0,75.86,100.0,8.62,4.95,4.53,Placed
11600,23,71.47,8.54,84.85,78.33,100.0,6.46,6.73,5.98,Placed
11601,20,75.03,3.97,79.66,82.35,100.0,6.38,7.93,6.85,Placed
11602,23,75.41,3.28,85.41,99.89,99.92,6.86,9.17,6.94,Placed
11603,24,70.06,4.12,51.96,54.42,90.15,6.27,8.33,7.67,Placed
11604,20,73.9,2.15,62.3,81.54,91.97,7.71,5.95,8.14,Not Placed
11605,18,98.69,3.92,56.82,74.37,97.41,8.67,7.1,3.79,Placed
11606,25,85.95,0.69,78.28,85.01,74.59,4.67,7.28,9.1,Placed
11607,19,71.28,2.85,66.47,69.77,89.74,6.99,4.93,10.28,Placed
11608,22,77.18,3.59,73.43,86.82,100.0,5.9,5.75,1.9,Placed
11609,19,77.66,5.51,67.33,47.33,96.46,8.29,6.28,3.32,Placed
11610,19,68.78,5.8,47.6,51.93,100.0,8.9,9.36,5.22,Placed
11611,24,68.77,2.07,85.27,58.89,88.68,6.99,7.26,4.96,Placed
11612,19,,7.54,45.57,66.8,98.78,6.36,5.22,1.13,Not Placed
11613,23,72.96,4.07,61.09,68.74,86.1,5.26,6.29,2.6,Placed
11614,23,64.86,4.23,52.27,56.16,85.1,9.54,7.34,4.93,Placed
11615,18,77.48,0.89,58.8,52.15,82.3,8.78,6.5,4.06,Placed
11616,19,79.42,2.68,75.03,57.52,73.72,4.83,6.37,5.74,Placed
11617,24,54.33,5.69,90.53,40.65,98.87,7.99,7.68,8.41,Placed
11618,22,77.51,4.11,48.59,63.39,89.06,5.87,8.48,2.01,Not Placed
11619,18,88.42,3.99,63.64,67.07,88.48,6.59,8.26,9.13,Placed
11620,25,83.41,4.21,45.76,75.06,91.2,5.7,6.44,8.26,Placed
11621,20,100.0,1.2,62.92,70.67,71.68,4.8,6.6,1.05,Placed
11622,18,93.01,3.63,73.08,96.69,99.1,7.15,6.43,2.11,Placed
11623,25,95.39,6.33,83.51,81.0,100.0,9.47,8.07,3.69,Placed
11624,18,100.0,5.76,40.22,79.8,100.0,6.09,6.33,2.59,Placed
11625,22,87.1,3.57,80.26,73.84,87.72,8.27,4.49,5.66,Placed
11626,25,79.96,6.61,57.41,76.57,100.0,8.46,7.38,5.77,Placed
11627,22,89.68,1.53,53.76,64.47,79.83,8.07,7.44,4.78,Placed
11628,22,71.29,2.05,73.01,69.59,93.28,9.6,6.31,5.25,Placed
11629,21,79.29,7.15,81.41,98.74,100.0,8.35,9.02,4.23,Placed
11630,19,70.23,4.84,70.49,66.88,100.0,9.37,6.15,5.29,Placed
11631,22,82.78,3.28,55.6,46.69,76.94,5.82,8.5,8.33,Placed
11632,25,70.18,3.7,70.49,79.15,93.84,8.09,5.19,0.5,Placed
11633,18,69.76,2.35,61.12,82.0,100.0,9.01,7.13,4.54,Placed
11634,25,82.96,4.3,81.06,70.47,96.65,6.27,5.83,5.43,Placed
11635,21,76.35,4.16,88.13,37.95,70.96,4.0,6.71,4.3,Placed
11636,22,54.87,3.84,87.17,88.59,93.45,5.68,7.71,5.13,Not Placed
11637,19,60.53,1.71,71.7,71.68,76.63,6.33,6.12,6.9,Placed
11638,22,64.23,4.28,88.84,63.04,93.13,7.87,5.96,3.47,Placed
11639,19,67.4,2.85,56.69,87.01,85.52,6.52,6.53,8.92,Placed
11640,20,82.97,2.03,98.74,35.61,100.0,7.2,10.0,1.53,Not Placed
11641,23,80.63,6.08,56.6,69.79,88.92,6.47,7.04,5.74,Placed
11642,18,90.78,7.71,41.55,59.35,100.0,7.05,6.97,4.47,Not Placed
11643,21,87.03,7.3,92.48,91.87,100.0,7.12,7.32,5.02,Placed
11644,22,90.86,4.97,61.35,71.89,95.53,6.44,4.74,6.02,Placed
11645,19,85.3,3.32,73.75,54.17,100.0,8.19,7.91,3.26,Placed
11646,20,80.52,3.67,56.54,86.21,100.0,8.86,7.65,6.7,Placed
11647,20,91.19,4.53,100.0,28.66,85.41,5.82,4.66,8.45,Not Placed
11648,23,89.03,3.04,99.33,76.13,100.0,7.46,9.69,3.92,Placed
11649,25,82.51,6.17,95.2,47.79,85.79,5.48,6.8,3.46,Placed
11650,24,93.25,0.2,73.33,60.6,64.91,5.1,5.46,7.03,Placed
11651,19,49.85,3.27,86.71,64.15,99.68,8.44,7.18,6.46,Placed
11652,18,74.51,5.24,71.2,82.56,100.0,9.61,5.71,1.37,Placed
11653,18,74.33,2.28,88.83,100.0,93.78,6.81,4.87,5.61,Not Placed
11654,22,91.83,3.37,65.84,39.53,98.59,9.4,6.47,6.05,Placed
11655,19,96.86,4.87,95.77,75.14,100.0,6.42,6.53,4.39,Not Placed
11656,19,60.6,6.53,65.09,100.0,100.0,6.92,4.91,7.5,Placed
11657,24,94.93,1.47,66.79,58.83,95.29,9.2,5.86,1.29,Placed
11658,24,63.94,1.34,65.0,57.84,69.48,6.1,5.56,0.5,Placed
11659,24,64.31,2.1,74.89,71.78,96.89,8.3,6.37,6.63,Placed
11660,20,75.19,1.03,66.18,81.26,82.28,6.78,7.58,2.87,Not Placed
11661,22,74.18,1.16,79.31,78.52,95.16,6.34,6.97,4.43,Placed
11662,22,59.3,2.05,64.79,62.26,85.09,6.59,6.76,2.23,Placed
11663,19,85.8,6.02,83.86,55.16,82.74,4.6,4.61,6.2,Not Placed
11664,22,86.15,3.24,94.78,89.06,100.0,8.71,6.77,5.18,Placed
11665,22,90.65,3.86,73.16,55.61,89.74,7.47,5.49,4.23,Not Placed
11666,21,72.8,2.08,100.0,37.34,78.06,7.02,4.74,2.03,Placed
11667,24,77.53,4.94,88.91,44.75,93.67,6.37,7.85,4.18,Placed
11668,23,77.63,7.18,100.0,58.78,100.0,7.57,5.2,5.17,Placed
11669,22,98.26,2.2,71.08,91.88,100.0,8.26,6.91,3.44,Not Placed
11670,23,43.99,6.9,47.08,48.99,79.62,6.87,6.22,3.5,Placed
11671,24,66.52,4.46,61.41,92.35,91.97,8.36,5.66,4.52,Not Placed
11672,22,78.07,3.83,62.94,88.91,98.71,7.53,8.26,5.85,Placed
11673,20,64.97,4.52,57.7,71.6,81.85,7.09,6.08,5.35,Placed
11674,24,74.9,4.5,39.06,27.21,78.32,8.29,6.16,6.85,Placed
11675,23,76.49,7.14,87.37,49.06,97.7,6.59,5.92,4.32,Placed
11676,25,70.11,4.74,44.1,57.86,84.22,5.7,7.01,6.53,Placed
11677,19,78.77,4.77,85.93,95.69,100.0,7.14,6.61,2.17,Not Placed
11678,21,85.54,3.04,100.0,58.89,100.0,7.24,5.96,5.3,Not Placed
11679,25,75.16,5.31,60.33,55.63,88.89,6.93,5.69,5.19,Not Placed
11680,22,72.56,2.08,77.81,71.01,88.62,8.63,6.75,9.22,Placed
11681,25,76.01,4.0,66.02,45.45,92.09,7.8,6.02,3.16,Placed
11682,18,77.91,8.99,84.41,67.61,100.0,7.06,8.87,2.1,Not Placed
11683,18,57.12,0.2,54.08,55.22,74.76,7.19,6.17,2.96,Placed
11684,24,83.54,4.22,70.02,100.0,100.0,7.3,7.2,3.24,Placed
11685,20,72.59,4.29,88.82,53.32,99.83,7.83,6.69,5.32,Placed
11686,22,93.14,3.39,71.27,98.88,100.0,7.26,6.45,1.98,Not Placed
11687,21,85.09,3.43,47.57,49.76,76.53,7.01,7.88,5.19,Placed
11688,21,92.04,3.96,90.62,72.2,89.56,5.6,7.5,4.57,Placed
11689,25,65.87,3.35,52.56,76.01,78.88,6.35,7.47,6.33,Placed
11690,18,73.54,4.2,73.18,70.27,96.22,7.53,7.46,5.74,Not Placed
11691,24,63.09,2.92,80.74,69.29,86.55,7.43,4.86,6.16,Placed
11692,25,69.54,7.44,73.8,81.78,100.0,5.42,7.33,5.48,Not Placed
11693,23,93.03,3.35,100.0,74.68,100.0,6.53,6.5,6.84,Placed
11694,21,95.85,4.83,83.01,65.23,98.43,6.08,6.18,1.52,Not Placed
11695,19,64.22,2.6,68.96,57.21,99.91,8.84,10.0,1.59,Placed
11696,23,72.5,5.48,81.04,65.35,98.46,7.5,5.03,4.46,Placed
11697,21,77.09,5.12,75.15,65.15,100.0,7.72,6.69,4.67,Not Placed
11698,19,85.03,4.55,72.67,64.84,100.0,7.12,6.59,2.45,Placed
11699,20,56.88,1.95,75.66,69.22,80.73,6.45,6.7,5.62,Placed
11700,25,58.76,2.45,65.49,45.45,83.49,6.67,5.58,1.89,Not Placed
11701,20,83.88,6.84,75.19,51.56,100.0,7.79,7.07,3.96,Placed
11702,19,54.61,2.43,64.42,81.31,90.42,6.89,5.45,4.46,Placed
11703,23,72.64,4.95,43.56,31.99,82.64,7.8,7.14,5.64,Not Placed
11704,19,79.95,2.1,89.1,87.15,100.0,7.37,6.99,3.49,Placed
11705,25,82.99,5.62,63.52,59.06,93.57,7.55,6.51,6.93,Not Placed
11706,24,76.3,2.56,74.12,94.71,,7.62,6.71,7.86,Not Placed
11707,25,73.61,2.07,60.59,87.62,85.02,6.57,8.7,7.58,Not Placed
11708,25,88.13,2.52,61.05,62.76,89.06,6.83,7.49,8.12,Not Placed
11709,19,81.42,2.8,56.42,64.42,94.02,8.29,7.01,6.63,Placed
11710,19,70.24,4.53,86.22,93.49,100.0,9.39,7.31,5.73,Placed
11711,20,78.45,3.92,89.85,88.37,100.0,8.3,6.85,3.0,Not Placed
11712,21,82.6,1.83,72.39,83.56,75.19,4.0,7.46,3.37,Placed
11713,25,98.62,3.75,63.95,86.31,96.41,6.29,6.07,6.4,Placed
11714,23,87.44,1.74,46.6,50.6,83.25,7.34,9.45,0.94,Not Placed
11715,23,92.57,4.96,83.93,71.28,97.74,5.88,7.03,7.15,Placed
11716,25,70.67,5.29,61.85,55.67,81.87,5.83,10.0,3.29,Placed
11717,23,71.71,3.76,55.24,50.19,74.44,6.7,9.46,3.43,Not Placed
11718,21,75.18,4.29,72.44,70.62,90.95,7.61,6.2,6.05,Placed
11719,21,76.28,6.95,66.99,61.38,100.0,7.94,7.09,5.06,Placed
11720,22,65.9,3.52,49.23,65.34,85.98,6.76,7.24,3.66,Placed
11721,18,93.19,2.1,51.29,60.0,76.54,6.67,7.92,2.68,Placed
11722,23,88.6,4.84,77.05,47.93,99.75,6.19,6.96,1.5,Placed
11723,23,74.33,1.76,62.16,95.15,100.0,7.81,8.25,0.5,Not Placed
11724,23,85.7,3.42,79.65,70.49,98.94,7.73,4.69,7.43,Placed
11725,22,80.67,2.72,74.2,44.92,86.53,8.29,6.07,4.07,Placed
11726,24,86.64,2.54,87.71,70.91,84.92,7.36,6.57,2.72,Not Placed
11727,25,61.87,3.35,59.52,92.34,95.5,5.63,6.0,6.0,Not Placed
11728,22,76.25,5.42,75.49,83.34,99.18,6.78,4.72,2.94,Placed
11729,21,77.3,5.79,81.57,59.7,100.0,8.23,7.86,2.98,Placed
11730,18,85.48,5.47,62.61,60.08,81.69,5.12,5.47,6.88,Placed
11731,24,70.46,4.41,88.91,52.69,91.29,7.1,5.99,5.98,Placed
11732,25,48.0,3.34,47.01,56.12,68.86,7.54,7.71,4.87,Placed
11733,23,65.02,0.2,59.51,57.43,81.42,9.6,8.27,3.39,Placed
11734,24,77.27,4.46,46.44,44.51,90.25,6.48,6.12,4.97,Not Placed
11735,24,78.77,0.2,60.96,60.9,82.06,7.05,5.56,5.66,Not Placed
11736,24,98.2,0.34,69.68,73.5,100.0,9.23,5.82,5.02,Not Placed
11737,22,84.99,3.51,84.47,61.38,95.21,6.49,8.14,6.93,Placed
11738,18,78.98,4.28,69.67,71.48,100.0,8.49,8.21,2.5,Not Placed
11739,18,77.61,2.99,63.07,93.95,100.0,7.67,7.2,3.98,Placed
11740,19,91.25,6.56,48.76,97.37,100.0,6.93,7.1,5.61,Placed
11741,21,70.92,4.63,53.79,66.91,94.23,7.74,5.22,3.35,Placed
11742,23,76.32,3.35,76.65,82.08,96.1,7.02,7.36,6.41,Placed
11743,21,64.93,6.3,85.22,65.33,100.0,9.91,7.74,7.19,Placed
11744,18,95.03,6.62,65.71,60.19,85.19,4.72,7.0,4.62,Placed
11745,19,82.71,4.72,90.17,50.13,92.36,6.86,7.04,5.27,Placed
11746,25,69.51,2.4,57.75,69.39,73.32,6.9,5.56,4.08,Not Placed
11747,25,76.63,2.81,66.14,85.35,89.09,7.04,8.2,3.91,Placed
11748,21,84.12,1.2,67.41,47.61,83.23,8.5,5.17,7.07,Not Placed
11749,24,74.99,3.72,94.94,63.41,100.0,6.66,6.78,2.83,Placed
11750,23,71.59,1.91,74.0,62.63,100.0,7.79,7.35,6.15,Not Placed
11751,25,70.15,3.21,45.02,71.95,88.92,7.48,8.17,3.51,Not Placed
11752,25,82.07,4.27,86.27,72.2,100.0,8.21,8.06,2.81,Placed
11753,23,73.7,0.23,99.69,76.6,89.03,7.04,8.17,6.52,Placed
11754,21,72.55,1.53,68.25,98.35,95.33,7.59,6.44,5.89,Placed
11755,23,61.97,2.89,58.54,54.07,97.68,7.05,9.59,3.19,Placed
11756,20,78.93,3.71,84.96,53.19,89.31,6.02,8.11,4.16,Placed
11757,20,75.83,2.91,100.0,71.96,97.11,9.12,6.38,4.25,Not Placed
11758,22,74.14,3.31,84.73,91.24,98.88,6.29,6.45,4.97,Placed
11759,22,80.39,2.53,47.65,44.6,79.22,6.63,7.71,3.52,Placed
11760,22,86.98,1.19,83.32,73.3,83.69,6.17,6.24,7.97,Placed
11761,21,86.42,2.84,78.06,64.78,92.9,7.68,5.27,2.28,Not Placed
11762,21,84.63,3.42,57.68,81.67,100.0,6.63,6.9,1.47,Placed
11763,18,75.11,3.24,91.33,78.05,98.88,9.02,4.07,4.27,Placed
11764,22,71.2,4.0,78.58,68.78,90.09,7.84,7.23,0.53,Not Placed
11765,22,65.47,4.55,91.72,75.8,96.32,6.87,7.57,2.95,Placed
11766,25,70.88,5.03,56.08,57.47,82.76,6.11,6.48,3.23,Not Placed
11767,22,78.24,2.66,77.98,80.8,87.45,7.07,8.18,4.53,Not Placed
11768,21,68.56,0.96,58.57,90.18,89.65,7.82,7.82,4.11,Placed
11769,18,79.15,6.09,75.72,69.6,100.0,7.14,5.58,4.97,Placed
11770,19,66.41,4.49,94.16,61.47,87.91,7.03,6.85,2.94,Placed
11771,20,58.07,2.08,50.6,65.68,64.99,5.98,6.18,3.74,Not Placed
11772,21,87.83,4.3,51.46,80.64,100.0,9.89,6.41,5.66,Placed
11773,20,72.31,5.72,86.33,67.33,100.0,6.96,8.18,0.5,Placed
11774,21,67.96,6.91,71.79,48.81,86.67,5.55,7.55,5.34,Placed
11775,24,64.87,4.25,89.57,83.23,100.0,5.91,5.94,0.5,Not Placed
11776,19,83.08,5.71,59.89,52.27,88.49,6.79,7.07,4.52,Placed
11777,20,94.5,1.62,72.77,74.79,89.08,9.53,5.89,5.54,Placed
11778,19,73.16,3.74,82.32,38.14,89.94,7.0,6.22,5.12,Placed
11779,20,75.41,3.2,75.15,69.73,93.57,6.75,8.65,3.26,Placed
11780,23,90.86,4.42,45.17,66.91,99.06,8.21,9.86,5.01,Placed
11781,18,56.27,6.7,100.0,36.53,89.77,8.3,8.93,2.62,Placed
11782,20,100.0,4.25,75.18,73.33,96.03,7.99,7.13,7.26,Placed
11783,18,100.0,2.11,51.89,50.38,82.68,7.44,7.02,6.16,Placed
11784,25,45.52,1.53,76.71,69.36,72.04,5.87,8.02,2.6,Not Placed
11785,23,76.83,6.76,78.44,61.41,100.0,6.3,6.92,7.25,Placed
11786,19,69.37,4.72,86.91,44.31,80.75,5.29,5.09,4.89,Not Placed
11787,19,74.82,4.61,85.91,51.27,95.35,6.93,8.98,2.24,Not Placed
11788,18,72.98,3.18,68.79,52.55,,6.69,5.37,6.84,Placed
11789,21,87.74,4.28,46.17,83.72,88.92,6.57,8.25,7.79,Placed
11790,24,76.65,2.02,78.92,81.37,98.87,7.54,7.71,3.99,Placed
11791,22,67.07,4.5,47.36,100.0,96.68,6.41,9.03,5.23,Placed
11792,25,75.93,1.69,90.23,59.81,93.9,6.79,7.84,4.47,Placed
11793,20,84.18,3.15,61.01,59.29,87.42,6.62,6.09,5.66,Not Placed
11794,20,63.8,2.64,81.52,70.16,94.52,7.16,8.1,6.09,Placed
11795,21,58.25,0.2,62.16,62.32,71.57,7.64,6.36,6.47,Placed
11796,19,100.0,3.18,64.62,58.68,83.42,5.59,5.63,0.8,Placed
11797,25,70.29,2.18,59.99,68.87,84.98,7.74,4.6,3.46,Not Placed
11798,19,76.35,3.42,82.74,79.26,100.0,7.52,6.65,6.43,Placed
11799,21,73.23,3.8,62.68,34.21,84.89,7.7,4.77,3.1,Placed
11800,22,84.58,6.98,83.53,58.84,100.0,7.36,8.52,5.19,Placed
11801,18,99.27,4.35,63.07,45.56,86.69,7.63,4.91,2.67,Not Placed
11802,21,84.96,4.4,68.53,65.54,82.68,6.7,6.34,5.86,Not Placed
11803,21,59.78,4.69,72.53,74.92,93.12,7.73,6.4,4.57,Placed
11804,20,61.39,5.37,74.31,85.87,100.0,8.57,7.01,5.71,Placed
11805,19,73.21,4.62,58.14,61.06,79.73,6.61,5.76,5.29,Not Placed
11806,18,74.78,4.31,82.56,69.7,97.49,6.65,8.16,1.69,Placed
11807,18,57.34,5.08,67.93,41.09,76.14,7.96,7.0,8.69,Placed
11808,21,87.83,0.2,80.16,54.23,78.26,6.54,6.78,1.88,Not Placed
11809,18,64.96,7.56,71.76,71.31,88.23,6.34,6.02,9.47,Placed
11810,25,95.92,6.66,80.8,46.26,99.49,7.71,7.46,0.5,Placed
11811,19,99.85,4.19,65.83,87.79,94.88,6.68,8.48,4.64,Placed
11812,23,75.02,1.26,60.16,76.38,90.65,8.67,10.0,1.68,Placed
11813,23,83.27,5.98,78.4,53.53,96.05,6.64,5.67,7.73,Placed
11814,21,63.22,2.55,64.59,44.29,74.49,6.22,6.64,2.47,Placed
11815,25,85.48,4.76,93.88,56.49,99.09,7.19,4.51,2.31,Placed
11816,18,72.02,1.49,73.01,53.61,83.43,7.72,7.62,4.57,Not Placed
11817,19,64.95,7.81,51.4,48.53,95.37,7.58,5.16,7.36,Placed
11818,20,74.53,1.2,63.22,45.49,81.78,7.85,7.13,6.97,Placed
11819,19,72.41,3.92,57.01,64.31,92.22,6.54,8.28,4.05,Placed
11820,20,74.1,0.2,88.09,79.72,92.79,8.56,6.31,3.86,Placed
11821,20,89.4,3.73,83.6,56.62,84.62,5.21,5.68,5.54,Not Placed
11822,24,68.58,3.03,71.08,75.12,81.41,6.26,8.38,4.38,Placed
11823,20,98.82,5.85,76.35,62.76,99.67,7.25,7.65,4.66,Placed
11824,25,62.1,3.03,70.68,77.8,91.2,6.36,5.44,4.22,Not Placed
11825,24,97.39,5.85,84.91,55.42,96.75,6.83,6.97,5.72,Placed
11826,25,65.8,1.96,79.8,72.5,80.2,6.02,5.78,5.4,Placed
11827,18,77.99,3.29,82.5,69.92,97.18,6.95,8.07,7.54,Placed
11828,25,72.12,3.33,69.12,89.8,100.0,7.76,6.95,3.23,Placed
11829,22,73.88,4.69,62.53,76.94,96.95,6.56,8.63,3.21,Placed
11830,25,87.62,4.46,81.98,72.1,93.71,6.15,5.68,4.31,Not Placed
11831,20,96.0,5.1,95.27,44.48,100.0,6.65,7.07,4.1,Placed
11832,25,92.29,4.28,88.59,59.6,98.3,8.52,6.79,6.23,Placed
11833,22,73.14,4.99,95.72,55.19,100.0,8.51,7.11,2.39,Placed
11834,18,80.21,2.18,74.43,54.84,79.06,6.63,6.12,7.04,Placed
11835,21,68.62,4.5,57.45,68.25,94.56,7.81,4.1,3.93,Placed
11836,19,66.1,6.69,58.78,71.85,100.0,7.18,7.61,6.86,Placed
11837,25,64.24,0.78,92.69,72.48,90.29,8.74,6.86,9.56,Not Placed
11838,20,72.75,4.68,44.07,88.18,100.0,7.43,5.8,6.55,Placed
11839,19,81.0,5.02,94.57,75.74,100.0,6.96,6.2,5.75,Placed
11840,22,55.06,6.43,60.19,48.35,91.38,9.12,5.4,6.73,Placed
11841,21,77.44,5.11,100.0,71.24,98.94,6.09,4.57,3.91,Placed
11842,18,96.19,3.98,70.94,77.35,100.0,7.58,8.05,5.03,Placed
11843,24,91.46,4.57,82.84,88.2,100.0,8.84,7.49,3.16,Placed
11844,24,70.98,2.48,100.0,65.53,85.31,8.0,5.18,3.28,Placed
11845,23,61.24,3.1,67.05,65.69,93.66,6.28,9.83,5.12,Placed
11846,22,83.52,1.4,66.8,85.26,74.87,6.22,5.45,4.69,Not Placed
11847,21,50.19,6.48,61.58,70.86,91.63,5.51,7.66,5.36,Placed
11848,22,91.32,4.61,56.97,42.43,98.65,8.98,6.8,4.77,Placed
11849,22,75.44,2.15,67.05,38.99,70.99,5.84,5.28,3.94,Placed
11850,19,99.98,4.29,63.68,97.45,100.0,8.06,7.22,6.35,Not Placed
11851,18,57.28,5.89,53.25,40.58,70.04,5.49,6.58,3.27,Placed
11852,20,89.02,5.59,68.84,65.32,100.0,10.0,6.04,5.0,Placed
11853,21,76.79,2.13,78.75,82.13,80.01,5.58,8.38,6.8,Placed
11854,19,74.03,0.2,58.56,39.77,66.94,7.25,7.55,5.92,Placed
11855,18,61.56,4.51,69.56,50.7,100.0,8.65,7.66,4.44,Placed
11856,24,85.15,2.2,93.1,48.05,96.83,6.36,6.54,0.91,Placed
11857,20,86.11,4.92,50.71,96.82,100.0,7.88,7.22,3.82,Placed
11858,22,99.42,5.51,100.0,100.0,100.0,6.86,6.77,8.75,Placed
11859,22,90.1,5.8,61.89,56.25,100.0,7.67,7.4,4.0,Placed
11860,23,70.87,6.94,75.01,77.27,100.0,8.5,5.63,4.49,Placed
11861,23,65.95,6.03,91.19,72.93,92.81,6.69,3.95,4.84,Not Placed
11862,20,61.58,6.95,95.77,63.51,100.0,9.0,8.43,5.35,Placed
11863,24,95.68,6.28,79.05,41.97,97.93,7.62,6.78,3.19,Placed
11864,20,68.66,6.44,61.58,100.0,100.0,9.54,7.49,6.02,Placed
11865,24,95.76,3.73,60.26,38.94,87.08,6.2,5.98,5.32,Placed
11866,21,84.3,1.48,63.38,71.39,96.16,6.43,6.53,1.06,Not Placed
11867,18,81.96,8.27,100.0,57.64,100.0,6.92,8.62,0.5,Placed
11868,24,74.32,3.91,66.25,84.13,92.09,5.74,7.24,3.43,Placed
11869,18,85.93,6.01,76.85,81.54,100.0,8.31,9.45,2.08,Not Placed
11870,24,77.81,2.81,56.34,52.34,78.38,7.11,7.87,5.12,Placed
11871,18,73.57,5.54,54.65,55.36,91.8,5.82,6.0,3.75,Placed
11872,19,86.35,0.2,72.4,43.2,83.87,6.21,7.33,5.44,Not Placed
11873,22,76.27,3.06,67.13,71.12,79.97,6.16,8.82,5.47,Placed
11874,25,68.42,3.62,68.22,79.37,90.75,8.31,7.06,2.49,Placed
11875,21,85.2,4.63,49.81,60.93,83.73,7.75,7.57,3.77,Not Placed
11876,18,77.23,5.73,70.9,64.08,96.77,7.04,8.5,3.39,Placed
11877,19,83.87,1.83,95.24,98.53,86.83,6.76,3.99,6.37,Placed
11878,25,72.55,4.99,59.2,82.98,100.0,6.91,7.64,4.15,Placed
11879,23,63.49,6.01,85.46,89.56,100.0,9.34,8.42,7.0,Placed
11880,18,98.82,8.02,20.03,32.13,83.03,6.92,5.88,7.11,Placed
11881,21,96.56,5.07,59.96,76.76,100.0,8.23,8.05,4.23,Placed
11882,20,88.61,2.97,43.34,72.02,82.42,6.8,6.79,3.32,Placed
11883,19,73.35,1.51,90.54,47.97,91.19,9.22,4.77,2.75,Placed
11884,24,74.4,7.09,85.18,51.3,99.58,5.74,7.75,5.92,Placed
11885,22,94.59,5.13,56.49,64.51,100.0,8.17,6.79,4.3,Not Placed
11886,19,73.75,3.76,76.34,46.53,87.75,6.29,6.71,3.04,Not Placed
11887,23,70.41,0.88,90.03,55.22,82.61,9.86,7.58,6.29,Placed
11888,21,100.0,2.12,92.36,60.61,100.0,8.04,5.66,6.33,Not Placed
11889,18,77.43,4.94,65.91,77.18,95.04,5.16,7.73,2.6,Placed
11890,21,99.22,4.44,38.87,56.69,87.29,6.08,5.71,5.22,Placed
11891,19,61.22,0.3,58.52,60.84,79.07,8.02,8.62,5.68,Not Placed
11892,19,84.22,4.94,83.49,84.39,100.0,7.99,8.17,7.9,Placed
11893,25,100.0,0.98,100.0,39.77,90.94,7.9,8.65,4.17,Placed
11894,23,78.36,6.24,71.19,71.64,100.0,7.39,7.36,4.5,Placed
11895,19,74.83,4.18,62.9,74.23,92.44,6.82,6.29,5.82,Not Placed
11896,24,63.99,2.97,100.0,74.67,98.84,8.5,5.93,7.04,Placed
11897,22,90.99,5.58,78.09,59.98,92.51,6.16,5.86,5.3,Placed
11898,24,68.76,4.44,53.58,50.96,92.87,7.26,6.59,4.95,Placed
11899,23,76.86,6.18,70.22,92.31,100.0,6.46,5.98,3.38,Placed
11900,20,63.19,3.94,87.0,54.3,100.0,6.36,7.19,3.85,Placed
11901,22,96.68,4.05,70.94,50.13,90.86,6.65,5.83,4.2,Placed
11902,22,91.86,3.29,83.92,68.32,93.56,6.32,6.05,5.9,Not Placed
11903,23,77.62,4.27,47.92,56.17,90.42,7.86,6.34,5.4,Placed
11904,19,64.15,6.86,50.49,84.81,87.98,5.43,5.87,3.12,Placed
11905,20,96.43,2.9,60.98,63.76,97.8,7.72,6.39,6.2,Placed
11906,19,73.61,4.97,67.77,86.89,97.08,6.44,7.5,4.16,Placed
11907,20,64.74,2.22,77.01,75.18,92.69,7.24,5.74,4.19,Placed
11908,19,56.85,0.2,81.55,61.79,67.13,7.0,5.36,6.04,Placed
11909,18,70.25,4.17,100.0,85.82,100.0,6.6,6.59,6.29,Placed
11910,25,60.54,4.47,60.92,57.59,99.83,8.66,5.43,5.19,Placed
11911,18,70.53,3.6,67.29,62.88,81.99,6.75,8.4,8.24,Not Placed
11912,25,86.93,1.11,61.34,76.47,90.15,8.04,5.96,0.75,Placed
11913,18,73.5,4.35,88.19,71.63,97.6,8.06,6.86,6.43,Placed
11914,24,82.27,4.28,89.01,57.22,94.27,6.87,7.34,2.5,Placed
11915,20,69.32,2.2,65.29,43.42,80.77,5.69,5.29,4.47,Not Placed
11916,22,78.78,1.36,100.0,67.7,87.72,6.14,5.79,4.55,Placed
11917,20,100.0,3.35,61.37,56.37,90.28,8.73,6.04,4.4,Not Placed
11918,21,73.82,4.98,87.45,68.47,99.2,7.79,7.74,2.69,Placed
11919,21,82.61,4.55,93.82,61.26,90.87,7.37,9.0,1.8,Placed
11920,22,59.21,2.21,51.58,56.52,75.92,6.52,9.03,0.67,Not Placed
11921,21,96.24,4.05,80.66,63.71,100.0,9.28,8.33,4.1,Not Placed
11922,22,72.27,5.4,31.12,66.83,74.58,6.16,5.31,4.79,Not Placed
11923,24,90.61,1.69,84.36,79.12,91.36,7.37,5.75,5.71,Placed
11924,21,76.52,3.91,55.48,74.77,87.68,7.8,8.46,6.84,Not Placed
11925,20,85.34,6.21,80.51,100.0,100.0,5.63,8.63,6.2,Placed
11926,19,86.05,1.51,83.32,70.26,90.12,6.29,7.75,6.49,Placed
11927,20,72.57,5.88,88.8,57.23,100.0,6.65,7.77,2.52,Placed
11928,19,91.1,6.71,85.35,65.34,100.0,8.23,6.29,6.73,Placed
11929,19,68.89,3.4,72.84,77.09,75.71,6.67,8.86,5.27,Not Placed
11930,25,87.34,3.18,66.29,84.05,87.98,5.48,5.92,1.92,Not Placed
11931,18,73.32,5.66,70.88,89.46,100.0,5.36,4.87,6.66,Placed
11932,21,82.19,3.46,55.26,51.73,99.55,6.28,7.76,2.75,Placed
11933,24,72.46,0.2,68.82,88.49,86.31,5.41,6.1,2.45,Not Placed
11934,25,78.6,3.62,67.64,67.26,92.06,8.12,5.24,7.6,Placed
11935,19,65.1,4.65,60.18,53.17,86.16,8.17,7.85,5.0,Placed
11936,19,80.97,5.13,45.88,64.74,100.0,7.21,4.61,2.43,Placed
11937,20,78.53,2.21,52.85,87.37,89.9,6.88,7.35,3.44,Placed
11938,22,71.52,3.31,24.75,75.32,83.12,8.09,6.26,6.63,Placed
11939,25,77.34,5.56,67.38,48.61,100.0,8.04,8.72,2.12,Placed
11940,19,79.61,3.69,77.41,48.73,64.04,6.02,7.35,4.23,Placed
11941,19,70.6,1.05,31.76,48.28,67.69,6.18,8.09,4.23,Placed
11942,20,76.45,6.03,75.55,56.3,84.75,8.05,5.5,9.96,Placed
11943,24,65.93,3.41,70.16,69.24,95.26,7.52,4.77,1.6,Not Placed
11944,18,100.0,5.76,54.35,49.98,100.0,7.93,6.37,1.68,Placed
11945,21,90.71,1.29,65.53,61.15,86.53,6.13,7.53,3.38,Placed
11946,18,81.28,3.58,87.76,90.43,100.0,6.3,6.89,3.24,Placed
11947,19,92.07,4.72,57.39,93.88,100.0,7.76,8.18,4.59,Placed
11948,25,54.25,3.64,73.18,92.81,100.0,6.38,7.46,3.57,Not Placed
11949,18,47.31,1.67,77.2,39.28,52.97,5.38,5.54,6.21,Not Placed
11950,20,73.21,0.2,59.67,94.78,85.86,6.4,7.36,4.69,Not Placed
11951,25,61.46,6.54,87.12,69.47,93.68,6.95,7.01,2.58,Placed
11952,22,75.16,4.25,78.06,69.25,100.0,9.24,8.32,4.04,Placed
11953,18,80.47,5.9,68.22,84.46,97.27,6.19,5.69,3.98,Placed
11954,21,89.04,5.47,100.0,79.26,100.0,7.13,6.0,6.8,Placed
11955,25,64.34,4.87,87.19,38.1,96.44,9.65,7.28,6.25,Placed
11956,21,82.8,3.22,46.71,58.2,88.2,5.89,8.5,5.95,Not Placed
11957,22,78.17,4.68,66.16,62.14,99.05,7.99,6.56,3.06,Placed
11958,22,82.17,6.38,100.0,46.72,100.0,6.35,7.52,5.15,Placed
11959,23,71.76,3.95,57.27,83.95,98.44,7.68,6.84,2.22,Not Placed
11960,19,94.6,7.22,73.0,91.02,100.0,10.0,6.75,5.82,Placed
11961,24,76.76,1.1,90.46,67.83,91.06,8.15,8.18,6.95,Placed
11962,25,99.29,0.91,81.78,72.78,89.03,7.38,6.93,0.5,Not Placed
11963,19,68.52,5.58,83.95,67.82,100.0,6.06,6.27,4.35,Not Placed
11964,24,86.91,2.33,83.06,69.59,89.29,6.99,6.2,4.35,Placed
11965,24,77.28,7.48,72.38,85.88,100.0,6.52,6.43,6.34,Placed
11966,23,74.07,6.21,60.12,39.75,88.25,5.46,5.97,3.35,Not Placed
11967,20,85.59,6.66,78.52,75.78,90.26,4.65,6.51,3.32,Placed
11968,21,74.41,5.39,65.96,68.19,86.8,6.2,6.87,4.86,Placed
11969,24,46.06,2.14,64.78,56.58,67.04,7.16,7.14,5.75,Placed
11970,19,41.25,0.81,94.24,59.95,80.83,8.54,5.62,4.95,Placed
11971,24,93.27,6.49,66.29,97.32,100.0,6.31,6.3,6.3,Placed
11972,25,92.76,1.1,97.59,46.76,86.9,7.43,6.35,5.92,Placed
11973,23,100.0,6.65,75.85,65.3,100.0,5.16,5.88,3.51,Not Placed
11974,20,77.79,5.01,69.61,94.07,100.0,6.24,6.1,4.59,Placed
11975,22,62.49,3.66,44.74,47.68,63.79,4.26,7.88,5.64,Placed
11976,18,72.96,4.6,100.0,60.7,100.0,9.88,8.44,2.96,Not Placed
11977,25,78.14,4.64,71.91,68.68,100.0,7.44,6.42,3.18,Placed
11978,20,65.92,3.44,37.94,74.6,92.87,7.4,5.95,1.63,Not Placed
11979,18,97.78,6.37,86.82,66.72,100.0,7.84,6.7,6.9,Not Placed
11980,24,100.0,6.3,71.25,53.67,100.0,10.0,6.9,8.88,Not Placed
11981,23,83.74,4.08,58.03,75.16,91.84,6.68,7.63,3.19,Not Placed
11982,22,77.87,2.72,85.97,66.39,68.96,6.02,6.32,5.7,Not Placed
11983,18,62.46,6.15,33.77,78.04,100.0,9.6,6.15,7.05,Placed
11984,24,96.56,0.2,61.29,82.78,79.45,5.72,9.74,2.21,Not Placed
11985,23,78.92,4.6,67.51,44.22,90.07,8.76,5.25,5.25,Placed
11986,24,74.53,5.13,84.78,84.53,94.24,7.11,7.88,7.21,Placed
11987,24,83.77,2.31,100.0,63.93,98.24,7.72,8.59,4.03,Not Placed
11988,19,70.97,5.55,68.33,81.2,86.46,5.48,6.5,4.4,Placed
11989,19,79.76,3.75,78.9,75.9,100.0,10.0,7.33,7.32,Placed
11990,25,60.69,2.82,100.0,97.67,100.0,6.74,4.79,3.72,Placed
11991,22,91.05,5.53,72.07,68.1,100.0,6.36,6.83,3.42,Placed
11992,21,76.75,1.85,79.02,61.55,81.52,7.86,8.19,4.2,Placed
11993,20,91.91,5.36,53.44,59.79,77.72,6.43,6.94,8.21,Placed
11994,23,75.59,0.23,100.0,51.41,75.35,7.71,6.85,6.17,Not Placed
11995,24,76.37,4.31,61.31,80.93,99.2,5.69,8.88,5.65,Not Placed
11996,18,63.45,3.88,76.03,50.38,100.0,7.37,7.78,5.63,Placed
11997,22,87.12,2.83,75.6,80.79,92.15,6.48,7.65,2.35,Placed
11998,25,67.49,4.5,73.28,64.42,79.99,6.26,5.83,5.71,Not Placed
11999,20,72.16,3.66,65.49,39.79,85.27,6.07,3.87,3.75,Placed
12000,20,78.01,5.7,75.62,91.81,100.0,8.26,7.25,4.22,Placed
12001,25,79.45,4.81,98.36,15.0,85.63,6.78,6.81,4.12,Placed
12002,18,57.53,4.61,100.0,66.69,97.14,6.98,7.72,6.5,Placed
12003,21,75.23,4.33,69.37,71.74,89.76,7.71,6.95,8.28,Placed
12004,21,,2.95,65.26,31.1,82.95,8.57,6.85,2.8,Not Placed
12005,24,73.46,3.26,59.87,75.06,84.06,6.09,6.84,6.77,Placed
12006,19,75.3,4.25,100.0,57.28,93.91,7.46,5.47,4.34,Placed
12007,21,79.95,3.49,73.93,64.02,71.66,6.11,4.59,6.22,Placed
12008,19,76.49,5.8,88.73,89.49,99.65,6.95,5.74,5.31,Placed
12009,24,65.63,3.97,82.45,70.28,97.93,8.48,5.48,3.48,Placed
12010,23,77.56,4.48,100.0,62.39,85.4,4.38,6.75,3.45,Placed
12011,21,89.93,1.28,68.28,65.27,83.97,6.09,4.84,4.29,Not Placed
12012,21,65.39,5.5,55.39,96.42,93.01,6.92,6.23,5.43,Placed
12013,19,73.51,2.75,99.89,74.47,100.0,7.66,9.12,5.71,Placed
12014,25,61.42,1.92,85.55,53.86,84.79,8.66,6.71,10.66,Not Placed
12015,23,89.3,6.76,78.84,60.19,95.52,5.16,6.86,5.81,Not Placed
12016,20,76.89,5.06,95.03,48.96,100.0,8.9,6.82,2.13,Placed
12017,21,67.8,5.56,79.7,60.77,95.3,7.82,7.05,7.24,Placed
12018,23,79.11,4.62,95.55,93.73,92.11,6.91,6.17,5.92,Not Placed
12019,23,63.56,3.63,75.7,65.34,83.19,5.44,6.6,4.41,Placed
12020,21,65.6,3.3,85.53,46.61,98.36,6.51,6.15,2.52,Placed
12021,20,60.48,5.2,79.9,74.89,100.0,8.43,5.01,4.17,Placed
12022,23,65.2,5.84,67.12,61.72,82.96,7.23,8.21,7.07,Not Placed
12023,23,94.29,3.68,68.92,76.98,97.5,6.98,5.74,5.73,Placed
12024,22,69.2,7.53,66.11,64.12,99.37,6.03,8.72,7.45,Placed
12025,18,83.59,3.44,75.98,91.12,100.0,8.08,5.88,7.34,Not Placed
12026,21,67.96,1.29,65.16,53.43,70.11,7.02,5.17,5.15,Placed
12027,22,87.11,0.7,78.54,49.36,100.0,6.92,9.12,0.5,Not Placed
12028,25,65.69,0.76,78.03,83.0,87.09,7.09,5.02,2.93,Placed
12029,22,78.47,3.06,75.08,35.94,73.42,6.43,4.08,1.65,Placed
12030,20,78.63,3.38,75.34,65.25,72.7,6.22,5.06,7.57,Placed
12031,22,100.0,5.03,63.51,80.81,94.44,5.38,6.63,5.76,Placed
12032,19,85.57,3.75,67.77,32.89,81.19,6.46,5.19,4.3,Placed
12033,18,70.89,5.32,46.94,69.03,75.41,5.04,6.12,3.69,Not Placed
12034,23,86.22,3.88,70.2,44.06,90.48,7.78,4.36,6.9,Placed
12035,25,100.0,3.82,57.21,38.48,90.35,6.4,8.1,2.93,Placed
12036,24,58.44,2.76,73.5,50.94,82.96,6.73,7.3,2.15,Placed
12037,22,67.89,6.36,61.28,65.07,90.5,7.16,5.28,1.97,Placed
12038,18,75.16,1.04,41.24,56.71,68.24,6.24,4.02,4.94,Placed
12039,25,72.99,4.34,100.0,85.71,100.0,5.79,5.72,3.09,Not Placed
12040,21,74.01,3.47,68.53,69.32,85.45,7.47,7.58,6.72,Not Placed
12041,20,62.35,5.21,93.71,60.18,95.21,9.47,8.09,4.69,Placed
12042,25,94.85,3.76,64.1,47.04,93.11,8.29,6.52,1.91,Placed
12043,23,60.93,3.82,97.47,71.59,96.52,8.74,6.2,4.21,Placed
12044,23,75.6,3.32,54.72,100.0,78.76,5.64,6.11,2.73,Placed
12045,20,90.55,6.31,74.64,56.75,100.0,6.97,7.17,4.42,Placed
12046,25,77.64,3.8,55.62,58.63,77.05,6.96,7.86,6.84,Not Placed
12047,21,66.25,7.35,100.0,51.03,99.75,8.91,6.63,4.35,Placed
12048,22,61.82,4.29,68.26,86.95,100.0,8.3,6.35,3.31,Placed
12049,24,75.24,3.84,84.43,82.83,100.0,7.0,7.74,5.53,Placed
12050,23,68.92,3.54,78.76,60.86,100.0,4.45,8.59,3.79,Not Placed
12051,19,80.46,4.82,71.62,58.42,76.74,5.81,6.46,5.71,Not Placed
12052,20,61.18,2.74,79.77,52.9,89.86,7.96,6.9,5.29,Placed
12053,20,87.76,4.06,92.39,63.37,88.46,6.82,5.9,2.53,Placed
12054,25,79.39,3.81,82.02,84.32,100.0,7.07,6.9,2.01,Placed
12055,23,80.28,4.39,74.44,68.66,97.69,7.94,5.69,3.89,Placed
12056,20,95.29,4.43,79.79,88.6,98.2,8.56,8.51,5.45,Placed
12057,23,72.75,4.52,100.0,56.48,95.66,6.27,7.86,8.09,Placed
12058,23,69.29,3.97,65.75,31.0,88.0,7.91,8.88,2.36,Placed
12059,21,71.43,6.62,44.19,100.0,100.0,9.13,6.13,2.6,Placed
12060,21,75.69,4.56,55.55,71.43,92.66,8.91,9.28,6.56,Placed
12061,25,76.91,,56.67,80.46,100.0,6.56,7.09,4.99,Placed
12062,22,68.03,3.89,58.78,55.4,89.18,7.55,6.64,4.24,Not Placed
12063,19,53.72,5.53,59.3,46.2,92.08,8.1,8.31,5.94,Placed
12064,23,71.27,2.49,71.65,70.48,95.39,7.22,5.58,7.08,Placed
12065,22,82.32,6.32,75.71,36.13,91.07,6.9,6.84,6.67,Not Placed
12066,22,79.64,2.53,75.55,63.73,76.09,5.12,6.61,3.19,Placed
12067,23,92.39,4.62,61.05,84.36,100.0,6.16,7.3,5.47,Not Placed
12068,25,100.0,3.32,86.91,75.18,94.85,6.37,6.27,6.85,Not Placed
12069,20,87.11,4.61,80.02,72.08,100.0,5.69,6.15,4.01,Placed
12070,21,94.59,3.38,95.72,95.9,100.0,7.33,6.34,5.34,Placed
12071,19,87.2,2.38,84.7,74.01,100.0,8.24,6.45,3.42,Placed
12072,23,98.52,3.31,66.76,37.53,86.02,6.7,6.89,2.69,Placed
12073,21,100.0,6.57,91.58,65.61,95.84,4.56,8.35,5.42,Placed
12074,20,89.41,4.64,76.1,98.81,100.0,7.06,4.21,6.44,Placed
12075,23,86.48,1.48,83.97,63.05,87.26,7.53,7.72,6.12,Placed
12076,21,75.54,5.77,82.81,97.83,100.0,7.45,6.23,1.92,Placed
12077,21,77.5,2.2,70.14,84.38,96.52,6.33,6.59,7.23,Placed
12078,21,73.95,5.14,73.55,61.46,78.09,5.75,5.5,5.77,Placed
12079,20,85.46,4.8,70.03,50.71,100.0,8.26,6.86,6.86,Placed
12080,19,69.36,4.91,59.21,73.44,100.0,7.62,6.33,2.75,Placed
12081,24,75.71,7.14,39.83,88.33,95.07,6.38,6.53,6.3,Placed
12082,18,49.74,2.31,61.59,42.74,68.8,5.4,7.5,5.9,Not Placed
12083,20,98.68,4.9,74.99,69.93,100.0,7.47,7.56,2.09,Not Placed
12084,23,75.35,6.07,88.28,35.34,99.0,6.12,8.5,5.51,Placed
12085,19,83.47,2.64,83.94,62.57,85.66,7.66,6.09,2.56,Not Placed
12086,23,95.49,2.46,67.81,41.52,93.47,7.39,7.62,4.66,Placed
12087,23,81.6,3.28,61.8,77.0,100.0,9.69,7.56,9.26,Placed
12088,23,95.33,4.38,69.3,56.98,88.49,7.11,6.91,5.21,Placed
12089,20,63.1,1.26,57.37,86.53,92.54,9.6,8.82,4.4,Placed
12090,18,100.0,4.79,40.27,59.35,97.42,7.3,6.03,1.66,Placed
12091,25,91.05,1.26,48.82,57.89,69.28,6.4,6.98,5.21,Placed
12092,20,80.51,6.13,92.62,42.16,97.36,5.93,7.17,4.33,Placed
12093,24,95.1,4.72,99.86,74.26,100.0,6.15,5.36,0.61,Placed
12094,19,63.98,7.24,83.31,75.87,100.0,7.71,8.32,2.45,Not Placed
12095,19,74.54,5.0,71.13,83.04,100.0,7.35,6.67,6.41,Placed
12096,24,95.33,3.25,51.11,78.48,78.24,4.99,7.32,7.22,Not Placed
12097,25,55.6,2.36,69.58,74.42,91.15,8.42,8.7,4.78,Not Placed
12098,24,84.73,4.23,81.18,77.53,100.0,8.97,7.06,6.66,Placed
12099,24,84.39,3.75,84.45,79.15,82.48,4.98,6.85,4.7,Placed
12100,19,100.0,5.94,82.33,82.52,100.0,8.41,6.88,3.12,Placed
12101,25,59.0,2.13,90.14,43.56,73.62,9.22,5.59,9.04,Placed
12102,23,97.32,7.44,100.0,60.61,100.0,5.04,6.34,1.81,Placed
12103,19,71.29,6.09,65.92,42.03,75.32,6.64,6.62,5.48,Placed
12104,19,72.64,3.43,100.0,73.31,88.37,6.18,6.92,3.33,Not Placed
12105,24,63.34,7.04,41.7,94.08,100.0,8.37,8.45,4.22,Not Placed
12106,20,64.95,2.39,60.33,82.34,88.06,6.7,7.91,7.81,Placed
12107,24,82.84,4.17,75.0,58.29,83.65,6.65,6.09,4.72,Placed
12108,19,64.65,1.5,80.24,76.09,81.61,7.71,6.77,3.99,Placed
12109,20,86.88,7.12,69.28,73.58,100.0,9.07,8.48,3.54,Placed
12110,20,70.04,0.83,64.56,71.73,92.19,7.13,4.73,5.76,Placed
12111,20,63.44,1.21,100.0,47.15,69.88,6.64,6.53,2.74,Not Placed
12112,23,71.67,2.66,63.85,89.04,94.58,6.86,5.23,4.82,Placed
12113,25,82.04,6.18,56.71,49.15,100.0,7.99,9.73,4.37,Placed
12114,25,74.67,5.52,97.36,62.13,100.0,5.6,7.73,3.07,Placed
12115,23,78.41,4.02,84.74,83.35,100.0,7.18,6.2,1.77,Placed
12116,19,86.35,5.63,88.42,62.03,98.02,6.07,6.76,4.7,Placed
12117,25,90.99,3.59,74.94,69.27,90.37,5.76,5.81,3.89,Not Placed
12118,22,74.28,4.56,51.36,69.91,84.41,4.87,9.19,5.08,Placed
12119,22,65.47,6.77,73.27,69.05,100.0,6.58,4.05,0.5,Placed
12120,23,78.91,3.36,49.29,69.84,91.01,8.49,7.19,3.72,Not Placed
12121,24,83.65,2.42,75.63,71.42,100.0,4.82,6.71,6.34,Placed
12122,25,60.47,4.65,81.8,69.2,100.0,7.85,5.57,1.34,Placed
12123,22,67.31,5.13,88.13,53.67,86.82,6.42,6.5,8.38,Placed
12124,22,69.37,4.0,70.61,43.2,75.44,5.92,4.86,5.36,Placed
12125,23,75.51,5.61,83.22,83.97,100.0,7.61,8.68,4.35,Placed
12126,20,68.87,3.44,58.44,84.7,98.45,8.77,6.83,4.85,Not Placed
12127,20,86.48,4.03,86.5,73.4,100.0,9.0,7.9,2.93,Not Placed
12128,23,58.74,4.47,82.12,73.27,95.72,7.54,6.22,7.47,Not Placed
12129,18,59.04,4.32,60.0,53.36,96.4,7.12,8.41,4.99,Not Placed
12130,20,73.99,6.7,79.96,28.98,87.27,7.67,6.84,4.76,Placed
12131,23,75.89,4.47,88.35,64.02,100.0,10.0,8.09,6.64,Placed
12132,25,60.54,3.25,73.18,37.64,72.19,6.85,7.48,5.41,Not Placed
12133,22,70.72,4.75,59.66,70.95,96.53,8.56,6.76,3.27,Placed
12134,21,73.19,5.62,74.67,88.87,99.53,6.49,8.0,4.56,Placed
12135,21,73.28,5.19,80.29,58.14,100.0,6.2,10.0,5.77,Placed
12136,23,79.82,5.09,59.55,59.06,95.19,9.32,5.44,4.75,Placed
12137,22,70.06,1.1,56.89,51.91,88.23,7.2,6.65,1.94,Placed
12138,18,95.73,0.2,79.82,68.71,95.32,7.47,5.25,7.43,Not Placed
12139,22,83.86,6.1,84.35,67.47,100.0,7.86,7.3,4.95,Placed
12140,21,68.31,4.59,100.0,51.69,83.82,6.13,7.07,3.84,Placed
12141,23,79.13,3.76,81.99,82.6,100.0,6.67,9.13,5.93,Placed
12142,25,79.49,5.05,53.86,100.0,97.39,6.43,6.49,3.64,Not Placed
12143,25,92.58,7.27,100.0,87.04,100.0,7.6,7.94,1.56,Placed
12144,22,70.8,6.34,87.82,66.23,100.0,7.64,4.3,4.62,Placed
12145,20,87.21,5.53,41.92,66.04,84.41,6.48,6.98,5.96,Placed
12146,21,78.5,2.2,56.55,59.78,100.0,9.63,5.76,4.08,Placed
12147,19,95.9,2.44,64.63,59.45,95.99,7.17,7.51,4.16,Placed
12148,25,93.49,0.2,84.57,83.33,100.0,7.32,8.18,4.25,Placed
12149,24,80.36,4.94,36.31,84.03,100.0,8.81,6.08,4.41,Placed
12150,24,74.85,5.8,70.21,49.29,88.87,6.15,7.45,4.91,Placed
12151,20,84.08,5.94,83.72,73.86,100.0,6.57,6.37,6.21,Placed
12152,20,75.83,5.02,29.49,85.78,80.6,7.54,6.86,6.09,Placed
12153,24,98.16,3.52,83.2,62.4,89.43,5.43,7.29,8.68,Placed
12154,22,78.94,2.78,85.0,64.62,86.17,6.92,5.6,8.11,Placed
12155,23,73.13,2.31,59.3,79.14,100.0,9.66,5.6,2.9,Not Placed
12156,21,72.48,3.51,54.7,79.59,100.0,9.39,7.84,4.16,Not Placed
12157,21,,2.04,59.07,74.86,82.3,8.28,5.99,6.06,Placed
12158,23,84.68,6.96,31.92,72.07,100.0,,8.34,1.03,Placed
12159,24,68.16,1.46,67.11,74.22,94.52,7.79,4.67,5.24,Placed
12160,20,91.18,3.45,75.29,63.56,100.0,6.68,7.92,2.9,Placed
12161,24,62.48,0.31,53.71,50.12,81.18,9.17,6.81,4.51,Placed
12162,19,79.53,4.33,86.58,43.09,91.86,6.06,6.69,4.64,Placed
12163,21,91.8,3.8,73.54,77.53,100.0,8.36,6.98,1.07,Placed
12164,25,52.17,3.16,75.9,69.73,91.91,6.59,5.06,9.45,Placed
12165,25,100.0,2.12,65.97,75.29,86.68,6.66,8.15,3.53,Placed
12166,25,72.9,,83.15,54.74,84.09,7.85,6.28,7.49,Not Placed
12167,20,79.69,2.82,91.36,69.64,100.0,9.64,5.8,1.34,Not Placed
12168,24,84.86,3.55,65.89,69.26,100.0,8.91,9.4,3.3,Placed
12169,25,86.71,7.32,83.42,88.46,100.0,7.61,6.38,6.18,Placed
12170,25,81.29,4.11,83.58,81.63,98.69,7.28,5.76,4.1,Placed
12171,18,89.97,4.76,78.27,56.16,94.51,8.14,7.78,6.18,Placed
12172,23,84.23,2.96,97.16,76.07,97.84,8.84,7.12,5.85,Placed
12173,25,99.13,2.39,61.1,56.05,90.85,5.09,8.01,2.92,Placed
12174,24,84.27,3.76,65.68,26.19,83.14,7.05,6.9,7.02,Not Placed
12175,19,100.0,8.31,60.35,95.62,100.0,5.94,7.95,5.73,Placed
12176,24,88.81,3.28,82.88,62.0,100.0,6.94,9.26,1.68,Placed
12177,18,56.33,4.45,67.91,84.63,85.67,5.69,5.89,4.78,Placed
12178,21,100.0,2.31,61.56,57.42,67.2,5.03,6.25,5.87,Not Placed
12179,23,71.11,0.2,96.95,55.08,65.78,5.62,4.88,4.37,Placed
12180,21,95.95,2.38,99.14,59.25,100.0,6.54,7.26,4.66,Placed
12181,23,78.32,8.09,67.07,72.04,100.0,7.9,6.95,5.54,Not Placed
12182,19,90.73,4.87,51.49,70.82,100.0,6.22,8.32,1.3,Placed
12183,22,69.74,6.75,99.95,75.96,99.77,6.16,6.77,4.17,Placed
12184,23,85.51,3.17,79.06,60.06,98.54,7.67,6.7,3.82,Not Placed
12185,23,74.96,0.2,78.31,68.65,87.68,7.54,7.03,6.08,Placed
12186,20,96.95,1.8,73.58,54.51,79.32,9.24,6.52,3.44,Placed
12187,20,83.26,4.51,60.0,91.51,100.0,8.32,7.24,8.46,Placed
12188,20,89.23,4.23,65.8,46.98,87.84,5.97,7.07,3.39,Placed
12189,21,52.03,3.78,82.17,54.85,100.0,6.4,7.45,2.31,Not Placed
12190,22,76.97,2.85,65.29,61.23,100.0,8.1,6.53,7.02,Placed
12191,20,82.93,5.49,78.49,100.0,100.0,6.14,7.46,5.75,Placed
12192,21,80.68,2.9,72.2,80.27,96.89,6.81,7.54,5.32,Not Placed
12193,20,89.53,4.35,56.15,54.34,83.31,5.15,6.41,4.07,Not Placed
12194,19,73.61,4.15,96.32,81.16,93.39,5.63,6.7,3.84,Not Placed
12195,23,78.59,3.14,80.91,76.25,91.5,8.71,6.59,5.47,Placed
12196,24,92.17,2.21,76.96,72.38,89.32,7.4,5.33,3.41,Placed
12197,20,50.66,3.03,80.33,79.13,81.02,6.45,6.22,8.11,Not Placed
12198,24,85.07,7.17,45.11,68.93,100.0,6.61,7.71,5.02,Placed
12199,22,73.99,5.8,64.6,70.73,100.0,9.26,7.82,4.0,Placed
12200,19,67.05,5.64,49.09,43.15,79.59,6.41,7.21,3.72,Not Placed
12201,20,82.04,2.38,73.87,91.09,94.77,7.77,5.58,2.11,Placed
12202,18,92.73,1.21,76.89,60.84,95.46,8.25,7.97,5.96,Placed
12203,18,90.47,5.77,74.12,48.2,100.0,8.93,9.02,2.96,Placed
12204,20,,5.43,89.68,59.93,89.24,6.18,7.51,4.24,Placed
12205,21,88.51,4.05,49.54,60.58,72.77,5.52,6.8,9.59,Placed
12206,24,88.42,3.13,60.01,55.18,96.58,5.88,5.76,0.89,Placed
12207,19,76.95,1.16,78.22,80.44,93.17,8.08,6.78,4.3,Placed
12208,24,69.68,5.36,75.96,83.59,100.0,9.59,6.21,1.76,Placed
12209,19,70.38,5.94,52.27,36.65,77.85,8.12,6.56,3.43,Not Placed
12210,19,88.05,2.58,89.95,59.76,100.0,6.41,8.35,4.22,Not Placed
12211,23,77.49,2.43,95.15,60.91,100.0,8.63,7.86,1.89,Placed
12212,24,65.45,6.03,78.38,65.25,100.0,6.64,6.39,5.32,Placed
12213,22,57.78,2.64,49.36,95.3,72.0,6.2,6.91,7.44,Not Placed
12214,18,87.98,7.0,74.4,54.98,100.0,6.8,6.79,5.17,Placed
12215,18,71.44,3.6,77.11,93.0,89.43,6.5,6.28,6.18,Placed
12216,21,81.96,3.1,67.92,65.66,74.94,6.36,5.19,7.75,Placed
12217,21,92.88,3.88,92.21,93.15,100.0,8.67,7.79,5.71,Not Placed
12218,25,62.29,3.1,70.26,63.02,81.72,6.58,8.22,0.5,Placed
12219,20,77.46,5.83,100.0,61.15,86.63,5.3,6.07,4.86,Not Placed
12220,19,75.95,5.39,83.75,67.64,100.0,7.9,6.02,0.5,Placed
12221,25,82.56,5.76,76.14,88.68,100.0,6.05,7.89,3.06,Placed
12222,19,92.87,4.13,85.81,70.53,97.17,6.09,6.0,1.5,Not Placed
12223,18,62.05,2.98,94.96,71.35,100.0,8.04,5.14,5.05,Not Placed
12224,21,84.84,3.78,85.49,78.19,98.48,6.33,6.27,2.71,Not Placed
12225,21,90.38,3.03,70.86,53.92,84.09,6.66,8.43,5.1,Placed
12226,22,75.76,6.44,62.1,73.39,100.0,7.25,6.17,6.06,Placed
12227,25,76.35,5.6,55.17,57.95,86.44,6.86,6.02,2.58,Placed
12228,25,83.02,3.64,35.39,91.54,78.15,6.68,6.23,5.0,Placed
12229,20,82.14,2.13,74.61,74.7,84.94,4.39,5.42,0.5,Not Placed
12230,25,84.99,6.57,66.18,79.08,100.0,6.99,5.22,1.51,Placed
12231,23,84.74,4.05,66.99,35.37,89.73,9.14,6.49,7.04,Placed
12232,18,66.22,3.57,87.43,79.31,98.49,7.96,5.12,2.74,Placed
12233,25,89.88,6.59,70.32,65.16,98.91,6.75,6.32,3.45,Placed
12234,19,92.0,2.88,100.0,45.01,100.0,7.76,7.12,2.86,Not Placed
12235,22,80.23,3.23,63.4,69.52,99.66,7.95,7.25,1.03,Placed
12236,24,60.07,3.38,57.44,43.71,75.77,6.19,6.63,2.43,Placed
12237,19,76.62,1.43,53.14,77.78,96.48,8.71,5.36,4.49,Placed
12238,20,80.33,4.37,82.84,90.94,100.0,7.4,6.31,3.73,Not Placed
12239,21,64.26,2.43,89.27,39.35,82.76,6.83,7.21,6.65,Placed
12240,25,73.68,2.77,63.08,67.52,100.0,9.11,7.54,3.26,Not Placed
12241,19,61.09,2.53,56.04,65.36,76.27,4.72,6.47,4.48,Placed
12242,23,85.29,2.74,94.95,36.17,82.32,5.79,5.96,3.41,Placed
12243,21,79.99,2.29,50.24,82.66,98.08,7.97,6.9,6.37,Not Placed
12244,18,58.25,4.24,87.15,78.01,95.5,8.01,6.38,1.63,Placed
12245,23,82.22,3.52,63.44,100.0,100.0,9.18,5.58,5.46,Placed
12246,24,77.32,3.89,77.96,75.94,89.78,4.49,7.17,5.31,Placed
12247,22,84.2,8.04,88.15,53.94,100.0,8.23,6.82,2.86,Placed
12248,19,73.3,3.52,79.14,76.23,94.09,5.71,5.47,4.3,Placed
12249,19,68.38,4.89,67.57,88.56,100.0,7.7,6.04,5.27,Placed
12250,21,68.75,5.09,92.94,60.56,100.0,7.12,6.57,3.12,Placed
12251,22,71.54,3.69,76.34,81.64,92.96,8.22,4.97,3.07,Placed
12252,22,78.23,4.29,100.0,30.32,96.69,6.92,5.93,2.04,Placed
12253,19,79.78,3.84,46.42,91.6,94.82,8.41,7.56,8.54,Placed
12254,22,75.71,4.16,46.2,80.81,90.98,6.21,6.21,3.57,Placed
12255,20,72.92,2.74,86.91,27.29,86.72,7.1,5.84,2.05,Placed
12256,23,73.78,2.91,71.52,74.12,99.99,7.43,8.1,0.96,Not Placed
12257,24,100.0,3.83,83.89,36.22,100.0,9.21,7.22,2.89,Placed
12258,23,68.75,0.25,55.52,58.22,82.79,8.2,7.63,5.03,Placed
12259,18,71.3,6.49,72.81,78.86,100.0,7.45,5.86,3.99,Not Placed
12260,25,100.0,7.69,78.86,65.82,100.0,7.97,6.46,5.2,Placed
12261,18,83.05,4.11,63.84,88.11,100.0,8.5,6.79,5.93,Placed
12262,25,61.44,5.0,75.48,69.02,95.1,7.65,7.07,4.2,Placed
12263,18,88.11,5.75,51.58,67.4,90.51,5.97,9.54,4.24,Placed
12264,22,67.08,1.42,77.92,85.58,93.13,7.95,6.9,7.63,Placed
12265,18,88.91,5.47,93.68,62.6,100.0,7.17,8.1,5.97,Placed
12266,18,75.47,3.03,53.44,67.6,76.94,6.78,9.55,5.27,Not Placed
12267,23,72.72,7.92,52.53,69.71,100.0,6.26,8.86,3.81,Placed
12268,23,97.31,3.46,89.85,66.92,96.23,7.9,6.99,5.85,Not Placed
12269,18,84.8,5.43,52.27,86.56,91.45,7.81,8.18,5.2,Placed
12270,25,89.68,3.48,84.61,57.33,92.56,6.05,6.95,5.13,Placed
12271,20,83.22,7.75,72.83,54.72,88.18,5.87,6.75,5.93,Not Placed
12272,20,72.67,2.88,65.73,51.01,100.0,9.47,7.81,5.15,Placed
12273,20,85.34,5.9,94.0,33.73,100.0,8.23,7.86,1.46,Placed
12274,21,92.51,4.93,85.92,91.74,100.0,7.3,7.41,4.61,Placed
12275,19,79.62,4.53,76.2,53.59,100.0,7.93,6.6,2.27,Placed
12276,21,99.62,4.21,39.71,64.18,94.63,6.64,6.22,5.77,Not Placed
12277,19,,2.6,82.68,92.93,95.05,6.99,5.35,1.36,Placed
12278,18,80.54,0.2,55.94,65.73,87.14,7.23,6.99,4.44,Not Placed
12279,20,81.02,5.73,68.68,76.23,100.0,8.36,7.08,4.62,Placed
12280,23,79.65,2.92,72.11,45.27,87.83,5.5,7.8,2.21,Placed
12281,24,62.99,5.91,100.0,90.37,99.17,5.98,5.05,4.34,Placed
12282,20,76.92,4.43,68.2,66.05,78.4,5.73,6.92,6.04,Not Placed
12283,20,80.65,5.96,50.66,51.71,99.66,8.22,6.56,3.39,Placed
12284,24,73.01,5.24,94.04,51.7,92.57,7.08,6.73,5.08,Placed
12285,23,82.05,0.2,82.89,95.04,97.7,6.1,8.29,5.52,Placed
12286,24,78.26,4.91,83.44,58.62,100.0,6.93,8.34,2.37,Placed
12287,25,87.28,3.18,94.33,52.05,80.07,6.44,8.02,4.58,Placed
12288,24,85.96,5.9,97.85,61.07,98.5,5.48,6.91,4.08,Placed
12289,25,80.01,4.86,58.62,68.73,100.0,8.71,6.57,4.47,Placed
12290,21,61.59,4.89,51.14,70.43,94.74,7.02,8.24,1.29,Placed
12291,21,99.49,3.31,84.64,75.11,100.0,8.74,8.85,1.69,Placed
12292,20,76.3,2.16,68.06,71.76,84.08,5.46,8.72,6.94,Placed
12293,19,77.03,3.02,69.42,78.35,84.35,7.81,7.39,6.01,Placed
12294,23,73.89,0.56,55.17,63.64,82.64,5.47,6.85,4.94,Placed
12295,23,72.14,2.74,80.76,100.0,100.0,10.0,7.63,6.3,Placed
12296,24,96.53,1.16,78.03,60.18,78.97,5.12,7.71,1.85,Placed
12297,19,94.63,1.21,69.67,89.64,98.12,9.36,6.32,4.05,Placed
12298,21,83.33,4.01,51.17,58.42,94.85,7.18,6.57,3.86,Placed
12299,19,76.71,4.76,90.14,45.16,99.69,6.98,10.0,2.96,Not Placed
12300,25,85.43,3.74,75.84,41.33,95.03,7.91,6.32,2.23,Placed
12301,20,78.89,2.9,88.77,72.86,94.5,6.07,7.82,7.13,Placed
12302,19,75.72,2.09,40.45,86.59,92.75,8.14,6.18,3.24,Not Placed
12303,22,82.06,3.23,72.85,49.58,77.97,8.23,6.65,5.4,Not Placed
12304,25,72.71,2.32,61.25,53.96,77.55,7.21,5.69,5.16,Placed
12305,25,81.03,3.69,72.54,74.18,98.02,7.5,5.7,6.59,Not Placed
12306,18,80.45,1.06,86.15,67.96,100.0,9.52,7.54,5.97,Placed
12307,20,85.24,5.06,77.55,58.63,98.54,7.98,7.4,3.88,Placed
12308,19,70.57,2.78,72.27,47.53,84.25,6.26,9.01,1.97,Placed
12309,20,86.52,4.48,72.19,72.95,100.0,8.1,6.83,6.28,Placed
12310,22,67.12,5.4,48.6,78.45,100.0,6.55,6.99,6.94,Placed
12311,20,71.13,4.39,58.4,75.87,88.48,6.32,6.75,9.43,Placed
12312,18,71.65,5.24,88.82,68.42,100.0,7.82,5.63,6.46,Placed
12313,22,65.14,0.2,64.42,51.11,73.7,5.99,7.51,3.22,Not Placed
12314,18,90.19,2.91,89.11,73.03,100.0,7.26,6.6,3.48,Not Placed
12315,19,66.37,5.79,84.4,71.84,100.0,8.01,5.08,0.5,Placed
12316,18,69.61,4.72,85.19,46.99,99.47,9.49,8.13,2.88,Placed
12317,18,93.06,7.13,76.99,63.16,100.0,7.97,6.11,1.96,Placed
12318,21,71.15,6.87,65.46,73.86,100.0,5.44,7.2,5.68,Placed
12319,24,75.74,4.34,69.73,66.75,87.05,5.62,7.24,6.42,Not Placed
12320,24,65.86,3.35,81.61,36.63,90.9,9.27,7.05,9.02,Placed
12321,18,88.0,2.07,40.12,57.75,73.15,6.44,5.59,10.67,Not Placed
12322,18,88.16,2.94,90.66,56.69,88.53,5.38,8.48,5.0,Placed
12323,20,86.87,3.07,64.5,76.95,90.11,5.99,5.93,3.33,Placed
12324,23,84.45,2.73,70.71,100.0,100.0,8.15,3.85,3.72,Placed
12325,23,78.88,2.15,70.84,70.14,84.78,7.34,7.82,3.12,Not Placed
12326,24,71.71,4.52,71.4,48.83,85.49,7.98,7.78,9.19,Placed
12327,20,68.22,6.85,52.3,65.43,100.0,7.16,5.37,0.5,Not Placed
12328,19,93.48,5.48,74.28,68.17,95.85,5.88,6.79,7.74,Placed
12329,18,87.18,3.22,80.92,80.11,100.0,5.06,8.1,2.63,Not Placed
12330,19,69.68,5.63,41.33,87.87,96.47,6.2,8.49,3.72,Not Placed
12331,18,78.48,4.42,52.49,90.26,100.0,7.35,7.53,0.5,Placed
12332,24,74.4,3.73,85.44,76.6,90.62,5.78,7.79,6.61,Placed
12333,20,64.46,,82.65,67.99,100.0,8.38,7.66,6.09,Not Placed
12334,24,80.13,3.44,76.48,91.73,100.0,6.0,6.64,2.31,Not Placed
12335,22,73.01,4.97,61.77,62.44,73.84,5.22,5.49,6.72,Not Placed
12336,22,66.57,4.05,82.73,68.87,97.47,7.2,6.49,6.33,Placed
12337,21,60.25,2.49,53.96,64.11,95.28,8.11,8.15,3.44,Placed
12338,24,59.23,2.4,69.94,33.9,87.91,8.99,8.14,0.5,Placed
12339,18,73.54,4.35,52.4,88.35,94.42,5.27,7.04,4.06,Placed
12340,18,76.98,4.57,69.57,78.81,100.0,8.91,6.4,6.58,Not Placed
12341,21,67.5,3.24,56.54,30.08,80.76,7.42,8.88,2.67,Placed
12342,21,85.81,1.76,83.34,84.03,94.18,6.45,6.95,6.66,Not Placed
12343,22,77.21,6.05,78.5,63.15,100.0,8.02,7.56,2.78,Placed
12344,23,84.92,5.67,63.44,83.82,100.0,8.83,5.35,4.32,Placed
12345,22,75.81,0.22,88.35,69.21,73.0,5.19,6.73,3.03,Not Placed
12346,20,68.55,6.21,57.66,46.28,94.44,6.68,8.1,4.81,Placed
12347,20,79.37,3.42,71.47,68.42,98.16,6.55,5.16,6.14,Placed
12348,24,62.85,4.14,62.78,53.62,80.44,7.95,6.75,7.76,Placed
12349,19,84.47,5.85,83.14,48.43,100.0,8.95,7.29,4.92,Placed
12350,22,66.75,6.77,81.65,81.87,100.0,7.29,8.51,1.38,Placed
12351,22,89.02,5.61,91.53,74.26,100.0,6.85,7.97,5.76,Placed
12352,24,73.94,4.23,73.24,91.96,100.0,7.73,8.83,3.9,Placed
12353,23,90.75,1.32,27.61,61.69,79.61,6.92,7.8,3.86,Placed
12354,21,64.53,0.2,65.54,52.59,63.17,4.6,7.87,4.71,Not Placed
12355,20,69.87,5.38,95.48,78.22,100.0,7.82,5.65,5.62,Placed
12356,20,82.57,6.22,67.13,54.66,99.85,8.38,5.62,3.67,Placed
12357,21,92.05,2.33,43.24,63.04,94.48,8.49,8.82,5.66,Placed
12358,19,98.0,3.31,78.74,76.4,100.0,5.81,6.26,5.31,Placed
12359,23,78.5,2.8,79.86,65.98,92.45,7.93,6.15,5.66,Placed
12360,19,100.0,2.75,61.09,60.18,90.44,9.04,4.03,6.26,Placed
12361,23,74.52,5.73,68.3,45.56,100.0,10.0,8.07,0.5,Placed
12362,24,91.19,4.19,59.29,82.99,100.0,7.77,5.46,3.71,Placed
12363,25,66.69,3.39,79.84,62.11,93.87,8.38,5.82,4.19,Not Placed
12364,18,83.04,8.58,72.85,77.89,100.0,6.01,8.11,4.0,Not Placed
12365,24,49.9,1.22,54.51,75.78,67.52,5.85,4.15,2.77,Placed
12366,18,64.54,4.79,71.86,85.46,100.0,8.38,8.43,3.2,Placed
12367,20,83.6,1.91,61.0,64.23,81.42,4.76,5.8,5.54,Not Placed
12368,19,62.25,3.52,93.92,62.44,82.67,7.39,6.62,5.42,Placed
12369,19,83.12,4.07,85.41,50.27,87.05,8.92,5.87,4.57,Not Placed
12370,19,88.88,5.32,70.17,59.32,97.78,8.06,5.2,2.49,Placed
12371,18,71.98,3.33,73.22,73.46,91.5,8.05,5.89,6.22,Not Placed
12372,24,66.37,3.14,87.21,54.93,84.71,7.14,5.81,6.07,Placed
12373,18,72.31,3.3,69.4,73.05,85.25,6.71,5.32,6.72,Placed
12374,21,66.41,1.86,83.38,91.48,100.0,9.79,8.65,2.94,Placed
12375,23,76.79,4.94,94.16,60.88,95.63,8.68,5.64,11.75,Not Placed
12376,25,79.23,4.31,64.64,46.97,99.1,8.22,4.54,4.94,Placed
12377,24,74.33,4.58,96.69,61.39,100.0,7.23,4.32,2.99,Placed
12378,19,98.09,3.67,92.33,45.24,88.7,6.5,7.32,9.26,Placed
12379,25,69.37,3.45,75.73,89.35,100.0,8.5,4.72,6.0,Not Placed
12380,23,94.7,5.92,65.34,69.36,82.75,6.83,6.59,4.91,Not Placed
12381,19,65.51,5.64,75.54,56.34,99.7,7.29,9.16,5.15,Placed
12382,21,78.87,6.35,68.33,59.04,100.0,7.94,7.02,7.06,Placed
12383,25,92.2,4.47,60.11,49.09,88.47,7.45,7.19,5.0,Not Placed
12384,21,91.58,6.23,79.98,84.18,100.0,9.06,6.16,1.05,Placed
12385,19,72.96,3.05,56.65,97.4,85.32,5.62,6.78,4.46,Not Placed
12386,25,84.66,3.44,66.92,44.09,87.63,7.28,6.54,6.3,Placed
12387,25,83.05,5.95,67.12,84.69,100.0,9.77,7.17,4.4,Placed
12388,25,71.52,5.32,51.52,64.07,100.0,8.28,8.79,2.53,Placed
12389,25,85.39,3.28,81.88,88.28,100.0,6.96,6.29,4.43,Placed
12390,24,100.0,1.92,68.57,38.66,86.96,8.16,5.85,6.23,Placed
12391,21,83.66,3.43,91.48,71.61,96.23,7.14,6.71,7.05,Placed
12392,19,84.8,2.57,68.33,61.47,100.0,8.96,7.95,2.28,Placed
12393,22,86.07,6.9,65.9,78.55,100.0,8.19,6.39,2.15,Placed
12394,19,60.47,5.17,58.43,68.98,95.25,6.16,7.12,4.38,Placed
12395,21,83.52,2.42,72.59,68.36,90.54,7.49,7.41,3.11,Placed
12396,23,65.8,1.92,72.67,66.3,95.74,7.7,9.38,3.34,Placed
12397,25,70.92,2.4,83.13,93.0,100.0,7.76,7.91,3.96,Placed
12398,20,100.0,2.79,73.01,65.2,100.0,7.58,5.75,6.03,Placed
12399,20,74.96,3.5,100.0,81.83,85.12,7.88,4.17,2.81,Placed
12400,23,69.12,5.81,78.84,78.06,100.0,7.7,6.98,2.17,Placed
12401,18,91.83,2.06,57.2,82.22,79.1,6.33,5.95,3.02,Not Placed
12402,22,66.63,7.92,55.93,51.76,93.3,6.65,6.22,1.47,Not Placed
12403,23,72.63,2.1,80.02,79.31,86.19,6.9,5.6,4.61,Placed
12404,22,92.99,1.26,56.73,73.39,91.78,7.31,6.19,4.72,Placed
12405,21,78.51,6.84,80.92,48.97,95.28,6.9,6.17,6.52,Not Placed
12406,24,59.26,6.18,85.43,64.6,100.0,8.52,6.66,2.38,Placed
12407,20,84.53,3.47,85.8,100.0,100.0,6.05,5.99,4.75,Placed
12408,23,73.24,4.49,58.96,61.73,73.74,5.12,5.94,5.17,Not Placed
12409,21,96.48,4.53,85.82,62.12,100.0,9.56,7.44,1.4,Placed
12410,18,70.73,4.05,76.84,75.21,89.46,6.22,6.8,4.94,Placed
12411,22,90.61,1.47,62.88,59.35,88.89,8.52,6.81,5.01,Placed
12412,18,99.31,0.2,69.61,70.25,92.05,7.93,6.74,4.24,Not Placed
12413,25,67.79,2.28,79.07,60.82,85.27,6.26,5.73,1.94,Placed
12414,22,75.68,7.07,61.91,74.44,100.0,7.04,8.52,4.35,Placed
12415,20,82.66,7.14,76.53,67.01,100.0,6.86,9.24,0.59,Placed
12416,21,67.71,3.33,93.68,99.23,100.0,7.63,8.29,5.15,Not Placed
12417,22,81.24,2.08,86.46,68.74,85.32,6.28,4.68,5.98,Placed
12418,20,75.3,4.3,73.23,64.44,82.1,6.99,6.01,4.06,Not Placed
12419,20,75.06,4.59,75.51,84.47,100.0,7.16,7.65,7.06,Placed
12420,21,78.59,4.88,63.93,45.74,98.96,8.52,5.9,3.11,Placed
12421,20,78.86,0.2,64.35,95.07,92.85,6.71,5.96,3.04,Not Placed
12422,24,79.97,9.48,48.94,52.18,97.19,6.03,5.15,3.94,Placed
12423,18,70.81,5.84,75.77,87.08,100.0,6.55,6.37,9.03,Placed
12424,24,71.34,3.44,82.24,91.31,100.0,7.64,5.81,3.93,Not Placed
12425,20,76.58,2.51,70.94,59.59,68.91,5.07,3.93,8.79,Placed
12426,22,77.46,5.58,58.84,61.12,100.0,8.64,8.18,4.42,Not Placed
12427,19,72.73,4.69,72.99,66.25,93.21,7.22,7.3,2.89,Not Placed
12428,21,81.89,3.97,92.13,77.94,92.09,7.72,5.2,8.41,Placed
12429,24,56.22,4.63,85.47,52.03,97.14,7.46,7.84,4.87,Placed
12430,20,69.23,3.6,71.56,66.25,86.61,6.4,6.95,3.91,Placed
12431,19,74.64,4.52,100.0,62.99,99.51,5.9,8.19,6.22,Not Placed
12432,22,67.73,5.11,100.0,49.58,100.0,6.36,7.68,6.99,Placed
12433,19,97.55,4.42,64.8,51.28,93.42,5.39,5.87,3.34,Placed
12434,20,78.23,4.32,68.31,70.05,89.78,7.62,7.6,6.3,Not Placed
12435,21,80.12,6.31,82.4,69.77,100.0,7.0,7.65,4.05,Placed
12436,22,72.2,0.93,58.31,55.78,77.65,5.36,8.07,2.54,Placed
12437,23,77.81,2.36,84.74,69.27,94.97,6.46,8.0,3.09,Placed
12438,23,63.42,3.85,73.52,57.65,100.0,7.98,9.29,2.16,Placed
12439,24,75.96,2.49,77.57,88.91,100.0,8.75,7.94,4.67,Placed
12440,18,66.76,3.09,63.37,66.35,71.02,5.66,5.86,4.68,Placed
12441,20,74.67,6.12,60.18,85.56,100.0,9.79,7.01,6.78,Placed
12442,18,47.28,3.53,42.22,40.92,74.2,6.05,5.54,6.24,Not Placed
12443,18,64.46,0.51,94.27,73.16,82.52,5.15,8.25,3.69,Placed
12444,19,95.57,3.04,86.12,77.54,100.0,9.31,5.77,4.11,Placed
12445,22,87.96,3.9,82.1,65.79,94.48,5.95,9.48,3.2,Placed
12446,25,93.83,3.87,77.22,59.38,97.49,9.03,6.45,4.72,Placed
12447,24,94.65,4.8,37.44,65.54,94.31,6.4,6.75,4.06,Placed
12448,23,86.08,4.65,60.73,79.88,87.68,6.85,6.24,4.6,Placed
12449,24,72.57,3.55,68.16,48.63,79.64,5.63,5.94,7.42,Placed
12450,19,65.55,1.65,55.78,79.21,99.15,8.73,6.16,7.53,Placed
12451,24,91.76,3.01,46.6,73.09,81.58,8.57,7.08,3.25,Not Placed
12452,25,78.77,2.68,57.34,63.83,75.61,6.41,6.82,6.05,Placed
12453,18,100.0,3.29,72.74,64.51,93.73,7.11,6.29,5.81,Placed
12454,21,73.62,5.04,72.74,68.99,98.39,7.99,7.17,3.4,Placed
12455,24,100.0,4.53,85.61,94.54,100.0,6.63,6.15,7.32,Not Placed
12456,21,76.12,5.28,100.0,73.57,100.0,8.84,6.79,1.54,Placed
12457,24,94.03,3.11,82.29,52.92,88.58,7.07,8.92,6.65,Placed
12458,25,98.36,6.52,69.37,61.04,98.99,6.58,6.11,4.27,Placed
12459,21,65.72,5.01,99.0,49.69,82.08,5.3,6.44,2.36,Placed
12460,18,72.18,4.0,48.27,37.76,62.67,5.65,5.41,4.13,Placed
12461,20,65.6,4.89,40.82,49.41,85.59,7.91,6.39,8.26,Placed
12462,19,63.24,2.58,58.7,69.92,71.42,7.48,7.25,9.52,Not Placed
12463,21,86.0,0.2,84.18,88.38,88.06,8.18,6.17,2.94,Placed
12464,22,75.64,2.71,74.53,83.93,91.07,6.52,5.44,4.42,Not Placed
12465,21,78.63,5.15,55.08,49.52,86.45,5.23,7.23,4.13,Not Placed
12466,19,84.67,3.94,61.09,55.24,82.06,6.6,7.36,4.46,Placed
12467,20,55.71,3.55,53.38,52.98,83.57,9.65,7.54,7.75,Not Placed
12468,23,93.44,2.27,53.38,26.69,59.79,6.04,5.31,3.72,Not Placed
12469,18,73.81,0.28,95.27,65.32,92.92,7.16,8.44,2.94,Placed
12470,19,84.39,6.36,69.85,80.85,94.61,4.3,6.21,3.61,Placed
12471,25,85.45,3.43,98.54,63.96,94.77,6.58,5.59,4.13,Not Placed
12472,18,94.45,3.03,58.65,47.71,75.5,6.7,8.03,6.04,Not Placed
12473,21,76.74,2.59,79.37,54.48,96.61,7.6,8.4,4.75,Placed
12474,19,52.52,6.06,75.41,62.74,88.14,6.82,6.42,5.83,Placed
12475,18,78.69,5.39,85.2,80.32,100.0,5.38,5.8,6.62,Placed
12476,21,80.41,2.06,75.82,65.07,82.31,6.4,7.33,3.94,Not Placed
12477,22,65.59,5.9,86.78,78.16,100.0,6.96,5.2,4.36,Not Placed
12478,19,79.77,3.54,80.31,66.7,87.49,6.0,9.86,5.48,Placed
12479,18,73.67,2.7,55.63,71.79,89.57,6.18,5.56,3.27,Placed
12480,19,61.89,3.27,82.99,52.96,83.78,8.41,7.23,4.59,Placed
12481,23,86.06,2.39,70.45,57.03,84.98,6.45,6.61,6.62,Placed
12482,24,71.24,1.42,60.35,47.91,69.4,7.73,5.7,4.74,Placed
12483,19,73.12,5.2,82.41,77.63,94.56,6.99,5.68,7.05,Placed
12484,20,72.45,3.4,85.82,63.34,94.61,5.72,8.15,2.68,Placed
12485,20,92.83,4.91,64.75,15.0,74.21,6.8,7.24,5.18,Placed
12486,20,77.51,4.32,66.74,75.7,99.11,7.55,5.96,5.66,Placed
12487,19,78.95,4.79,51.19,83.59,100.0,9.28,6.13,5.13,Not Placed
12488,18,72.71,0.2,44.93,55.01,54.46,6.27,5.82,3.92,Not Placed
12489,22,83.55,2.24,68.37,75.68,98.18,7.1,7.86,1.58,Placed
12490,20,94.19,4.82,83.88,64.64,100.0,8.29,7.91,6.74,Placed
12491,20,85.77,1.51,63.4,34.11,81.09,8.71,7.43,1.68,Placed
12492,20,86.24,4.47,93.42,99.25,100.0,6.42,7.1,1.83,Placed
12493,25,85.27,1.3,68.92,64.74,74.06,7.01,7.55,5.66,Not Placed
12494,22,61.44,3.83,68.98,71.22,87.7,8.54,4.82,3.76,Placed
12495,21,67.49,6.7,67.66,58.01,100.0,7.81,7.13,4.79,Placed
12496,19,75.54,5.19,86.72,63.27,100.0,8.44,8.08,1.93,Not Placed
12497,24,69.29,0.47,57.62,70.59,88.9,8.61,7.08,5.08,Placed
12498,25,65.23,5.33,70.07,51.32,87.79,7.86,6.86,6.17,Placed
12499,18,55.53,7.08,63.79,95.1,100.0,7.37,6.04,1.38,Placed
12500,25,61.84,8.83,63.58,81.41,100.0,6.39,-2.0,5.0,Placed
12501,23,74.92,4.66,72.53,76.27,100.0,6.91,6.17,6.3,Not Placed
12502,18,77.17,1.34,70.3,65.73,87.96,6.99,7.07,1.83,Not Placed
12503,24,68.48,4.58,87.78,55.82,97.36,8.64,6.22,4.79,Not Placed
12504,18,78.95,6.67,71.84,84.48,99.8,7.41,4.61,4.6,Placed
12505,18,72.79,3.46,80.33,77.77,100.0,7.42,7.76,5.21,Placed
12506,18,91.09,5.68,74.59,61.61,96.36,6.01,7.43,3.95,Placed
12507,21,76.06,2.29,93.06,50.65,100.0,8.65,7.23,1.59,Not Placed
12508,22,86.36,4.47,67.46,42.79,73.34,6.28,5.68,3.71,Placed
12509,21,80.44,0.2,67.51,68.46,78.51,6.86,6.21,3.39,Placed
12510,18,61.18,2.09,83.18,64.02,92.53,8.77,7.42,4.36,Placed
12511,19,76.91,3.79,67.26,86.97,100.0,8.26,6.83,6.91,Not Placed
12512,24,63.17,3.15,79.48,83.88,83.06,6.18,5.96,1.53,Not Placed
12513,25,76.7,1.46,100.0,68.62,86.5,5.91,8.36,6.42,Placed
12514,24,69.06,2.9,57.32,66.7,87.81,6.96,5.78,8.04,Placed
12515,18,82.58,4.39,94.98,49.57,88.34,6.51,3.22,7.91,Placed
12516,24,61.89,3.64,64.62,84.98,85.95,5.44,6.9,8.08,Not Placed
12517,23,78.18,3.91,92.07,67.09,88.49,,6.96,4.89,Placed
12518,22,84.87,5.12,82.29,77.68,89.54,4.0,6.87,4.64,Placed
12519,19,88.89,3.18,81.0,86.83,100.0,8.28,7.28,0.88,Placed
12520,25,68.83,6.25,69.74,58.95,100.0,8.21,6.13,4.07,Placed
12521,21,78.21,2.02,68.24,54.75,93.43,8.89,8.03,6.77,Placed
12522,18,80.21,7.27,61.17,100.0,100.0,7.62,5.16,1.66,Placed
12523,19,96.57,5.8,72.09,77.51,100.0,6.66,6.77,2.78,Placed
12524,21,60.22,3.16,69.24,63.54,98.86,8.43,6.05,4.72,Placed
12525,18,67.07,3.28,74.87,87.84,100.0,6.36,8.01,1.19,Placed
12526,20,100.0,4.17,50.84,63.07,83.85,5.61,5.85,8.15,Placed
12527,21,74.72,4.88,72.34,73.21,96.94,7.02,6.89,5.67,Not Placed
12528,25,55.31,5.77,90.94,58.91,100.0,7.69,6.9,5.19,Placed
12529,18,71.01,1.39,86.16,67.73,93.18,6.23,7.03,6.12,Not Placed
12530,22,44.77,4.59,72.35,63.61,88.25,5.94,5.92,3.82,Not Placed
12531,25,80.89,0.2,100.0,55.97,86.68,6.7,7.24,5.06,Placed
12532,24,87.72,3.48,63.34,71.89,100.0,7.69,6.83,2.55,Placed
12533,25,67.06,6.42,70.7,57.78,100.0,7.03,7.21,0.5,Placed
12534,19,72.35,1.25,50.24,77.22,86.99,10.0,8.69,4.44,Not Placed
12535,24,89.08,0.92,65.95,63.13,89.28,7.04,6.94,7.66,Placed
12536,25,57.0,4.2,98.82,40.48,82.37,8.1,5.61,7.85,Placed
12537,20,62.14,6.3,66.52,77.93,95.38,5.46,9.15,4.12,Placed
12538,21,75.26,4.39,49.08,78.2,92.54,7.9,7.97,3.95,Placed
12539,22,68.97,0.37,85.08,100.0,92.66,6.65,7.58,1.39,Not Placed
12540,21,74.47,0.77,77.84,68.28,84.92,7.19,6.58,6.62,Not Placed
12541,20,62.83,3.98,84.46,70.93,100.0,9.22,7.69,5.35,Placed
12542,25,80.57,1.68,67.54,75.66,81.8,6.75,4.33,4.12,Placed
12543,25,76.21,4.05,56.89,84.32,100.0,5.63,8.66,0.56,Placed
12544,21,84.59,4.15,69.25,83.32,87.35,5.82,7.88,0.89,Not Placed
12545,24,80.4,2.92,80.32,73.1,86.48,7.41,6.59,4.76,Placed
12546,21,80.48,7.07,70.92,67.47,100.0,7.34,7.85,1.41,Placed
12547,24,60.64,4.86,77.82,81.48,100.0,7.29,7.54,5.58,Not Placed
12548,22,83.91,5.98,63.95,66.81,84.5,5.66,5.59,5.67,Placed
12549,21,74.03,5.46,78.38,47.37,96.84,9.63,7.01,1.87,Placed
12550,19,76.0,3.53,71.95,43.98,100.0,8.96,7.25,4.6,Placed
12551,23,90.58,3.45,61.41,63.31,92.84,7.36,6.64,2.62,Not Placed
12552,20,69.37,3.26,74.1,69.92,92.71,5.37,6.54,6.38,Placed
12553,19,94.21,5.03,66.2,100.0,100.0,9.1,7.88,11.08,Not Placed
12554,19,95.33,2.63,81.26,66.08,100.0,8.56,7.01,4.26,Placed
12555,25,87.03,6.91,85.1,68.75,100.0,7.32,9.05,7.46,Placed
12556,18,66.23,2.46,79.52,61.53,88.4,8.64,6.02,6.56,Placed
12557,24,51.76,4.19,47.48,77.9,77.84,6.61,7.29,4.34,Placed
12558,24,90.95,3.39,57.53,72.49,90.35,6.05,5.7,5.56,Placed
12559,18,79.34,2.99,62.45,57.79,88.15,7.39,7.61,1.97,Placed
12560,22,69.06,7.71,60.06,51.82,91.75,5.34,5.46,4.78,Placed
12561,22,92.08,3.01,63.86,61.56,92.7,5.87,7.15,3.9,Placed
12562,20,67.66,3.25,85.88,54.51,85.58,7.85,8.22,7.22,Placed
12563,23,72.91,2.6,82.48,64.3,88.35,7.49,6.86,3.25,Placed
12564,21,84.3,3.87,65.64,70.26,87.65,5.54,5.61,2.39,Not Placed
12565,21,64.64,3.62,80.88,59.98,100.0,6.71,7.93,2.47,Placed
12566,21,76.69,1.79,76.93,91.27,82.22,5.59,7.23,6.21,Placed
12567,24,91.07,3.04,71.51,86.55,100.0,6.61,6.7,4.13,Not Placed
12568,23,80.53,4.9,89.22,64.33,86.93,6.48,5.64,1.13,Not Placed
12569,21,92.97,5.65,62.08,52.57,100.0,,4.87,6.53,Placed
12570,25,91.6,3.84,72.79,67.52,100.0,7.01,9.5,1.48,Not Placed
12571,24,78.09,3.91,56.24,65.86,93.01,6.91,6.11,3.4,Placed
12572,25,49.96,3.15,56.96,67.0,84.01,6.73,5.61,4.08,Placed
12573,23,64.73,2.9,51.59,61.63,60.31,5.14,7.18,2.31,Placed
12574,21,87.16,2.14,57.21,51.21,81.8,7.08,5.58,1.11,Placed
12575,24,59.4,1.0,73.25,68.56,82.78,7.78,7.4,6.13,Placed
12576,20,74.08,2.54,67.46,62.39,97.24,7.48,8.42,5.8,Not Placed
12577,20,82.06,5.43,67.95,63.81,98.65,8.03,5.53,4.61,Placed
12578,21,95.63,3.04,67.51,69.5,100.0,8.09,6.44,5.23,Not Placed
12579,25,71.1,3.18,98.59,66.89,100.0,9.84,7.32,1.1,Placed
12580,22,70.28,3.14,54.94,69.16,83.3,5.85,5.34,5.54,Not Placed
12581,21,77.37,6.04,53.34,61.65,95.39,7.48,5.71,5.33,Placed
12582,21,82.21,2.13,59.32,73.76,82.35,7.62,6.66,5.38,Placed
12583,20,76.15,4.3,70.92,56.52,96.6,6.82,9.15,5.38,Placed
12584,23,90.59,3.68,79.72,50.59,84.64,6.44,5.78,6.49,Placed
12585,20,68.41,3.92,81.28,53.76,100.0,7.8,6.46,4.27,Placed
12586,22,79.44,4.24,86.17,57.17,90.5,7.68,9.78,4.63,Placed
12587,20,83.34,3.9,70.38,47.4,82.74,5.94,7.75,1.83,Placed
12588,20,73.2,5.23,66.06,40.92,82.84,5.04,4.77,5.87,Not Placed
12589,25,88.08,3.75,96.5,76.06,100.0,6.61,6.52,3.16,Placed
12590,20,79.79,6.94,30.24,88.39,100.0,6.39,7.5,3.31,Placed
12591,18,87.47,3.88,72.94,76.92,100.0,7.92,8.54,3.68,Placed
12592,21,80.33,0.73,78.45,60.27,84.96,6.09,8.47,2.36,Not Placed
12593,22,82.52,4.95,100.0,40.54,100.0,6.99,7.47,4.29,Placed
12594,18,70.41,4.51,47.09,71.07,83.78,5.15,7.66,6.15,Placed
12595,20,70.43,3.86,65.7,42.28,80.37,5.34,5.24,2.28,Placed
12596,19,92.69,3.33,51.64,66.61,88.01,6.28,5.97,4.47,Placed
12597,22,85.63,0.2,45.03,55.21,69.94,6.9,5.24,5.83,Not Placed
12598,23,65.72,0.3,68.93,31.51,74.13,6.22,8.04,0.5,Not Placed
12599,25,80.17,6.77,84.5,91.69,100.0,7.37,7.25,8.21,Placed
12600,21,49.51,2.75,90.09,47.91,79.24,5.16,6.93,3.58,Placed
12601,24,71.11,5.54,64.02,62.31,81.84,6.94,8.65,2.63,Placed
12602,19,89.53,0.91,82.0,65.94,82.86,6.96,7.45,4.66,Placed
12603,24,76.5,1.92,69.03,60.47,77.68,5.46,8.17,3.15,Placed
12604,22,79.41,5.02,80.35,75.43,93.75,7.47,7.71,4.36,Placed
12605,24,41.8,3.62,89.32,56.14,72.02,4.6,7.82,3.0,Not Placed
12606,24,73.29,4.77,69.09,74.11,95.63,6.38,5.55,6.75,Placed
12607,22,82.06,3.78,88.15,73.1,100.0,8.14,7.97,9.87,Placed
12608,20,83.58,3.43,53.8,45.96,80.05,4.53,7.37,5.95,Placed
12609,22,89.55,2.58,81.85,71.77,100.0,8.01,6.31,4.9,Placed
12610,24,75.48,1.65,87.51,51.14,88.79,5.8,7.62,3.4,Placed
12611,25,76.01,6.32,85.95,49.35,96.52,6.49,8.34,6.62,Placed
12612,25,62.01,6.62,54.22,72.65,100.0,8.89,6.68,2.96,Placed
12613,19,75.55,1.93,68.91,61.47,77.03,6.45,5.9,5.14,Not Placed
12614,22,62.86,1.81,76.53,73.97,100.0,9.14,5.96,3.46,Not Placed
12615,18,55.83,3.17,78.65,74.11,95.62,6.83,5.13,1.99,Not Placed
12616,23,64.98,4.41,73.74,45.15,91.59,7.1,6.6,4.07,Not Placed
12617,25,96.1,3.47,93.44,79.85,100.0,8.21,7.51,2.53,Placed
12618,18,74.75,4.7,52.57,72.56,91.57,7.85,8.88,7.45,Placed
12619,23,80.64,3.71,68.4,58.61,91.83,,5.83,2.99,Placed
12620,25,71.84,3.59,46.68,65.83,74.46,6.64,7.23,4.24,Not Placed
12621,24,56.51,8.14,81.32,80.31,100.0,5.34,6.83,3.2,Not Placed
12622,21,89.23,2.85,80.32,62.89,85.15,5.4,6.79,2.03,Placed
12623,18,51.93,6.75,100.0,100.0,100.0,8.78,4.96,5.87,Placed
12624,25,71.34,6.4,87.4,91.85,100.0,9.24,5.59,4.31,Placed
12625,25,77.34,4.71,76.97,69.87,90.33,7.36,8.98,9.19,Placed
12626,22,80.77,0.33,75.82,64.35,93.59,5.07,8.01,6.59,Placed
12627,25,69.28,3.86,67.25,65.05,82.8,6.27,7.14,4.64,Placed
12628,18,55.94,2.87,73.96,58.39,87.85,6.21,7.35,5.23,Placed
12629,22,68.39,3.84,76.14,70.0,83.11,6.53,7.69,4.32,Not Placed
12630,18,69.01,1.89,42.53,79.0,70.93,6.14,6.26,2.45,Placed
12631,25,68.72,5.16,74.95,46.41,94.72,7.82,6.31,1.63,Placed
12632,23,89.64,5.57,73.52,78.28,100.0,7.5,6.06,2.39,Placed
12633,25,63.44,5.91,98.31,82.94,100.0,9.1,7.0,7.17,Placed
12634,22,81.61,3.11,70.02,77.15,90.71,6.73,5.42,5.01,Placed
12635,18,79.9,1.89,60.52,65.92,79.36,7.44,6.0,5.57,Placed
12636,18,89.53,4.43,76.03,76.49,100.0,8.09,7.41,6.07,Not Placed
12637,20,76.4,6.96,73.12,88.79,100.0,8.43,6.38,4.1,Placed
12638,23,87.49,3.92,70.04,67.07,95.32,5.72,4.7,3.29,Placed
12639,19,75.93,4.61,52.82,68.38,80.76,7.69,6.34,8.54,Placed
12640,24,83.21,3.38,69.66,100.0,100.0,7.38,7.45,5.56,Placed
12641,19,59.96,2.89,63.31,72.92,87.38,7.56,6.94,1.17,Placed
12642,21,46.34,4.98,68.75,51.88,82.5,7.27,4.77,0.99,Placed
12643,19,82.53,3.61,82.98,81.97,100.0,9.26,8.04,6.0,Placed
12644,21,83.17,4.53,61.88,74.43,94.37,6.13,6.5,2.73,Not Placed
12645,21,83.71,4.71,68.68,57.51,91.06,6.06,7.21,4.24,Not Placed
12646,18,71.7,4.43,80.12,50.34,92.22,6.21,8.05,0.5,Placed
12647,22,95.88,4.8,67.96,71.82,93.56,6.85,6.65,3.57,Not Placed
12648,24,72.48,2.26,100.0,67.04,83.53,7.55,4.51,6.32,Placed
12649,25,83.05,2.15,75.73,48.09,84.29,6.65,8.91,3.43,Not Placed
12650,20,85.14,3.72,53.37,66.58,93.06,8.41,4.15,2.16,Placed
12651,25,98.62,3.77,59.41,65.58,97.44,7.2,6.4,4.01,Not Placed
12652,25,74.2,2.86,57.9,67.0,94.69,7.08,8.35,4.57,Placed
12653,25,70.16,4.23,59.62,75.87,85.21,5.6,5.96,3.8,Not Placed
12654,20,60.02,5.43,80.05,39.81,100.0,9.39,6.03,1.34,Not Placed
12655,24,96.63,5.94,55.4,50.21,100.0,7.14,6.54,5.29,Not Placed
12656,22,83.06,6.34,67.03,60.21,100.0,9.16,6.58,3.35,Placed
12657,18,83.44,1.43,89.14,89.22,95.68,6.45,5.77,4.85,Placed
12658,20,100.0,,64.2,100.0,100.0,8.2,6.04,2.55,Placed
12659,23,81.9,3.28,82.07,68.08,89.67,6.52,8.09,6.99,Placed
12660,19,62.37,3.94,46.76,68.73,84.2,9.38,6.16,5.93,Placed
12661,21,75.65,3.37,66.44,28.91,80.04,8.54,7.4,3.78,Placed
12662,24,66.3,2.81,58.71,82.47,99.43,8.22,5.7,5.11,Not Placed
12663,19,73.25,3.25,76.5,75.19,78.71,6.33,8.46,7.77,Placed
12664,21,73.17,4.67,56.48,72.53,100.0,9.49,7.93,6.85,Placed
12665,19,70.96,1.41,100.0,48.06,87.73,9.65,6.69,7.52,Placed
12666,22,61.28,8.02,47.41,99.68,92.81,6.74,7.57,5.71,Not Placed
12667,19,97.11,3.84,89.04,92.33,100.0,7.39,8.63,3.42,Placed
12668,25,81.59,5.69,85.17,72.71,90.43,8.31,5.6,5.68,Placed
12669,18,75.29,2.76,76.65,83.87,69.85,4.83,5.53,7.9,Placed
12670,25,87.09,4.83,72.82,68.82,100.0,8.58,7.25,5.71,Placed
12671,24,83.65,3.98,99.82,81.14,98.13,8.43,5.25,2.85,Placed
12672,24,81.31,5.34,100.0,47.08,83.18,6.52,4.94,4.63,Placed
12673,24,86.22,3.44,68.89,31.62,69.89,4.57,4.88,6.02,Placed
12674,19,79.61,6.59,74.37,47.69,99.33,7.6,6.98,4.84,Placed
12675,25,86.04,1.11,63.71,55.1,75.97,5.84,4.36,6.03,Placed
12676,22,87.04,5.51,54.46,57.7,88.74,5.29,6.32,3.26,Placed
12677,25,79.95,4.01,78.95,75.17,95.39,7.64,3.0,4.07,Placed
12678,25,75.36,1.97,75.74,63.88,97.77,8.78,7.33,5.18,Placed
12679,22,96.36,7.31,47.85,67.54,100.0,6.94,7.41,5.28,Placed
12680,20,72.27,7.13,78.84,49.05,100.0,8.62,6.55,3.23,Placed
12681,18,82.7,0.2,76.25,47.66,90.73,8.0,8.22,0.5,Placed
12682,18,82.97,4.12,62.98,68.66,73.57,5.55,7.75,0.5,Placed
12683,21,70.69,5.07,62.0,59.33,84.91,6.54,5.85,4.41,Placed
12684,24,68.31,4.6,78.36,68.07,100.0,8.5,5.75,4.87,Placed
12685,22,73.75,6.53,96.13,76.71,100.0,6.53,7.86,4.09,Not Placed
12686,21,72.09,6.15,77.98,94.23,100.0,8.18,7.62,4.57,Placed
12687,19,60.5,4.28,83.71,67.67,90.68,6.71,6.48,7.7,Placed
12688,22,70.18,7.9,59.52,97.01,100.0,8.07,4.69,3.51,Placed
12689,23,81.19,5.49,65.79,74.5,100.0,7.71,7.92,5.23,Placed
12690,25,93.19,3.17,81.12,79.03,92.85,6.9,6.88,7.87,Not Placed
12691,23,84.65,2.81,51.62,84.85,94.24,8.03,6.73,2.43,Not Placed
12692,22,46.81,6.04,75.11,79.52,77.3,4.61,3.39,8.04,Not Placed
12693,25,85.7,2.37,79.4,55.17,76.85,5.9,7.44,6.44,Placed
12694,21,71.3,3.06,71.42,85.33,86.13,6.64,6.73,3.88,Placed
12695,25,83.44,3.37,76.79,62.01,97.49,8.61,6.15,0.5,Not Placed
12696,20,77.83,4.44,72.87,72.83,87.29,5.46,5.8,7.28,Not Placed
12697,19,75.69,3.45,62.67,70.13,85.51,7.16,6.93,8.04,Placed
12698,21,76.77,1.43,54.33,86.31,88.21,7.58,7.36,3.11,Placed
12699,19,77.73,5.89,70.65,74.29,100.0,7.5,6.34,8.17,Placed
12700,18,94.13,3.07,91.57,45.82,100.0,7.08,7.47,1.12,Placed
12701,25,77.76,7.44,87.37,100.0,100.0,6.46,5.42,5.08,Placed
12702,24,91.03,4.35,66.82,81.36,100.0,6.9,6.02,4.14,Placed
12703,19,89.28,6.08,66.51,59.19,100.0,8.37,7.62,1.83,Placed
12704,24,86.0,4.94,65.4,49.8,100.0,6.37,6.31,4.0,Placed
12705,18,56.56,6.17,65.41,83.19,94.07,4.61,8.86,4.44,Not Placed
12706,20,91.4,4.83,76.32,51.69,100.0,7.76,7.13,2.12,Placed
12707,23,72.51,4.22,87.86,80.81,100.0,9.0,5.4,5.85,Not Placed
12708,20,86.59,5.77,100.0,85.11,100.0,5.94,4.92,3.14,Placed
12709,23,66.33,8.27,59.55,57.6,99.63,8.83,7.74,3.78,Placed
12710,24,63.78,3.31,81.77,56.18,93.63,7.82,6.07,7.39,Not Placed
12711,18,100.0,5.23,80.14,60.48,92.42,5.81,7.9,3.19,Placed
12712,18,66.52,3.79,67.05,52.18,80.56,6.36,6.15,0.5,Placed
12713,25,91.75,4.71,56.61,71.67,98.0,6.3,7.09,4.0,Placed
12714,22,79.42,3.88,76.13,73.96,94.67,7.4,6.4,4.72,Placed
12715,22,72.96,0.2,100.0,79.64,91.8,6.98,7.11,4.02,Not Placed
12716,21,77.46,3.44,76.04,54.67,85.87,8.53,7.68,6.22,Placed
12717,21,62.39,5.6,60.19,81.44,84.26,8.22,6.82,5.3,Placed
12718,23,77.83,2.42,69.64,52.2,88.23,5.35,7.59,3.3,Placed
12719,22,65.01,5.46,54.9,81.43,94.25,5.5,4.76,5.89,Placed
12720,19,73.25,4.13,72.28,44.21,88.32,7.94,7.3,5.43,Not Placed
12721,23,89.1,3.46,82.25,93.08,100.0,6.58,6.83,5.37,Not Placed
12722,23,81.05,5.43,61.61,59.66,87.35,6.99,6.49,4.18,Placed
12723,18,60.21,5.03,23.17,77.59,83.73,7.86,3.93,5.07,Not Placed
12724,21,88.22,4.56,76.15,78.86,100.0,8.23,4.8,4.72,Placed
12725,24,77.91,5.63,64.48,47.69,99.51,5.72,7.07,3.9,Placed
12726,22,71.49,4.17,60.74,81.36,86.13,4.53,7.22,5.46,Not Placed
12727,19,86.96,0.84,60.61,59.19,67.8,7.06,7.29,5.61,Not Placed
12728,18,75.99,3.12,78.0,63.1,89.84,6.17,6.79,5.61,Placed
12729,22,64.01,0.55,65.88,57.28,72.79,7.28,5.36,5.73,Not Placed
12730,21,100.0,4.98,85.96,93.82,100.0,7.09,5.57,0.5,Placed
12731,25,77.79,5.41,86.29,49.28,87.01,6.03,4.27,6.31,Placed
12732,22,77.02,5.5,67.94,74.88,100.0,9.7,6.95,2.57,Placed
12733,25,73.14,4.68,64.19,58.02,93.18,7.22,9.09,6.74,Placed
12734,19,92.16,5.54,73.92,85.46,100.0,6.51,6.69,1.78,Placed
12735,21,71.7,0.96,69.82,100.0,92.41,7.32,5.89,7.66,Not Placed
12736,19,59.46,3.61,45.71,57.91,89.99,7.84,6.83,0.5,Not Placed
12737,22,69.86,1.25,100.0,70.24,91.69,6.44,6.64,5.15,Placed
12738,19,93.92,3.16,82.72,61.84,100.0,9.98,4.72,3.77,Placed
12739,21,87.99,6.71,65.05,84.61,90.63,5.37,7.1,5.43,Not Placed
12740,20,74.94,5.77,43.25,64.02,93.53,5.46,6.67,7.95,Not Placed
12741,19,94.48,4.99,69.29,82.49,85.25,5.28,6.6,4.97,Placed
12742,18,86.98,3.47,63.18,61.64,94.5,7.2,9.19,6.38,Not Placed
12743,22,74.8,2.01,71.09,100.0,100.0,7.77,6.68,7.57,Placed
12744,25,76.01,4.14,39.54,32.94,82.58,6.8,8.99,3.26,Placed
12745,19,81.95,5.8,64.92,74.03,100.0,7.76,5.81,5.22,Placed
12746,21,68.02,4.54,65.83,67.83,94.81,7.75,4.99,7.24,Not Placed
12747,19,78.05,0.95,69.12,67.25,89.19,6.77,5.83,5.21,Placed
12748,24,81.7,3.99,68.46,72.57,100.0,7.71,8.21,3.33,Placed
12749,21,57.76,0.36,72.78,68.93,66.98,6.96,5.89,5.53,Placed
12750,25,75.73,5.25,94.82,71.5,100.0,6.71,5.09,4.73,Placed
12751,19,74.36,2.55,64.27,74.53,86.48,6.6,7.21,5.52,Placed
12752,18,90.34,1.6,58.33,95.98,90.89,7.48,6.34,3.44,Placed
12753,22,55.87,5.27,46.09,23.75,74.99,8.66,7.49,4.98,Placed
12754,23,73.42,4.81,64.33,97.55,97.93,5.75,5.99,4.22,Not Placed
12755,25,72.22,4.22,50.98,100.0,91.91,6.62,5.69,3.51,Placed
12756,24,89.52,7.75,86.4,39.98,100.0,7.4,8.79,7.12,Not Placed
12757,25,77.48,4.94,70.56,68.77,100.0,9.31,5.8,3.47,Not Placed
12758,23,99.55,2.64,86.09,89.94,100.0,7.72,5.8,2.99,Placed
12759,20,85.95,4.73,93.99,82.7,100.0,6.22,7.35,2.13,Placed
12760,21,73.08,3.29,59.02,94.82,96.09,6.09,3.46,4.37,Placed
12761,19,80.88,6.08,66.79,73.95,100.0,8.38,7.68,4.2,Not Placed
12762,21,73.75,4.31,91.98,35.48,99.9,6.82,8.95,5.94,Placed
12763,20,88.31,4.48,74.84,88.87,99.81,5.72,7.84,2.04,Placed
12764,18,62.01,1.2,79.82,78.17,88.17,8.42,5.55,1.13,Placed
12765,19,68.12,3.91,87.49,91.46,100.0,7.57,5.93,0.79,Placed
12766,22,83.47,3.7,85.45,43.46,80.61,5.77,6.88,5.41,Not Placed
12767,20,92.71,1.96,78.16,48.54,70.25,5.59,7.24,6.57,Not Placed
12768,25,51.58,3.4,92.95,68.26,80.18,4.6,8.74,6.41,Not Placed
12769,21,94.49,4.58,70.98,89.33,100.0,6.45,8.68,3.5,Not Placed
12770,25,76.32,3.79,79.79,93.79,100.0,7.57,6.54,4.76,Not Placed
12771,23,55.39,1.26,69.35,56.39,84.26,8.35,6.16,0.5,Not Placed
12772,18,41.98,3.31,87.31,61.5,92.26,7.71,5.86,7.74,Placed
12773,19,59.65,2.96,61.49,100.0,87.32,5.63,7.57,6.81,Placed
12774,23,77.76,4.15,46.76,59.16,69.34,6.86,8.1,6.31,Placed
12775,22,77.21,3.95,81.82,78.81,97.97,8.92,6.88,2.7,Placed
12776,20,85.6,3.06,56.7,60.77,88.99,6.59,6.8,3.77,Placed
12777,22,71.41,2.99,55.21,75.6,83.18,8.12,9.34,4.12,Placed
12778,25,64.7,3.92,90.97,54.14,83.43,7.97,7.62,7.9,Placed
12779,21,73.04,5.53,86.49,54.59,85.57,8.11,4.34,6.5,Placed
12780,18,78.4,4.3,66.86,62.07,93.54,7.72,6.76,4.13,Placed
12781,20,80.77,6.36,26.32,59.28,95.1,8.11,7.04,5.67,Placed
12782,25,68.53,5.84,80.0,63.13,80.25,5.42,6.48,2.68,Placed
12783,24,88.82,6.49,81.94,76.41,100.0,9.02,8.31,1.73,Placed
12784,24,70.54,6.26,79.75,98.25,100.0,5.03,6.4,4.36,Not Placed
12785,25,67.56,6.61,79.06,58.55,91.56,7.57,5.62,2.23,Placed
12786,18,71.49,1.72,69.28,52.18,83.01,7.14,5.95,1.12,Not Placed
12787,20,90.9,4.97,65.84,68.15,91.3,6.45,7.61,4.57,Placed
12788,18,76.41,5.99,55.41,54.38,81.32,6.03,5.17,3.97,Placed
12789,18,69.67,6.32,61.54,41.84,84.93,7.86,6.21,2.48,Not Placed
12790,24,89.11,2.41,76.82,85.03,100.0,8.16,7.82,3.7,Not Placed
12791,25,100.0,4.98,77.07,69.29,98.3,7.08,5.17,5.26,Not Placed
12792,19,80.52,3.94,83.85,70.86,93.52,6.85,5.56,4.05,Placed
12793,23,92.81,7.12,50.9,37.17,96.47,8.74,4.77,4.78,Placed
12794,22,90.43,1.3,47.11,58.64,79.79,6.69,5.73,4.16,Not Placed
12795,18,70.73,2.42,66.3,45.35,75.57,7.15,6.17,7.96,Placed
12796,25,78.32,0.54,56.7,67.67,63.57,6.96,6.52,7.16,Placed
12797,24,62.61,4.06,74.79,70.15,100.0,10.0,5.7,4.73,Not Placed
12798,22,75.54,7.87,52.35,70.14,92.14,6.19,6.34,2.86,Placed
12799,23,70.49,3.72,89.7,57.33,100.0,8.2,7.98,3.38,Placed
12800,21,73.17,3.98,59.67,54.35,84.46,5.16,7.2,1.92,Not Placed
12801,24,69.0,4.79,95.89,64.91,100.0,6.05,9.36,2.91,Placed
12802,21,74.55,3.59,79.86,73.71,88.29,6.83,5.99,5.84,Placed
12803,25,84.39,4.46,56.17,58.73,97.19,7.04,6.26,3.31,Placed
12804,18,76.57,4.51,100.0,53.0,88.36,6.87,6.99,4.15,Placed
12805,19,55.63,2.28,75.98,53.68,78.28,7.08,6.18,6.86,Not Placed
12806,25,69.05,3.63,74.49,57.47,78.43,6.37,6.77,5.61,Placed
12807,20,59.77,5.14,71.02,60.76,99.4,8.75,4.5,4.64,Not Placed
12808,20,80.93,5.47,79.0,50.43,100.0,6.0,6.36,4.27,Not Placed
12809,24,84.04,6.14,79.88,60.87,100.0,8.09,7.85,4.1,Placed
12810,19,81.08,4.4,59.03,87.78,93.2,8.01,9.08,6.36,Placed
12811,22,68.55,4.44,68.8,63.29,84.19,6.06,8.54,5.1,Not Placed
12812,20,80.96,5.15,73.74,48.18,,6.76,6.95,3.99,Placed
12813,19,72.36,2.73,80.74,31.86,89.54,7.2,7.38,1.95,Placed
12814,25,64.34,2.66,81.0,97.38,99.99,9.21,7.2,5.47,Placed
12815,19,86.9,3.58,74.47,86.23,100.0,6.76,6.13,5.18,Not Placed
12816,18,87.82,1.5,63.75,72.55,100.0,10.0,5.65,1.34,Placed
12817,23,89.39,4.53,62.98,86.6,100.0,8.12,7.1,4.19,Placed
12818,24,70.7,5.69,54.13,76.44,98.24,7.61,6.67,5.17,Placed
12819,19,92.15,2.52,80.89,66.79,98.32,8.26,7.81,3.98,Placed
12820,23,72.08,4.58,62.76,48.16,72.47,5.14,3.94,8.13,Placed
12821,22,85.84,2.67,69.12,98.54,100.0,8.61,6.59,7.55,Placed
12822,24,71.87,1.97,75.57,61.01,78.24,5.61,8.25,1.98,Not Placed
12823,19,75.31,7.5,72.06,61.88,100.0,8.24,7.49,4.0,Placed
12824,25,48.95,2.0,71.92,68.6,73.56,6.49,5.62,6.44,Not Placed
12825,22,74.38,1.5,58.43,68.87,83.49,6.24,5.23,4.33,Not Placed
12826,24,79.09,4.19,76.03,77.2,100.0,9.33,6.74,5.97,Placed
12827,20,73.08,4.28,67.31,75.35,93.04,7.08,7.74,3.2,Placed
12828,25,99.07,5.0,70.7,58.77,85.4,5.36,7.42,1.36,Placed
12829,23,64.05,7.4,89.37,68.41,100.0,8.37,6.94,5.89,Placed
12830,19,71.24,2.4,79.58,76.69,99.06,5.74,7.57,3.84,Placed
12831,25,67.14,2.76,63.44,57.41,80.67,8.83,7.11,9.66,Placed
12832,24,71.23,6.7,69.77,91.15,100.0,7.18,7.52,6.38,Placed
12833,20,90.38,5.49,95.99,67.68,96.54,5.67,7.92,2.38,Not Placed
12834,22,95.74,5.24,67.39,93.58,100.0,8.19,6.27,5.85,Placed
12835,21,69.59,2.74,72.6,45.73,91.45,7.83,5.74,4.36,Not Placed
12836,22,69.32,5.83,81.96,78.47,94.16,4.65,7.67,5.55,Placed
12837,25,64.11,5.25,75.23,53.75,83.81,7.12,6.19,3.05,Placed
12838,25,93.68,4.14,66.41,57.85,94.86,7.56,4.46,5.12,Not Placed
12839,19,91.45,2.75,60.85,82.48,98.31,7.49,8.51,6.62,Not Placed
12840,25,76.73,3.99,71.85,64.34,93.57,6.98,7.1,6.14,Placed
12841,21,61.25,6.77,81.87,100.0,100.0,8.09,7.05,6.69,Placed
12842,23,62.32,1.83,91.81,76.29,80.74,7.88,6.58,10.73,Not Placed
12843,24,80.05,2.36,50.02,56.87,73.12,7.24,7.8,3.57,Not Placed
12844,21,84.59,2.67,98.44,76.32,100.0,6.92,5.26,8.11,Placed
12845,21,53.21,3.06,67.67,64.2,93.23,7.38,6.8,5.09,Not Placed
12846,21,74.14,3.77,85.87,81.31,86.24,6.48,7.14,3.73,Placed
12847,24,97.42,5.53,60.94,63.26,89.63,5.97,7.46,4.49,Not Placed
12848,21,75.39,4.63,47.84,74.51,77.91,5.85,4.75,6.31,Not Placed
12849,20,95.88,3.91,52.31,71.17,100.0,7.08,7.51,3.76,Placed
12850,20,85.79,4.3,67.04,69.25,95.23,6.17,6.3,0.58,Not Placed
12851,19,64.99,4.92,79.86,84.67,100.0,7.01,6.02,6.18,Not Placed
12852,21,74.49,0.77,72.47,39.15,77.76,8.8,4.93,4.95,Placed
12853,18,76.46,5.73,68.25,69.56,92.64,6.95,9.48,3.46,Not Placed
12854,18,66.57,2.31,88.77,56.78,84.61,7.37,6.65,1.98,Placed
12855,23,66.36,3.0,72.03,46.42,75.28,6.93,7.09,5.31,Not Placed
12856,18,96.08,4.41,76.2,54.6,100.0,8.77,5.54,7.08,Placed
12857,22,66.27,3.66,100.0,58.08,100.0,9.19,4.96,2.71,Placed
12858,24,90.94,4.68,71.88,64.23,99.84,6.64,7.78,5.06,Not Placed
12859,23,72.76,4.06,61.56,73.4,86.07,8.07,5.18,8.93,Placed
12860,21,77.69,3.28,79.21,76.68,100.0,9.71,8.36,6.4,Not Placed
12861,19,84.74,6.55,83.01,61.45,89.36,5.81,8.96,4.51,Placed
12862,25,70.82,5.07,76.51,93.35,100.0,8.38,5.87,4.31,Placed
12863,24,84.81,4.34,74.35,62.06,75.61,5.11,6.25,3.56,Placed
12864,22,53.44,5.05,94.23,36.86,88.07,7.24,3.75,4.67,Placed
12865,18,83.28,2.53,92.36,62.49,89.87,7.03,4.71,3.69,Not Placed
12866,18,48.38,7.71,70.24,68.75,98.35,5.15,7.56,3.99,Placed
12867,20,75.28,1.84,62.35,15.63,83.19,8.51,8.31,4.29,Placed
12868,19,88.25,4.0,78.44,87.32,100.0,7.38,5.86,1.31,Placed
12869,24,85.47,3.28,62.26,66.41,93.3,6.09,6.04,4.24,Placed
12870,19,62.42,3.22,85.28,49.56,73.07,7.59,4.9,9.97,Not Placed
12871,20,63.96,2.98,78.36,52.64,100.0,8.28,5.44,1.8,Placed
12872,25,69.74,2.41,100.0,80.19,78.51,5.08,8.39,7.65,Placed
12873,24,80.23,5.94,94.1,82.14,100.0,4.0,7.17,6.7,Placed
12874,19,53.62,1.63,55.82,57.62,81.08,7.15,4.65,5.89,Placed
12875,21,77.84,5.57,64.22,46.32,90.6,6.28,7.48,3.55,Placed
12876,22,81.74,4.97,43.29,70.09,93.93,8.81,9.65,6.46,Placed
12877,23,74.6,3.11,39.93,73.03,75.25,6.76,6.33,8.31,Not Placed
12878,25,84.3,4.76,73.71,77.04,92.32,7.57,6.0,6.82,Placed
12879,24,80.68,3.52,54.11,58.99,86.75,6.98,7.5,5.17,Placed
12880,25,71.5,1.82,96.62,66.05,90.33,5.34,8.01,4.72,Not Placed
12881,18,54.77,1.84,89.37,68.32,92.42,7.24,7.79,3.4,Placed
12882,19,79.6,4.98,67.93,83.47,94.42,5.61,6.42,4.9,Placed
12883,22,66.56,4.89,67.08,89.27,81.73,5.55,6.3,5.78,Not Placed
12884,18,71.06,4.24,94.28,93.61,100.0,5.88,4.73,4.78,Placed
12885,20,83.75,3.1,97.72,88.84,95.09,5.78,5.32,4.55,Placed
12886,19,95.01,3.46,58.01,97.02,98.29,6.95,7.23,4.57,Placed
12887,25,77.54,3.21,56.08,84.21,89.17,6.73,6.16,8.37,Not Placed
12888,18,84.65,0.66,67.48,58.57,71.82,7.54,7.1,5.06,Placed
12889,19,60.67,3.91,78.47,92.54,90.02,5.31,6.51,5.13,Not Placed
12890,19,80.95,4.74,64.29,45.98,90.12,6.9,6.87,0.5,Placed
12891,19,77.28,3.92,78.78,100.0,99.15,6.62,6.82,6.64,Not Placed
12892,22,92.75,6.98,100.0,52.4,100.0,7.44,7.7,5.88,Placed
12893,20,71.51,1.99,50.91,82.2,79.47,7.5,7.82,5.79,Placed
12894,25,75.1,2.61,65.31,91.11,94.1,7.39,6.78,5.92,Not Placed
12895,20,90.71,4.04,51.2,75.35,86.95,6.01,6.55,2.81,Placed
12896,22,76.9,4.24,59.45,35.19,82.06,7.23,6.76,4.13,Placed
12897,23,64.69,0.38,67.58,52.83,74.99,6.58,5.86,8.23,Placed
12898,23,100.0,4.88,61.09,73.71,100.0,8.78,8.1,1.9,Placed
12899,24,65.06,4.25,79.8,78.17,96.74,7.33,6.13,2.03,Placed
12900,19,77.22,0.2,74.26,65.14,68.39,7.3,6.61,1.77,Not Placed
12901,22,82.16,3.59,76.49,69.19,94.96,5.66,7.01,4.34,Placed
12902,24,81.21,2.34,67.4,44.5,66.11,6.49,7.17,7.9,Placed
12903,24,75.72,2.98,68.78,96.39,95.93,7.51,7.12,5.26,Placed
12904,22,75.78,1.39,66.74,61.95,74.91,7.11,6.64,6.88,Not Placed
12905,23,75.18,4.55,68.27,80.62,87.27,7.09,8.77,0.71,Not Placed
12906,24,64.61,6.97,78.29,90.46,100.0,5.1,6.89,3.02,Placed
12907,22,100.0,4.28,43.15,49.52,82.39,6.22,6.5,3.34,Not Placed
12908,25,75.36,0.2,76.32,70.05,86.05,6.87,8.96,7.91,Not Placed
12909,19,85.16,4.31,58.97,72.45,100.0,8.64,5.87,4.99,Not Placed
12910,20,73.98,3.45,66.92,63.87,87.5,4.93,8.95,4.61,Not Placed
12911,18,73.74,1.82,48.58,82.84,81.66,5.95,4.41,5.1,Placed
12912,18,72.53,4.44,66.62,57.32,84.53,4.92,6.32,4.23,Placed
12913,21,59.4,5.38,76.17,68.88,98.4,7.59,4.8,8.69,Placed
12914,19,76.07,2.6,78.86,62.07,92.47,8.62,5.17,8.61,Not Placed
12915,21,73.12,0.84,54.21,100.0,91.27,7.63,7.34,6.95,Placed
12916,21,92.06,0.2,78.13,57.4,84.3,7.89,7.14,6.72,Placed
12917,22,63.64,2.6,89.1,79.92,90.72,5.96,6.07,3.69,Not Placed
12918,25,71.07,3.52,64.59,96.75,100.0,7.64,8.76,5.64,Not Placed
12919,24,67.22,2.87,72.01,53.31,89.15,6.27,8.16,0.7,Placed
12920,21,95.31,2.57,40.97,69.53,87.27,7.27,6.74,3.85,Placed
12921,20,67.57,4.82,58.54,52.22,100.0,7.8,4.63,1.6,Placed
12922,24,84.75,4.63,76.06,35.79,99.17,6.85,7.95,5.71,Not Placed
12923,18,89.64,4.16,86.33,55.44,94.05,8.18,6.22,4.51,Placed
12924,22,76.25,5.27,63.01,58.87,91.69,7.0,7.15,6.24,Placed
12925,21,61.48,2.62,100.0,59.83,100.0,7.53,7.76,6.02,Not Placed
12926,19,61.63,1.83,76.71,63.21,84.54,9.47,6.32,6.96,Placed
12927,22,88.32,2.86,52.9,68.1,85.88,7.8,8.33,3.18,Placed
12928,20,62.87,2.74,91.31,48.85,100.0,6.3,6.34,1.11,Placed
12929,19,82.7,0.2,53.21,73.63,73.55,6.62,7.45,8.59,Not Placed
12930,23,79.37,2.82,76.93,87.41,89.39,8.25,7.71,3.62,Placed
12931,19,82.53,5.79,58.06,89.29,100.0,8.45,7.89,4.62,Placed
12932,23,83.66,5.24,51.64,63.84,91.47,7.16,8.89,6.85,Placed
12933,19,66.8,4.75,86.43,82.3,98.74,5.37,5.81,4.12,Placed
12934,21,66.29,4.04,68.1,57.1,84.04,6.06,5.44,2.42,Placed
12935,24,86.58,6.41,97.89,62.51,93.95,7.42,6.41,8.94,Placed
12936,19,70.45,1.89,56.73,74.38,72.06,7.9,10.0,3.61,Not Placed
12937,24,45.0,2.06,48.61,62.64,82.87,8.41,8.42,8.41,Placed
12938,23,85.79,5.82,64.81,47.78,83.43,4.76,6.14,5.45,Not Placed
12939,25,65.56,3.85,100.0,81.33,100.0,8.25,6.38,6.73,Not Placed
12940,19,83.61,2.59,84.51,54.74,90.69,8.91,6.78,6.69,Placed
12941,23,94.71,4.79,80.31,59.68,86.92,4.33,7.13,3.9,Placed
12942,25,78.2,3.01,80.8,84.93,93.92,7.19,7.57,5.92,Not Placed
12943,24,89.95,2.29,64.73,76.59,89.58,8.11,7.62,8.67,Not Placed
12944,19,79.85,2.24,100.0,70.82,91.19,5.51,8.24,7.37,Placed
12945,24,97.05,4.38,78.87,44.49,89.35,6.6,9.2,7.04,Placed
12946,18,65.25,4.17,77.46,49.39,77.63,7.87,6.64,6.11,Not Placed
12947,22,77.9,6.53,86.77,74.36,100.0,6.57,6.54,4.53,Placed
12948,21,86.08,3.28,52.9,78.08,93.26,6.76,6.36,3.02,Placed
12949,22,75.72,3.25,58.81,72.05,92.67,7.46,6.47,7.92,Placed
12950,22,91.83,6.39,68.32,60.42,100.0,5.8,7.24,3.6,Not Placed
12951,18,72.82,5.57,86.87,59.89,93.67,5.92,7.56,3.76,Not Placed
12952,22,100.0,4.06,52.53,71.45,99.11,7.76,8.87,4.77,Placed
12953,25,100.0,0.99,70.99,47.97,82.05,8.34,5.95,1.81,Placed
12954,21,81.38,2.34,68.87,69.47,98.68,7.68,7.23,3.99,Placed
12955,20,84.63,1.9,48.38,45.78,73.92,8.83,5.79,3.23,Not Placed
12956,25,92.3,3.87,64.37,51.16,96.69,7.7,7.29,1.86,Placed
12957,18,63.75,2.88,80.13,70.85,100.0,9.42,10.0,2.23,Placed
12958,21,62.26,6.69,49.75,77.33,88.19,7.28,6.64,4.67,Placed
12959,22,93.08,0.97,93.17,73.47,100.0,7.5,9.74,6.77,Placed
12960,21,81.29,1.71,79.02,50.17,71.39,7.68,5.8,4.54,Placed
12961,25,75.28,4.24,77.19,38.06,75.83,6.45,6.25,2.53,Not Placed
12962,21,78.13,4.74,72.12,67.87,93.05,6.27,6.39,3.4,Placed
12963,25,49.37,0.2,55.62,37.61,65.69,6.12,7.01,5.4,Not Placed
12964,18,75.71,0.68,62.25,83.11,71.78,6.53,6.62,7.01,Placed
12965,23,68.96,3.33,77.43,50.7,100.0,9.68,7.72,6.64,Not Placed
12966,22,89.02,6.24,62.23,100.0,100.0,9.39,3.5,5.2,Placed
12967,19,89.94,7.2,74.83,52.61,94.29,6.81,5.62,7.75,Placed
12968,19,84.92,3.05,58.52,75.41,94.62,6.7,9.07,3.66,Placed
12969,23,82.75,3.49,78.77,56.21,89.43,4.62,5.11,2.37,Placed
12970,23,60.03,2.29,79.89,65.31,92.19,6.01,6.37,4.15,Placed
12971,22,85.09,4.94,47.58,70.94,85.77,6.23,7.53,7.24,Placed
12972,18,85.55,6.55,73.01,81.76,98.32,6.67,6.75,6.12,Placed
12973,22,92.94,6.06,49.17,84.31,96.58,6.52,5.78,6.9,Placed
12974,25,100.0,3.75,44.08,79.64,89.79,7.46,7.33,4.54,Placed
12975,18,57.69,2.29,63.09,84.6,100.0,8.13,7.8,5.01,Not Placed
12976,21,73.34,3.81,100.0,58.14,94.98,6.33,6.08,4.3,Placed
12977,21,69.09,6.29,83.63,78.38,100.0,8.92,7.29,3.01,Placed
12978,25,80.07,3.08,92.88,62.55,100.0,7.61,7.83,4.8,Placed
12979,20,78.16,0.53,81.13,83.78,100.0,8.27,8.1,4.29,Placed
12980,21,75.19,3.15,75.08,69.85,98.26,6.67,7.24,3.77,Placed
12981,23,90.33,3.3,85.43,77.92,100.0,7.86,8.85,5.95,Placed
12982,18,64.78,0.52,62.41,72.66,92.47,7.74,6.86,4.99,Placed
12983,24,65.51,4.22,79.06,80.17,91.06,8.96,5.62,7.44,Not Placed
12984,24,65.71,4.71,89.66,55.08,100.0,7.98,6.54,3.0,Placed
12985,23,73.68,7.15,82.49,42.85,100.0,8.22,8.25,3.92,Placed
12986,23,63.26,1.4,90.64,83.82,88.41,6.57,5.73,1.2,Not Placed
12987,23,77.42,5.11,74.74,89.52,100.0,8.64,4.11,2.75,Placed
12988,24,76.01,5.54,97.38,66.15,93.94,5.67,7.35,6.0,Placed
12989,25,68.56,4.74,68.88,80.98,92.86,6.51,6.27,6.36,Placed
12990,21,88.49,1.99,100.0,41.93,99.62,7.54,9.5,6.12,Not Placed
12991,21,77.29,1.88,80.6,58.06,79.47,5.82,7.12,7.33,Not Placed
12992,23,90.75,3.97,66.24,69.31,100.0,6.09,8.28,5.83,Placed
12993,19,75.66,3.96,54.31,40.24,80.46,6.09,6.21,4.87,Not Placed
12994,24,77.71,2.79,59.88,43.53,89.41,7.65,7.51,6.08,Placed
12995,24,71.25,6.12,57.61,70.53,98.38,7.01,7.25,3.23,Placed
12996,23,77.92,3.08,70.67,58.31,95.98,8.36,8.46,1.47,Placed
12997,20,86.55,0.39,52.89,62.45,80.33,9.46,7.03,3.97,Not Placed
12998,20,73.06,3.4,91.39,61.5,77.42,7.52,6.17,4.21,Placed
12999,21,84.22,4.66,73.66,47.46,88.13,6.59,8.05,4.98,Placed
13000,23,68.25,4.42,73.05,64.52,77.06,7.64,5.94,3.16,Not Placed
13001,24,87.11,4.4,54.52,67.78,88.49,6.13,5.82,3.55,Placed
13002,23,71.04,6.49,60.46,58.68,98.35,7.12,6.75,6.34,Placed
13003,25,88.22,1.79,38.69,59.98,93.55,10.0,6.41,2.32,Placed
13004,25,78.73,3.04,96.27,64.74,74.81,6.96,6.82,4.57,Placed
13005,23,96.25,6.58,50.73,81.12,100.0,7.56,6.0,3.53,Placed
13006,20,64.15,0.26,51.87,66.49,82.93,7.01,8.14,1.39,Placed
13007,22,60.29,3.7,93.2,37.18,94.38,6.71,8.13,3.95,Not Placed
13008,21,70.61,6.01,77.81,48.9,100.0,7.78,7.8,2.98,Placed
13009,23,61.38,5.99,73.81,82.91,96.8,5.67,7.68,3.93,Placed
13010,24,61.41,4.99,77.1,57.03,91.32,7.0,4.58,4.93,Placed
13011,20,85.46,5.03,86.31,66.58,100.0,5.57,6.94,0.5,Placed
13012,22,77.95,1.93,73.5,98.8,100.0,9.05,7.83,6.83,Placed
13013,18,72.24,6.27,48.85,78.11,89.34,8.38,8.41,10.78,Placed
13014,23,73.36,1.64,83.0,33.63,72.84,6.28,6.56,2.88,Placed
13015,21,70.83,1.75,78.34,91.12,82.26,4.97,8.36,3.59,Placed
13016,21,97.8,4.5,89.57,70.39,99.63,7.79,7.17,3.13,Not Placed
13017,22,69.17,2.91,53.26,73.91,79.72,7.15,3.7,2.61,Placed
13018,19,62.13,4.17,61.06,72.87,100.0,9.89,6.68,8.76,Placed
13019,22,87.55,4.58,77.88,82.61,100.0,8.88,5.79,4.15,Placed
13020,23,75.41,7.0,57.83,66.72,96.83,7.96,6.07,6.16,Placed
13021,20,125.0,4.58,36.71,44.29,100.0,6.57,8.06,7.12,Placed
13022,19,71.69,2.69,74.96,73.18,92.32,6.89,7.16,6.86,Placed
13023,21,88.15,5.02,85.43,45.89,96.85,7.56,6.18,7.01,Placed
13024,19,90.99,2.3,70.07,97.07,100.0,7.63,5.99,2.14,Placed
13025,20,71.74,5.44,80.22,62.21,94.14,6.35,7.33,6.6,Placed
13026,23,69.08,3.92,78.05,67.17,83.42,5.56,6.58,4.0,Placed
13027,18,86.9,4.52,72.16,57.18,100.0,9.51,7.64,8.06,Placed
13028,23,84.9,0.59,74.04,73.43,91.24,7.24,5.81,3.0,Not Placed
13029,19,61.07,0.2,92.24,75.27,76.78,7.71,6.34,2.38,Placed
13030,25,64.46,1.1,57.54,57.14,67.72,6.17,5.46,4.66,Placed
13031,23,47.56,6.94,83.6,75.25,93.93,8.84,6.14,5.95,Placed
13032,20,85.14,1.73,54.29,69.08,90.08,8.45,9.41,1.07,Placed
13033,22,74.86,5.12,60.08,66.47,97.44,7.27,5.92,3.84,Placed
13034,18,76.05,2.64,89.94,55.98,88.83,7.45,6.23,2.46,Not Placed
13035,18,57.7,3.37,53.85,100.0,90.4,7.54,5.81,6.5,Placed
13036,25,64.82,3.72,68.38,86.92,77.15,7.32,6.58,3.52,Placed
13037,24,72.26,6.76,100.0,79.65,100.0,7.87,6.71,6.9,Placed
13038,19,69.93,4.85,87.38,86.02,99.63,7.65,8.26,3.22,Placed
13039,20,79.41,4.49,60.94,72.8,80.96,6.99,6.31,5.26,Placed
13040,19,85.0,6.13,63.51,62.41,96.63,5.8,6.94,1.89,Placed
13041,21,100.0,2.66,69.45,25.71,79.97,7.17,4.55,4.43,Not Placed
13042,20,77.76,5.72,91.68,48.5,100.0,8.1,5.76,2.46,Placed
13043,20,91.38,5.42,56.98,100.0,100.0,8.01,8.1,7.71,Placed
13044,22,68.04,5.4,56.07,86.56,100.0,8.77,5.77,6.8,Not Placed
13045,19,57.9,3.52,82.7,71.24,100.0,8.9,7.72,5.08,Not Placed
13046,25,73.77,3.01,46.78,42.76,80.09,8.04,5.69,6.7,Placed
13047,23,58.83,2.23,58.33,78.16,88.68,7.42,6.59,3.65,Placed
13048,24,78.18,2.35,70.72,63.55,83.9,7.61,8.86,5.87,Not Placed
13049,19,68.63,2.15,71.49,79.17,90.22,6.51,7.69,4.49,Placed
13050,23,54.55,4.46,51.53,50.21,78.49,8.16,4.46,5.68,Not Placed
13051,24,98.83,3.39,77.31,60.16,96.87,8.79,10.0,4.9,Placed
13052,19,71.55,4.58,80.31,82.16,91.35,8.45,5.55,4.54,Placed
13053,24,58.35,4.68,62.06,98.85,90.32,7.87,9.04,1.03,Placed
13054,20,88.78,1.89,96.91,57.46,89.58,6.91,6.26,3.36,Placed
13055,24,69.26,1.84,77.09,52.01,71.43,6.77,5.33,8.28,Placed
13056,21,91.08,3.39,56.93,84.37,90.13,7.01,6.26,4.42,Placed
13057,24,69.2,2.4,96.31,47.84,75.55,6.32,6.02,3.22,Placed
13058,19,71.51,2.22,64.15,48.99,77.24,7.53,6.14,4.75,Not Placed
13059,21,82.14,6.85,74.68,72.25,87.42,4.0,6.87,1.61,Placed
13060,20,85.12,1.04,64.7,100.0,93.82,6.55,7.37,3.71,Placed
13061,19,87.22,7.44,81.36,54.42,100.0,7.28,8.5,5.03,Placed
13062,20,76.92,4.32,64.78,62.08,99.21,10.0,7.06,5.64,Placed
13063,21,84.34,5.58,65.69,69.78,100.0,7.21,6.89,5.35,Placed
13064,19,86.95,5.36,69.6,60.44,88.85,7.25,5.93,7.68,Placed
13065,23,80.41,4.91,64.47,39.73,71.22,6.2,6.46,3.31,Not Placed
13066,22,76.29,6.79,88.08,80.83,100.0,9.26,6.2,1.65,Placed
13067,24,60.66,1.85,53.13,70.98,61.8,6.22,5.15,3.94,Not Placed
13068,23,85.19,3.52,71.44,73.87,100.0,9.64,9.86,3.53,Not Placed
13069,19,78.51,2.26,73.34,65.73,90.79,6.31,7.09,5.03,Placed
13070,18,73.04,0.75,70.13,92.21,100.0,8.33,7.11,4.08,Placed
13071,21,93.33,2.61,86.52,59.93,93.93,7.13,8.26,4.94,Placed
13072,21,60.87,7.17,49.44,50.77,80.43,6.53,3.7,4.86,Not Placed
13073,19,97.73,3.49,80.52,94.62,100.0,8.41,9.49,6.42,Placed
13074,24,77.73,7.37,53.33,32.82,100.0,8.79,5.77,4.63,Not Placed
13075,22,81.81,7.55,64.37,65.54,100.0,6.98,5.74,5.06,Placed
13076,23,73.26,9.19,51.78,66.79,100.0,7.17,6.15,8.22,Not Placed
13077,18,58.0,7.23,67.02,66.17,100.0,6.7,7.98,1.38,Not Placed
13078,24,76.32,8.04,63.33,43.18,100.0,7.47,9.37,5.02,Placed
13079,19,82.02,4.39,96.57,49.04,92.21,5.89,8.77,4.42,Placed
13080,21,86.11,4.21,75.62,83.33,75.0,4.0,6.22,4.75,Placed
13081,21,75.62,4.33,78.6,90.17,80.45,4.96,4.64,5.81,Placed
13082,24,51.69,3.8,55.39,61.32,87.64,6.93,6.3,2.98,Placed
13083,20,59.5,4.07,83.1,53.11,92.1,5.92,6.03,3.51,Placed
13084,19,100.0,5.15,96.57,39.44,96.21,7.06,4.83,6.12,Placed
13085,20,64.89,2.96,85.05,83.05,86.28,6.59,7.5,4.34,Not Placed
13086,20,95.12,1.32,52.32,83.99,89.76,6.35,6.81,2.73,Placed
13087,19,66.79,4.45,65.04,23.03,78.41,6.42,7.4,6.22,Placed
13088,19,75.81,2.55,73.63,29.22,70.31,8.36,7.68,5.91,Placed
13089,19,85.5,2.74,63.34,70.19,100.0,7.48,7.62,4.96,Placed
13090,21,68.16,3.54,100.0,72.26,100.0,9.08,6.72,5.46,Placed
13091,20,97.11,3.13,64.77,60.36,86.43,7.32,8.77,5.77,Placed
13092,21,78.91,5.8,71.35,67.47,89.26,4.91,6.21,4.46,Not Placed
13093,23,83.53,3.5,63.0,64.04,82.23,5.95,6.03,5.25,Not Placed
13094,19,74.79,5.89,75.48,68.42,100.0,7.34,6.52,2.25,Placed
13095,25,85.9,4.17,92.74,53.59,94.78,7.49,7.45,4.22,Placed
13096,24,96.95,3.64,73.72,67.8,85.53,6.5,7.62,6.56,Placed
13097,19,76.42,4.08,68.71,57.21,81.89,6.25,6.39,9.03,Placed
13098,20,98.76,1.48,55.89,55.88,73.35,6.47,6.42,4.88,Placed
13099,19,70.66,4.41,90.13,38.13,98.68,7.03,8.37,2.83,Not Placed
13100,20,87.17,5.33,69.84,65.19,96.67,7.14,5.23,3.92,Placed
13101,20,83.87,5.58,69.2,80.85,95.8,5.88,10.0,1.73,Placed
13102,19,65.18,1.37,36.92,62.79,69.86,7.5,6.44,5.98,Not Placed
13103,18,80.57,1.07,70.09,62.34,81.5,7.48,6.55,4.73,Placed
13104,21,78.09,2.83,65.98,88.09,94.49,7.07,7.24,2.72,Placed
13105,23,67.76,6.29,44.61,84.4,84.4,6.37,7.44,4.25,Placed
13106,20,82.3,4.2,86.84,95.75,99.38,8.01,6.01,6.04,Placed
13107,24,79.76,2.41,63.97,100.0,100.0,8.79,7.21,4.73,Placed
13108,20,77.13,1.18,100.0,68.95,97.98,6.66,5.68,3.26,Not Placed
13109,25,77.18,2.57,93.22,49.49,79.63,6.45,6.08,6.68,Placed
13110,19,76.92,2.45,61.2,59.66,84.82,7.76,4.87,5.32,Placed
13111,22,73.59,5.48,92.54,77.17,100.0,5.8,6.97,3.1,Placed
13112,24,79.68,5.62,96.16,91.04,100.0,5.67,6.59,4.68,Placed
13113,18,70.27,1.91,63.61,51.22,63.62,6.42,4.38,0.5,Placed
13114,25,100.0,5.16,56.51,72.08,100.0,7.57,5.98,5.15,Placed
13115,20,61.09,4.97,39.67,55.31,76.44,6.14,6.77,10.22,Placed
13116,21,70.98,1.68,77.71,65.65,82.62,7.18,7.83,6.82,Not Placed
13117,23,71.93,3.65,57.4,65.41,69.09,4.79,5.26,4.29,Placed
13118,23,100.0,4.41,78.16,74.1,100.0,7.94,6.44,5.12,Placed
13119,18,62.16,4.09,63.48,100.0,83.97,8.93,5.48,5.71,Not Placed
13120,24,83.11,0.72,60.3,75.6,77.84,6.11,7.67,5.84,Placed
13121,22,80.98,4.04,63.58,61.12,90.11,7.73,6.0,4.39,Placed
13122,25,82.0,4.95,52.5,58.48,89.33,6.95,7.42,0.5,Placed
13123,21,92.84,6.64,63.57,64.95,100.0,7.33,6.37,3.92,Placed
13124,22,92.59,2.6,60.95,54.05,75.35,6.9,4.76,3.43,Placed
13125,21,72.59,2.82,71.79,70.23,92.61,6.84,6.72,4.42,Placed
13126,25,80.33,3.42,73.56,29.42,98.36,6.2,5.38,3.12,Not Placed
13127,24,55.63,4.32,55.93,64.62,75.59,5.89,8.14,5.83,Placed
13128,25,79.19,3.97,88.51,65.89,100.0,8.52,8.98,8.67,Placed
13129,22,68.47,4.89,69.61,49.43,81.69,5.19,7.57,6.57,Placed
13130,24,75.76,1.77,94.54,61.89,90.44,7.18,6.03,4.48,Not Placed
13131,20,57.78,4.51,75.62,85.92,91.52,7.12,6.83,7.65,Placed
13132,21,82.86,2.46,73.04,87.07,94.92,7.14,7.15,6.5,Placed
13133,24,57.64,3.54,64.64,59.47,90.03,8.0,8.1,6.08,Placed
13134,18,79.78,6.87,81.22,76.38,100.0,6.76,6.57,3.47,Placed
13135,23,63.28,1.28,72.5,44.02,85.64,7.98,7.29,4.33,Placed
13136,18,67.8,3.3,84.88,63.26,100.0,9.58,4.79,5.78,Not Placed
13137,22,91.86,1.51,96.07,71.69,86.44,7.02,7.09,8.93,Not Placed
13138,21,85.06,4.08,61.1,92.43,88.58,4.76,5.77,7.49,Not Placed
13139,21,91.79,5.69,81.2,87.08,100.0,7.03,6.85,5.8,Not Placed
13140,21,96.72,4.11,80.78,71.34,100.0,6.91,5.55,4.94,Not Placed
13141,21,68.73,3.59,78.87,53.42,78.85,7.68,7.29,6.14,Placed
13142,21,95.99,6.19,65.5,89.74,100.0,4.81,7.57,5.68,Placed
13143,21,60.41,4.39,65.81,62.56,90.19,7.59,6.52,7.68,Placed
13144,22,86.95,5.28,63.24,75.18,100.0,6.69,5.76,2.43,Placed
13145,24,72.08,5.09,62.94,66.04,98.97,8.16,7.49,4.68,Placed
13146,22,66.84,0.2,59.4,99.88,84.35,6.58,8.67,6.13,Placed
13147,23,85.37,3.66,70.43,58.24,91.74,8.24,9.11,7.47,Placed
13148,24,89.34,1.86,60.63,82.66,79.32,5.39,7.28,8.52,Placed
13149,25,88.98,2.31,78.53,66.62,80.95,7.22,7.13,1.7,Placed
13150,18,80.58,6.45,72.85,77.11,98.34,6.03,5.22,3.18,Not Placed
13151,23,79.58,3.13,74.54,93.92,95.71,6.61,8.38,4.48,Placed
13152,19,84.32,7.21,67.9,35.93,100.0,10.0,4.01,2.14,Placed
13153,19,81.65,1.27,73.03,66.95,76.3,6.06,8.23,7.95,Placed
13154,24,84.5,1.85,68.29,53.69,84.88,6.75,6.83,4.87,Placed
13155,18,80.45,5.17,83.69,75.13,90.81,5.83,3.88,6.97,Placed
13156,24,88.11,3.19,65.36,79.06,82.12,6.83,7.2,4.27,Not Placed
13157,24,58.47,4.35,77.63,60.47,89.18,7.02,6.61,5.44,Placed
13158,25,76.42,3.6,52.4,59.65,90.26,6.32,6.26,1.9,Not Placed
13159,23,61.39,3.54,82.68,71.26,100.0,9.09,6.48,2.51,Placed
13160,24,81.32,3.25,63.61,47.63,86.25,8.59,6.78,2.54,Not Placed
13161,18,97.7,4.12,58.32,73.33,84.95,6.06,6.77,1.2,Placed
13162,25,72.31,4.95,54.92,54.92,96.71,8.18,5.03,6.68,Not Placed
13163,19,79.53,6.71,53.73,79.74,100.0,6.62,7.28,4.59,Placed
13164,20,87.08,3.44,64.78,46.91,72.12,5.72,6.34,6.74,Placed
13165,19,53.19,3.09,94.48,58.92,81.72,6.34,8.7,4.39,Placed
13166,21,71.73,2.86,62.35,55.98,77.92,5.69,7.83,6.88,Placed
13167,23,82.37,6.45,38.86,63.23,100.0,8.33,7.97,6.53,Placed
13168,20,43.24,5.04,77.48,90.02,94.03,6.15,9.03,4.38,Placed
13169,24,66.28,0.38,55.29,81.54,78.0,8.75,7.68,5.02,Placed
13170,22,91.21,0.3,84.22,60.33,72.67,7.37,6.62,5.33,Placed
13171,23,90.04,2.31,65.68,60.31,75.05,6.72,3.73,6.85,Placed
13172,25,82.49,4.21,67.89,82.17,91.1,6.6,7.09,4.56,Placed
13173,21,88.59,3.74,89.96,49.38,96.49,9.3,8.88,5.34,Not Placed
13174,20,80.58,4.73,81.27,68.36,100.0,7.21,7.87,1.67,Placed
13175,25,84.66,3.48,53.3,58.31,74.89,6.59,6.19,2.86,Placed
13176,22,74.21,6.32,55.51,65.25,96.56,8.22,6.87,3.15,Placed
13177,22,79.39,5.19,45.25,80.95,100.0,7.9,6.13,5.65,Placed
13178,20,70.41,3.94,100.0,57.29,86.39,6.01,7.17,3.21,Not Placed
13179,19,93.16,5.86,59.06,83.59,100.0,7.21,6.19,4.85,Placed
13180,19,96.26,0.83,89.55,100.0,100.0,5.03,8.53,4.29,Not Placed
13181,19,94.56,3.65,64.02,77.66,96.83,7.16,6.94,4.63,Placed
13182,19,73.1,4.05,55.8,66.65,93.03,7.58,7.11,6.36,Placed
13183,23,66.55,4.88,72.32,86.51,95.9,7.74,5.81,4.95,Placed
13184,18,93.32,0.71,67.1,50.26,70.46,6.0,6.3,4.12,Not Placed
13185,23,84.53,3.33,84.03,92.34,85.68,6.31,5.41,5.43,Placed
13186,25,81.94,4.52,84.22,55.95,94.85,7.5,8.5,7.85,Placed
13187,24,70.4,4.66,63.15,100.0,100.0,8.7,6.18,4.72,Not Placed
13188,21,83.11,5.94,50.4,56.53,100.0,7.31,6.99,2.05,Not Placed
13189,18,64.98,5.17,54.04,78.59,88.08,6.53,4.94,1.87,Not Placed
13190,24,85.61,3.69,37.76,43.05,92.85,8.36,5.32,3.94,Placed
13191,18,94.55,5.01,67.88,64.59,100.0,7.35,6.5,2.22,Not Placed
13192,23,97.57,3.44,71.82,50.72,90.18,7.41,6.43,0.5,Not Placed
13193,23,86.5,4.06,54.86,44.94,91.26,8.16,7.09,3.91,Not Placed
13194,19,61.42,5.23,53.05,87.29,98.5,7.08,9.21,5.26,Placed
13195,23,80.37,3.72,71.76,48.36,69.18,6.08,4.38,7.27,Placed
13196,19,100.0,4.45,62.52,56.24,93.9,7.01,7.97,4.46,Placed
13197,19,67.58,5.53,68.81,54.37,92.11,8.53,7.4,5.12,Placed
13198,24,77.29,5.08,66.49,86.23,100.0,9.47,6.06,5.53,Placed
13199,25,94.96,6.02,75.73,84.28,100.0,5.74,6.28,4.67,Placed
13200,20,85.41,7.99,63.52,88.32,100.0,9.16,8.14,3.17,Placed
13201,25,100.0,5.07,64.67,55.42,87.45,6.76,6.73,8.84,Placed
13202,25,69.21,2.97,43.77,89.59,83.74,7.22,6.41,2.52,Not Placed
13203,24,66.12,4.72,71.25,55.28,84.06,9.24,5.54,5.33,Placed
13204,19,92.69,4.64,73.33,55.92,100.0,6.71,5.8,2.94,Placed
13205,20,63.65,4.9,69.33,56.82,87.47,6.87,5.34,4.73,Placed
13206,23,,6.49,100.0,57.4,100.0,6.43,7.86,5.32,Placed
13207,25,77.21,0.77,74.44,66.55,82.89,7.25,5.86,4.1,Placed
13208,24,90.43,6.52,69.65,54.58,100.0,7.57,5.37,2.07,Placed
13209,21,85.37,7.13,79.49,71.7,100.0,6.38,7.01,3.81,Placed
13210,19,83.48,4.82,100.0,26.25,93.26,8.94,5.82,6.75,Placed
13211,25,73.17,4.87,75.79,71.65,100.0,6.3,8.66,1.5,Placed
13212,20,92.58,3.37,38.65,50.57,81.54,7.8,6.85,7.76,Placed
13213,20,100.0,3.81,78.48,57.29,100.0,7.23,7.05,4.69,Placed
13214,25,86.3,5.06,58.81,57.68,100.0,8.69,7.05,5.93,Placed
13215,22,79.2,4.94,43.16,83.09,100.0,6.24,7.49,2.39,Placed
13216,20,62.43,5.1,97.46,76.07,100.0,7.89,7.65,4.2,Placed
13217,18,70.35,4.93,94.22,65.35,100.0,10.0,6.84,3.17,Placed
13218,21,75.44,5.42,58.42,56.56,91.76,5.47,5.58,5.09,Not Placed
13219,25,71.58,5.22,58.52,80.53,95.39,6.12,6.62,2.32,Placed
13220,21,77.81,1.96,74.4,96.72,100.0,9.7,6.87,3.26,Placed
13221,23,99.34,5.3,58.72,67.55,88.44,7.04,4.84,8.63,Placed
13222,20,92.97,7.15,69.97,42.43,93.1,7.34,4.27,5.79,Placed
13223,24,76.09,3.75,61.3,56.75,68.6,6.8,5.34,5.26,Placed
13224,24,63.5,6.5,65.99,76.95,100.0,9.19,4.46,5.23,Placed
13225,22,94.05,2.15,50.93,60.92,73.65,5.26,6.22,7.42,Placed
13226,24,77.41,3.75,84.4,54.26,93.55,8.68,5.87,4.25,Placed
13227,22,57.28,2.65,90.06,53.57,86.65,5.43,6.91,6.37,Placed
13228,21,86.55,6.28,70.5,69.47,99.84,5.32,7.65,0.5,Placed
13229,23,90.31,6.75,71.46,43.46,87.06,5.9,7.15,4.26,Placed
13230,24,48.89,3.62,81.44,67.45,89.56,7.05,7.32,3.88,Not Placed
13231,24,68.11,5.91,72.03,69.42,100.0,6.34,7.94,3.45,Placed
13232,19,76.67,6.77,97.94,60.81,99.34,6.27,6.41,5.98,Placed
13233,23,86.81,3.74,52.25,51.31,84.42,6.09,3.67,4.23,Placed
13234,18,71.81,4.03,84.91,84.29,88.73,6.11,4.71,4.18,Placed
13235,22,68.01,5.12,70.29,46.68,90.41,6.08,7.4,2.93,Not Placed
13236,22,86.73,2.28,55.18,70.76,91.89,7.48,7.04,3.71,Placed
13237,20,72.38,4.0,100.0,79.64,100.0,6.44,7.63,0.5,Placed
13238,25,84.5,7.66,100.0,70.55,100.0,4.0,10.0,3.87,Placed
13239,25,64.66,2.9,68.88,87.7,93.75,7.16,7.06,1.67,Placed
13240,18,61.77,5.34,78.67,49.83,79.2,8.1,6.69,7.59,Placed
13241,19,87.06,4.74,64.93,55.35,80.17,6.87,7.22,5.97,Placed
13242,19,81.03,3.51,67.35,60.62,70.39,5.69,5.37,6.33,Not Placed
13243,25,89.07,4.2,55.01,100.0,98.87,8.09,7.71,1.86,Not Placed
13244,22,71.61,6.95,52.8,76.12,90.25,5.55,6.59,6.18,Placed
13245,23,68.46,4.8,99.66,79.12,100.0,6.81,8.82,3.17,Placed
13246,24,94.33,5.08,71.42,78.45,93.46,7.17,4.88,5.05,Placed
13247,24,59.72,6.68,72.76,69.26,100.0,8.49,6.81,4.13,Placed
13248,18,93.02,3.28,59.84,84.79,99.67,7.89,6.05,1.74,Placed
13249,19,93.85,1.92,74.85,38.08,90.98,7.49,5.52,2.42,Placed
13250,21,88.32,6.98,49.44,72.43,96.09,8.32,7.55,5.82,Not Placed
13251,20,69.75,4.05,60.39,74.85,88.37,5.81,6.42,5.75,Placed
13252,23,68.2,5.41,54.0,84.3,100.0,9.1,8.4,1.76,Not Placed
13253,19,75.48,2.43,91.39,49.51,75.25,4.0,6.16,6.77,Placed
13254,20,62.46,4.5,47.22,50.69,86.73,8.91,6.33,3.74,Placed
13255,19,66.46,1.83,54.31,51.7,76.35,6.19,9.22,1.94,Placed
13256,19,85.74,3.91,41.29,76.36,94.98,7.66,5.18,3.4,Not Placed
13257,19,85.79,2.63,58.65,76.59,99.95,8.94,5.86,1.79,Placed
13258,19,65.41,2.22,65.11,52.8,87.92,7.87,3.09,3.05,Not Placed
13259,22,86.11,3.25,86.67,98.63,100.0,7.65,6.26,3.54,Placed
13260,21,83.45,0.2,68.67,72.58,95.73,8.24,7.63,5.53,Placed
13261,21,96.12,1.71,65.84,69.99,84.7,5.42,7.29,6.13,Not Placed
13262,21,84.83,5.21,76.5,64.68,92.84,5.6,6.97,6.63,Placed
13263,23,90.7,4.43,65.36,82.89,98.54,7.53,5.75,6.07,Not Placed
13264,24,83.72,1.87,100.0,74.23,100.0,6.96,6.57,0.69,Placed
13265,22,89.76,4.79,63.13,98.24,99.8,6.82,6.32,1.61,Placed
13266,23,62.55,2.22,78.21,48.58,77.87,8.69,6.79,6.7,Not Placed
13267,23,76.54,5.1,84.4,43.27,99.63,8.58,7.01,3.57,Placed
13268,23,77.53,3.59,62.7,56.16,78.34,6.1,6.38,4.22,Placed
13269,19,75.08,3.21,74.48,76.85,97.6,7.73,6.83,5.77,Placed
13270,25,83.33,3.64,64.49,61.15,94.49,5.32,6.68,7.08,Not Placed
13271,19,85.61,8.41,76.11,88.34,100.0,5.29,5.99,5.44,Placed
13272,21,82.71,2.43,73.51,61.7,87.74,6.13,6.9,2.78,Placed
13273,23,75.88,4.21,69.9,85.31,100.0,7.14,5.27,2.06,Placed
13274,21,69.17,5.21,54.67,54.71,90.55,6.42,7.02,2.36,Placed
13275,19,91.17,2.07,99.96,86.93,100.0,7.74,5.47,6.95,Not Placed
13276,25,82.2,0.93,80.8,89.91,90.5,7.18,6.77,6.22,Not Placed
13277,18,65.78,2.72,48.17,58.96,86.32,8.54,7.36,4.59,Placed
13278,19,75.68,5.17,65.69,75.83,97.21,7.85,5.69,1.65,Placed
13279,25,57.08,3.18,48.46,72.28,82.47,5.95,8.04,6.28,Placed
13280,23,78.42,3.38,83.43,76.27,100.0,8.28,8.95,4.88,Placed
13281,18,75.62,5.44,71.67,88.55,100.0,6.17,6.02,2.97,Placed
13282,24,71.11,2.35,72.06,83.57,97.25,7.69,6.63,4.39,Placed
13283,25,97.02,3.64,59.36,76.23,94.44,6.61,8.25,5.51,Placed
13284,18,64.13,1.08,67.27,78.61,93.16,8.79,4.64,3.61,Placed
13285,21,86.48,4.38,83.81,47.69,100.0,8.08,6.84,2.43,Placed
13286,21,100.0,4.21,87.84,67.35,99.23,6.37,6.44,4.88,Placed
13287,19,90.93,5.23,84.7,50.38,87.99,6.74,7.88,5.0,Placed
13288,19,77.62,1.74,48.72,67.71,89.75,10.0,6.51,0.71,Placed
13289,19,64.39,3.45,69.21,85.87,90.87,5.69,7.34,4.36,Placed
13290,19,61.66,1.5,75.8,67.89,75.01,6.34,5.81,2.81,Placed
13291,21,73.06,3.36,60.98,27.91,71.92,6.39,7.94,5.45,Placed
13292,21,69.76,6.47,47.11,51.25,82.31,5.81,5.45,1.09,Placed
13293,19,69.37,3.22,52.7,77.3,90.08,5.94,7.84,1.95,Not Placed
13294,20,74.08,1.34,94.5,59.37,100.0,7.07,6.89,0.5,Not Placed
13295,19,76.77,2.58,54.13,80.54,77.62,7.77,3.97,5.33,Placed
13296,24,83.82,0.9,72.71,48.68,83.0,5.29,6.88,1.5,Placed
13297,19,63.15,1.47,69.65,74.11,92.52,6.6,7.53,1.85,Placed
13298,25,69.81,5.01,69.69,74.91,93.64,6.24,5.32,4.32,Placed
13299,22,76.08,1.2,67.2,80.64,80.15,5.8,5.78,4.18,Not Placed
13300,24,75.65,4.36,83.84,57.52,100.0,8.39,6.91,5.77,Placed
13301,23,100.0,3.85,72.53,80.48,96.75,6.28,6.19,5.98,Placed
13302,20,80.79,2.84,62.62,92.1,87.32,5.56,7.2,6.76,Placed
13303,22,58.64,4.21,72.77,31.64,69.8,8.26,6.55,7.73,Placed
13304,20,83.02,2.11,52.84,68.83,91.79,8.7,5.22,6.59,Not Placed
13305,18,84.55,5.31,79.14,39.1,100.0,7.49,9.59,5.17,Placed
13306,20,76.5,2.54,61.79,54.24,68.7,6.07,6.39,4.93,Placed
13307,20,63.44,3.1,62.65,55.54,75.1,6.87,6.95,5.73,Placed
13308,19,99.1,2.89,79.7,66.94,95.85,6.41,8.93,0.5,Placed
13309,18,65.16,5.04,65.89,74.04,94.72,7.14,7.84,4.19,Placed
13310,25,85.93,4.78,66.73,82.48,100.0,8.06,7.46,0.85,Placed
13311,22,80.4,0.2,89.51,72.22,99.61,7.17,8.07,3.03,Placed
13312,21,85.21,4.26,57.4,78.78,100.0,7.2,7.46,1.55,Not Placed
13313,25,98.48,0.66,79.48,50.74,84.38,6.58,7.46,5.28,Placed
13314,19,84.74,3.19,86.24,84.91,99.27,8.0,7.48,5.7,Placed
13315,21,71.3,3.61,89.5,15.27,81.3,7.64,6.6,6.93,Placed
13316,24,91.27,3.17,100.0,92.43,93.4,4.99,8.09,2.57,Placed
13317,23,70.43,4.7,62.37,89.56,91.07,5.06,7.61,3.18,Not Placed
13318,21,79.96,5.1,58.98,80.0,96.0,6.8,4.04,6.67,Placed
13319,20,62.48,2.41,84.26,100.0,100.0,8.36,7.82,3.48,Not Placed
13320,18,65.6,2.34,86.1,39.14,91.17,8.6,5.85,3.06,Placed
13321,18,78.62,3.74,60.14,80.47,94.41,8.12,7.09,5.93,Not Placed
13322,19,82.42,1.02,79.27,70.16,85.34,7.02,4.79,5.54,Not Placed
13323,24,57.57,2.94,100.0,71.91,96.01,8.96,6.1,6.41,Not Placed
13324,23,83.97,6.23,73.57,49.38,98.73,6.33,6.36,5.46,Placed
13325,21,68.17,1.09,85.85,74.32,90.9,6.79,7.44,3.71,Not Placed
13326,24,93.36,3.19,95.65,73.57,100.0,5.49,6.09,7.25,Placed
13327,19,73.78,2.73,100.0,56.97,88.35,6.79,4.2,6.27,Not Placed
13328,19,64.52,7.41,75.69,66.9,91.54,6.17,6.21,4.47,Placed
13329,21,78.91,2.83,90.8,46.97,85.87,9.05,6.34,6.27,Placed
13330,25,67.01,2.94,60.17,61.67,93.34,8.81,7.56,4.47,Not Placed
13331,22,93.23,1.94,72.37,83.37,81.33,7.28,6.98,2.65,Not Placed
13332,24,78.01,3.82,65.3,83.69,95.0,7.76,5.88,4.72,Not Placed
13333,19,76.18,4.29,43.72,80.3,82.99,6.47,7.13,8.35,Placed
13334,24,85.1,2.21,47.95,83.37,73.09,4.16,9.0,6.58,Placed
13335,18,65.94,5.58,78.45,83.58,100.0,6.29,8.2,5.33,Placed
13336,19,62.53,4.29,78.75,57.7,85.63,8.1,4.51,2.71,Placed
13337,22,82.9,5.33,56.38,73.43,94.24,7.73,9.77,2.13,Placed
13338,18,64.8,3.21,95.36,85.39,100.0,6.73,8.22,4.01,Placed
13339,24,64.8,4.24,55.35,45.93,87.16,8.09,8.7,3.29,Placed
13340,24,88.04,3.42,75.86,45.83,87.05,6.64,4.98,4.54,Placed
13341,22,84.3,6.42,65.77,44.95,90.09,5.83,6.3,4.8,Placed
13342,20,62.95,4.01,73.6,39.43,94.08,8.09,7.51,1.65,Placed
13343,18,70.57,3.82,85.48,51.19,88.59,6.47,5.45,2.82,Placed
13344,22,67.16,2.98,83.36,59.59,99.36,8.43,7.43,3.79,Placed
13345,22,99.32,2.87,82.62,92.2,100.0,4.8,8.76,5.37,Placed
13346,24,88.87,4.23,80.7,61.0,95.35,6.52,6.4,5.45,Placed
13347,22,72.95,5.28,52.91,43.74,97.45,7.92,8.84,2.43,Not Placed
13348,19,84.91,2.57,89.02,70.66,100.0,7.79,7.64,2.05,Placed
13349,18,61.73,4.03,56.1,64.98,71.69,6.93,4.57,2.61,Placed
13350,24,69.93,4.13,70.41,55.49,87.23,7.54,5.76,6.09,Not Placed
13351,19,79.26,4.45,66.73,58.58,100.0,7.37,8.13,3.55,Placed
13352,25,83.43,0.73,77.25,85.07,86.06,5.41,5.56,4.71,Not Placed
13353,18,76.83,2.14,64.73,45.44,76.53,6.76,8.1,5.33,Not Placed
13354,23,80.98,1.34,69.62,41.35,81.67,7.47,7.53,6.96,Not Placed
13355,25,78.94,3.86,96.28,75.47,98.14,7.81,7.17,2.06,Placed
13356,21,76.04,2.18,52.57,58.18,83.64,7.12,6.11,6.93,Not Placed
13357,18,74.45,2.91,71.96,92.84,90.8,6.54,7.16,5.66,Not Placed
13358,25,72.88,1.65,55.29,65.53,76.82,5.6,8.82,7.84,Placed
13359,19,80.78,3.07,82.12,66.39,87.41,8.1,6.33,7.31,Placed
13360,22,82.93,1.78,61.1,80.58,95.35,7.97,7.53,4.72,Placed
13361,25,80.38,5.16,72.58,41.25,82.99,8.38,9.21,3.0,Not Placed
13362,23,63.86,4.66,52.13,73.4,82.2,5.91,7.11,5.82,Placed
13363,18,66.01,4.07,91.37,62.15,90.75,7.35,6.21,2.26,Placed
13364,24,82.79,3.26,73.09,84.43,88.43,6.37,6.2,4.93,Placed
13365,19,95.66,0.2,74.07,57.65,58.36,7.26,4.3,3.01,Not Placed
13366,23,79.83,2.98,84.44,70.83,99.96,10.0,5.35,4.02,Placed
13367,22,73.06,2.43,53.23,62.26,93.16,8.28,7.21,0.5,Placed
13368,20,80.69,4.25,62.77,74.61,87.3,6.29,7.96,4.33,Not Placed
13369,21,64.36,4.92,74.55,63.98,94.99,6.9,6.29,4.74,Placed
13370,18,93.71,4.38,45.57,72.2,100.0,6.77,7.95,3.43,Placed
13371,25,80.24,6.07,47.18,96.05,100.0,7.35,7.87,4.33,Not Placed
13372,19,69.97,2.78,59.68,63.42,81.34,5.37,5.88,2.33,Not Placed
13373,20,76.0,2.7,54.89,74.44,89.76,7.59,6.09,6.06,Placed
13374,22,71.68,5.67,66.84,100.0,97.7,4.66,5.18,4.55,Not Placed
13375,23,93.74,4.1,79.84,74.24,85.86,5.19,7.69,8.98,Placed
13376,22,75.57,3.36,83.25,29.05,86.4,9.6,6.8,5.08,Not Placed
13377,22,79.86,7.12,99.14,57.34,99.64,6.77,7.87,5.26,Placed
13378,22,84.88,4.84,71.66,48.74,100.0,8.91,6.73,3.56,Placed
13379,24,69.11,3.46,74.32,82.75,82.45,6.23,5.67,6.88,Placed
13380,21,80.32,2.57,71.63,66.5,79.65,4.68,7.74,3.64,Placed
13381,24,81.29,6.19,76.8,85.02,93.61,5.94,4.42,7.96,Placed
13382,24,59.35,4.17,77.98,77.78,100.0,10.0,6.4,7.9,Not Placed
13383,25,81.03,3.84,85.83,77.72,97.24,5.51,5.87,3.48,Placed
13384,25,77.45,5.02,85.77,48.43,100.0,9.33,8.63,3.95,Placed
13385,24,79.56,5.38,79.79,76.08,95.41,7.61,8.9,3.05,Placed
13386,19,78.43,4.79,94.65,89.87,100.0,7.34,7.31,1.83,Placed
13387,24,81.11,5.39,72.4,44.85,87.48,6.3,6.11,5.09,Placed
13388,23,94.05,4.61,62.83,62.93,95.46,6.12,8.87,4.51,Not Placed
13389,20,63.85,4.8,65.28,73.67,92.4,7.88,5.96,5.82,Placed
13390,23,73.89,2.48,70.41,69.57,87.87,8.78,5.14,4.4,Placed
13391,20,86.0,7.06,55.75,90.99,100.0,7.44,4.42,6.24,Placed
13392,22,83.77,1.58,62.8,79.66,91.97,8.09,6.92,4.4,Placed
13393,24,83.51,4.36,54.9,74.5,99.22,6.69,4.74,4.11,Placed
13394,19,100.0,1.39,77.16,81.08,100.0,9.81,8.5,4.67,Placed
13395,20,85.37,3.62,77.31,80.23,98.18,7.49,6.1,6.02,Not Placed
13396,24,91.57,2.77,45.47,68.66,91.86,9.64,5.26,3.76,Not Placed
13397,21,74.32,4.04,62.19,62.32,85.56,6.04,8.14,6.32,Placed
13398,25,66.09,4.42,99.38,83.84,100.0,7.15,7.85,3.03,Placed
13399,18,74.23,2.08,81.45,56.11,93.5,8.49,8.8,3.87,Placed
13400,23,86.54,3.75,78.82,66.84,99.0,7.37,4.76,0.77,Not Placed
13401,24,82.88,6.31,62.04,49.49,100.0,7.82,4.51,3.82,Placed
13402,25,82.84,1.44,76.31,79.71,82.72,6.03,8.67,2.26,Placed
13403,19,75.43,2.26,71.78,87.72,80.7,6.71,3.43,5.61,Placed
13404,25,73.51,5.35,60.05,53.03,86.3,6.15,5.34,5.52,Placed
13405,21,75.84,3.94,64.59,65.54,77.33,7.1,6.87,6.93,Placed
13406,20,86.69,4.07,64.93,60.32,90.88,6.97,5.2,7.82,Placed
13407,20,88.09,5.64,49.67,85.21,94.1,6.57,7.05,4.17,Placed
13408,23,65.93,2.37,52.15,90.67,88.86,7.96,5.42,3.02,Placed
13409,23,87.15,2.87,69.01,60.33,91.99,5.92,8.35,5.44,Placed
13410,21,70.19,2.64,59.28,18.54,54.91,4.62,7.66,3.72,Not Placed
13411,18,83.63,3.17,67.49,86.44,81.96,6.51,-2.0,3.29,Placed
13412,25,75.7,6.21,47.92,68.72,90.96,9.78,6.37,4.47,Placed
13413,19,96.79,0.74,84.02,68.78,94.87,7.81,5.56,3.32,Placed
13414,18,72.98,1.65,100.0,83.42,94.58,6.18,6.64,8.62,Placed
13415,22,80.14,1.34,87.41,62.18,81.56,7.73,5.32,3.97,Placed
13416,21,85.28,6.32,88.96,57.92,100.0,7.04,9.1,4.44,Not Placed
13417,22,67.51,2.69,81.39,62.31,89.2,7.67,7.18,6.12,Not Placed
13418,25,77.13,3.21,75.98,75.83,94.55,8.26,5.76,8.88,Placed
13419,18,74.8,0.89,73.3,82.06,98.6,7.43,8.68,4.05,Not Placed
13420,20,71.83,3.33,58.28,94.13,86.69,7.34,6.74,0.76,Placed
13421,22,72.72,5.36,82.35,74.45,100.0,8.98,8.48,4.35,Placed
13422,24,91.34,4.26,81.46,65.69,93.37,7.85,8.44,1.09,Not Placed
13423,22,70.82,3.61,65.05,82.18,85.26,7.43,7.32,3.47,Not Placed
13424,21,84.8,0.98,79.89,52.46,69.53,7.25,5.28,7.5,Placed
13425,22,81.78,3.21,61.59,90.71,98.72,6.52,6.1,2.9,Placed
13426,25,61.24,4.06,62.55,71.38,94.17,5.71,10.0,2.41,Placed
13427,21,84.23,2.01,83.63,64.34,97.87,8.0,6.14,6.22,Placed
13428,25,61.04,4.98,78.46,52.51,96.35,8.73,6.49,4.06,Placed
13429,24,85.54,5.39,68.52,78.03,98.6,7.71,6.23,6.92,Placed
13430,20,71.91,2.85,66.79,63.51,92.32,7.88,5.67,3.94,Not Placed
13431,19,78.1,5.11,74.62,66.49,92.09,6.14,7.64,5.79,Not Placed
13432,24,62.47,3.6,44.47,41.26,75.78,6.48,5.19,1.42,Not Placed
13433,19,79.47,5.86,60.63,61.05,89.23,5.66,5.8,2.63,Placed
13434,20,89.12,7.46,53.02,58.9,99.34,6.9,7.17,4.13,Placed
13435,19,68.32,1.83,72.18,74.7,100.0,8.38,6.5,3.69,Not Placed
13436,22,70.71,5.19,88.33,63.72,97.3,6.36,7.0,9.5,Placed
13437,20,83.46,6.15,79.16,25.62,92.35,7.11,6.76,6.53,Placed
13438,23,83.76,2.05,64.33,61.36,83.26,8.04,5.39,6.48,Placed
13439,25,48.79,2.76,61.4,44.73,84.35,8.65,8.56,4.16,Placed
13440,24,100.0,2.74,60.69,51.31,90.46,5.22,8.17,1.71,Placed
13441,25,84.34,3.56,100.0,84.06,98.91,6.63,5.65,7.85,Placed
13442,18,86.36,3.16,73.02,40.98,82.64,6.31,7.37,1.26,Placed
13443,21,76.28,3.44,75.0,72.72,78.13,6.15,6.21,3.4,Not Placed
13444,19,55.74,5.31,40.33,59.88,81.02,6.74,8.1,5.65,Placed
13445,25,86.1,0.39,54.29,56.8,70.54,4.86,7.83,9.72,Placed
13446,23,71.22,2.05,71.34,52.33,70.63,6.76,8.31,7.98,Placed
13447,20,84.53,5.01,64.53,73.11,100.0,7.24,5.66,5.75,Placed
13448,22,75.37,4.79,74.0,74.91,89.45,5.95,5.17,8.8,Placed
13449,22,80.86,1.89,73.8,40.4,86.43,6.62,4.57,3.51,Placed
13450,21,68.7,4.81,81.01,86.41,100.0,7.22,10.0,5.4,Placed
13451,21,88.37,6.19,43.96,49.02,75.78,7.34,7.89,7.42,Placed
13452,18,63.74,3.71,55.42,74.22,82.03,5.24,8.29,1.7,Not Placed
13453,21,100.0,1.99,70.51,49.1,82.69,8.04,5.08,5.25,Placed
13454,20,100.0,5.37,62.29,60.66,96.07,8.07,7.56,5.38,Placed
13455,24,97.59,6.9,67.35,47.54,96.47,6.31,4.73,5.32,Placed
13456,24,93.31,2.2,73.64,59.54,93.49,9.21,7.35,2.41,Placed
13457,24,76.99,3.87,60.83,64.78,81.53,7.75,6.82,5.37,Placed
13458,18,92.0,5.76,74.88,49.61,93.48,7.57,6.44,5.09,Placed
13459,24,76.85,4.01,80.16,73.03,100.0,8.02,6.15,3.4,Not Placed
13460,21,59.36,0.65,72.98,75.13,75.83,5.96,8.21,6.06,Not Placed
13461,21,96.04,4.6,82.81,100.0,99.33,6.78,6.17,7.2,Not Placed
13462,25,91.55,2.04,39.41,82.86,91.39,7.94,8.42,3.09,Placed
13463,24,77.62,1.51,63.21,86.82,92.64,6.24,6.74,5.49,Placed
13464,18,63.3,0.69,85.38,39.7,75.62,6.78,7.25,7.26,Placed
13465,20,70.97,5.94,59.03,36.66,91.92,7.92,7.46,7.3,Placed
13466,23,56.15,2.3,57.0,63.25,85.58,7.57,7.35,4.19,Placed
13467,22,89.34,4.4,70.11,96.59,91.93,7.23,7.07,6.64,Placed
13468,20,58.76,4.84,71.74,100.0,100.0,7.28,9.38,4.01,Placed
13469,22,81.44,4.09,63.98,57.0,96.47,6.99,8.15,6.14,Placed
13470,24,67.88,4.33,99.65,58.62,81.82,8.22,3.73,3.02,Placed
13471,19,60.88,4.49,76.3,76.7,93.54,9.71,6.55,1.46,Placed
13472,23,80.86,4.05,58.46,64.85,85.92,7.55,8.58,5.57,Placed
13473,23,73.99,2.43,50.41,65.25,81.38,8.74,5.82,6.26,Placed
13474,25,88.06,2.27,78.08,78.16,91.57,6.68,6.81,5.91,Placed
13475,20,62.79,3.61,58.1,100.0,84.67,6.38,6.9,2.87,Not Placed
13476,19,68.91,3.57,100.0,88.87,100.0,6.25,8.71,0.5,Placed
13477,22,49.35,4.57,78.42,97.91,100.0,,5.54,6.25,Placed
13478,22,51.79,5.78,80.4,38.49,78.11,6.85,5.72,7.42,Placed
13479,21,99.58,4.42,75.73,85.2,100.0,8.26,7.41,0.71,Placed
13480,24,100.0,2.34,88.82,52.8,94.95,8.4,7.21,3.89,Placed
13481,24,79.11,0.2,36.07,94.82,86.38,6.59,7.43,2.63,Placed
13482,19,68.11,2.42,53.95,89.72,88.95,6.81,7.19,4.99,Placed
13483,24,74.42,1.38,87.51,77.66,93.7,7.2,6.66,7.17,Not Placed
13484,19,88.48,2.49,94.51,56.11,92.71,7.48,7.47,4.03,Not Placed
13485,21,71.83,4.24,53.47,60.26,93.45,7.9,7.05,3.49,Placed
13486,18,80.85,3.95,44.72,61.55,100.0,6.72,6.5,5.28,Not Placed
13487,20,77.85,7.14,74.51,80.2,100.0,6.96,6.72,0.5,Placed
13488,25,71.17,4.67,79.28,74.46,100.0,8.83,6.15,6.18,Placed
13489,21,71.69,7.24,74.21,90.72,100.0,6.87,5.95,6.62,Not Placed
13490,23,81.52,5.09,71.11,93.77,100.0,6.51,7.47,4.51,Not Placed
13491,18,66.28,5.75,44.22,54.47,91.62,7.1,5.23,3.62,Placed
13492,23,83.42,3.15,66.37,75.6,95.74,7.29,7.63,3.94,Not Placed
13493,20,72.34,1.87,68.61,75.41,76.95,5.35,6.48,3.95,Placed
13494,23,79.53,2.99,63.78,66.48,96.09,6.67,6.68,4.39,Placed
13495,25,94.61,3.78,43.22,83.07,98.42,7.7,6.59,1.38,Not Placed
13496,22,75.98,2.67,80.77,75.86,100.0,9.61,7.4,5.33,Placed
13497,18,89.04,2.0,84.99,58.81,88.21,6.57,8.58,3.77,Placed
13498,21,56.5,4.55,60.08,65.73,90.03,8.12,8.96,4.54,Not Placed
13499,18,72.36,1.99,69.21,62.41,77.46,7.42,8.06,3.34,Placed
13500,21,78.33,1.04,64.55,56.36,88.74,8.59,6.89,5.26,Placed
13501,18,100.0,1.78,64.69,66.63,72.91,6.46,7.76,7.16,Placed
13502,23,54.48,3.38,79.4,47.25,93.56,8.52,4.37,4.92,Placed
13503,20,76.85,2.02,79.76,75.58,91.29,8.88,7.53,1.23,Not Placed
13504,19,95.48,3.39,88.12,90.47,99.55,8.93,7.27,4.51,Placed
13505,18,68.58,4.88,87.81,68.81,100.0,8.91,4.95,4.92,Placed
13506,25,75.45,4.83,69.42,83.14,100.0,7.43,6.1,4.39,Placed
13507,24,81.98,2.61,100.0,70.49,100.0,7.9,7.13,2.97,Placed
13508,24,80.21,1.45,95.25,51.65,90.47,6.7,7.26,4.41,Placed
13509,18,96.79,2.76,62.13,100.0,92.27,4.53,7.95,6.18,Not Placed
13510,20,83.38,4.98,73.9,29.24,96.08,7.51,8.8,3.91,Placed
13511,25,93.93,5.4,42.21,68.16,100.0,7.01,6.62,7.26,Placed
13512,22,73.68,4.44,72.41,55.7,89.81,8.36,5.43,3.2,Placed
13513,19,69.11,5.96,97.11,93.31,100.0,8.23,7.79,2.44,Placed
13514,19,75.29,6.91,100.0,71.46,91.87,5.93,8.35,4.04,Placed
13515,20,64.09,2.93,70.18,100.0,100.0,10.0,8.32,0.5,Placed
13516,25,83.8,6.48,77.02,68.58,100.0,7.67,7.36,4.48,Placed
13517,19,73.37,3.33,81.08,55.83,86.76,5.66,9.2,3.84,Placed
13518,25,69.94,5.64,100.0,40.64,85.63,5.83,6.47,5.87,Placed
13519,23,83.98,5.08,57.26,85.71,89.91,4.59,8.72,1.08,Placed
13520,25,64.28,0.24,100.0,54.64,87.54,8.12,5.41,6.03,Placed
13521,24,87.25,2.06,67.24,61.28,84.78,6.57,4.08,4.81,Not Placed
13522,20,72.26,1.6,54.45,87.65,75.16,6.19,5.39,7.67,Placed
13523,24,91.91,0.59,67.27,84.85,98.47,6.43,6.11,4.16,Placed
13524,19,73.29,5.38,59.86,58.25,95.69,6.84,6.8,5.18,Placed
13525,20,85.58,7.52,78.29,60.74,100.0,7.89,5.68,5.77,Placed
13526,19,80.15,3.34,47.21,39.9,61.69,5.23,6.95,0.5,Not Placed
13527,19,86.93,5.34,74.12,35.11,80.29,5.92,7.58,6.72,Placed
13528,18,79.32,6.47,81.96,80.22,100.0,7.76,7.22,4.24,Placed
13529,19,58.04,4.17,94.24,81.98,88.98,6.49,6.63,1.96,Placed
13530,18,90.11,3.75,82.21,73.72,100.0,7.9,8.24,4.35,Placed
13531,21,76.95,3.36,93.32,71.0,84.03,6.6,5.84,6.84,Placed
13532,18,87.47,4.77,62.91,56.7,100.0,9.09,6.51,3.82,Placed
13533,18,86.28,5.37,77.91,91.49,100.0,7.45,6.14,4.71,Not Placed
13534,25,68.72,4.63,38.56,39.46,82.01,8.67,7.58,0.5,Placed
13535,18,,4.57,70.29,60.5,100.0,7.82,6.29,2.79,Placed
13536,18,85.86,3.71,77.8,70.57,100.0,7.89,7.28,5.92,Not Placed
13537,18,74.36,0.93,79.16,67.99,85.51,6.3,7.78,6.62,Not Placed
13538,19,89.24,5.42,48.39,67.97,100.0,8.6,6.19,4.92,Placed
13539,22,75.86,1.49,66.15,59.69,86.07,7.46,4.88,5.67,Placed
13540,24,90.28,4.91,68.24,76.65,100.0,6.06,6.53,3.7,Placed
13541,23,83.08,5.16,65.56,48.55,67.49,4.67,5.85,4.54,Not Placed
13542,22,81.46,1.75,82.88,65.7,100.0,7.37,6.03,2.38,Placed
13543,18,73.51,2.71,68.75,74.91,100.0,9.01,3.83,3.52,Placed
13544,24,80.79,7.62,73.49,62.68,94.44,6.11,4.86,4.44,Placed
13545,18,92.31,3.66,64.66,68.08,81.94,6.07,7.76,1.37,Placed
13546,23,77.35,1.6,87.97,71.45,76.6,6.82,5.68,9.29,Placed
13547,21,84.37,5.24,89.09,39.83,95.3,8.52,8.19,3.09,Placed
13548,25,78.56,2.41,67.37,41.32,72.95,5.0,5.94,4.92,Not Placed
13549,20,79.5,0.34,100.0,70.14,86.35,6.42,7.38,2.0,Placed
13550,23,98.68,4.74,60.5,58.27,89.18,5.99,6.5,0.5,Placed
13551,21,92.42,2.15,87.11,59.23,97.31,7.87,7.58,7.92,Placed
13552,22,78.95,4.38,57.73,77.1,93.25,7.03,6.5,4.61,Placed
13553,25,80.57,2.34,83.6,52.18,96.12,6.78,7.06,0.5,Not Placed
13554,23,69.58,5.07,82.43,29.39,89.17,6.98,8.28,2.45,Not Placed
13555,21,75.92,4.13,56.82,94.51,100.0,8.14,7.37,8.64,Not Placed
13556,21,81.71,0.2,70.04,87.36,100.0,8.55,5.97,5.46,Placed
13557,23,88.21,4.49,100.0,87.15,100.0,8.43,4.55,0.5,Placed
13558,20,86.99,3.28,59.79,50.07,87.62,7.89,6.67,3.48,Placed
13559,19,64.69,6.35,78.03,66.76,100.0,8.86,7.32,4.13,Not Placed
13560,21,89.72,4.51,77.03,47.71,95.78,6.08,6.98,5.55,Not Placed
13561,18,76.93,5.16,71.37,67.04,100.0,7.67,5.75,4.48,Placed
13562,19,66.16,2.52,46.03,62.43,81.55,10.0,6.98,1.03,Placed
13563,21,94.04,2.38,84.43,50.75,87.29,5.0,7.59,3.23,Placed
13564,24,95.56,3.75,72.17,76.05,97.49,6.56,8.47,2.69,Placed
13565,24,81.16,3.15,88.56,63.86,89.93,5.96,6.53,6.0,Placed
13566,20,86.51,6.21,75.48,95.56,100.0,7.55,9.75,3.41,Placed
13567,21,87.21,3.52,72.97,69.37,100.0,8.93,8.54,3.39,Placed
13568,19,94.75,1.6,77.59,27.23,71.66,7.85,7.0,3.98,Placed
13569,24,86.74,2.31,57.19,39.01,69.45,6.94,7.11,2.78,Placed
13570,19,62.07,5.54,95.37,100.0,100.0,7.85,8.47,7.52,Placed
13571,24,100.0,3.5,66.37,62.26,88.88,6.85,5.64,6.75,Placed
13572,24,90.79,3.4,66.56,71.84,92.46,7.43,5.84,6.84,Placed
13573,23,71.89,5.71,91.38,68.16,100.0,7.94,5.25,2.03,Placed
13574,20,65.64,2.15,75.71,90.66,95.06,9.3,6.49,5.2,Placed
13575,25,84.06,0.2,68.45,37.49,64.68,7.74,5.77,6.08,Not Placed
13576,23,74.66,2.26,78.21,89.27,100.0,7.46,6.37,2.45,Placed
13577,23,81.96,4.24,81.39,88.17,100.0,9.64,6.76,2.15,Not Placed
13578,24,86.92,3.35,70.22,68.1,79.07,4.85,5.15,2.52,Placed
13579,25,71.2,0.99,85.83,74.61,98.46,7.09,8.44,1.58,Placed
13580,18,64.61,5.63,52.94,62.07,80.44,6.31,8.23,6.59,Placed
13581,25,82.63,4.09,75.93,41.04,86.96,6.91,6.25,6.41,Placed
13582,24,71.6,4.5,84.0,77.28,100.0,7.92,8.58,3.85,Placed
13583,19,79.75,4.56,81.33,71.95,100.0,8.38,7.27,4.37,Placed
13584,20,61.88,1.46,38.38,72.28,81.56,6.58,8.12,3.14,Not Placed
13585,24,74.97,4.35,70.1,75.72,84.96,8.0,5.17,9.13,Placed
13586,19,86.58,5.43,53.79,58.33,89.67,6.12,6.4,3.63,Not Placed
13587,21,85.27,5.85,91.29,91.89,100.0,5.66,7.55,3.44,Placed
13588,23,68.54,5.1,66.14,68.13,87.14,7.29,6.6,4.24,Placed
13589,23,63.98,4.72,89.62,76.67,,6.94,6.59,1.87,Placed
13590,25,78.19,0.67,53.74,63.65,93.93,8.99,6.67,5.04,Placed
13591,18,84.73,3.77,77.86,84.8,100.0,9.75,7.25,7.35,Not Placed
13592,20,82.86,2.08,72.12,69.66,88.1,6.47,6.93,4.15,Placed
13593,25,71.85,6.11,100.0,66.64,94.93,5.03,8.67,6.1,Placed
13594,22,81.57,5.83,89.67,87.32,100.0,5.56,5.61,0.58,Placed
13595,19,96.03,2.09,88.71,40.43,81.87,6.2,6.91,2.59,Not Placed
13596,20,80.46,3.72,100.0,63.52,100.0,7.45,7.64,4.69,Placed
13597,20,58.4,4.25,76.26,58.2,87.32,6.89,5.31,0.8,Not Placed
13598,22,80.44,5.42,70.51,73.98,100.0,5.69,6.39,5.16,Not Placed
13599,20,100.0,0.78,68.8,73.05,97.52,9.34,7.01,3.88,Placed
13600,22,62.55,0.2,76.92,67.81,78.87,8.0,8.6,5.09,Placed
13601,21,78.36,3.87,30.45,56.58,79.28,9.31,6.96,4.03,Placed
13602,22,75.28,0.2,72.03,67.62,81.91,5.04,7.71,4.17,Placed
13603,19,79.15,4.09,75.4,73.17,100.0,8.73,7.79,0.5,Not Placed
13604,22,80.33,4.87,69.66,65.15,84.84,7.02,3.49,2.32,Placed
13605,25,91.68,6.02,49.04,85.72,100.0,6.73,6.9,5.52,Placed
13606,19,79.02,2.68,69.75,77.79,98.17,7.23,6.28,1.67,Placed
13607,20,93.33,4.09,48.99,68.3,93.47,6.36,8.6,2.54,Placed
13608,23,76.59,4.97,98.61,30.46,84.82,7.03,7.64,3.63,Placed
13609,22,73.8,1.68,68.14,64.51,94.53,8.34,7.85,3.81,Not Placed
13610,23,69.97,5.45,41.06,78.08,92.95,4.84,7.42,5.93,Not Placed
13611,22,56.19,4.29,68.9,63.53,100.0,9.0,6.93,4.96,Placed
13612,23,81.31,2.71,85.43,72.85,100.0,7.67,7.8,3.18,Placed
13613,22,100.0,4.05,74.64,64.41,100.0,7.07,6.77,1.07,Placed
13614,18,83.5,3.55,58.29,71.72,80.98,8.32,8.34,10.61,Placed
13615,24,86.24,5.2,61.83,90.42,100.0,7.64,5.52,4.58,Placed
13616,21,73.04,3.15,67.7,80.59,95.4,6.62,8.05,6.33,Placed
13617,18,75.07,4.21,65.41,47.27,83.82,6.27,6.36,0.5,Not Placed
13618,21,89.82,2.68,53.11,41.47,90.83,9.0,7.62,3.76,Placed
13619,21,100.0,2.11,70.99,75.08,82.35,5.43,4.91,3.68,Placed
13620,18,95.86,4.11,51.99,86.69,88.69,6.96,7.12,3.57,Placed
13621,25,87.66,2.19,86.24,41.43,82.21,5.51,6.62,6.06,Placed
13622,19,78.42,5.24,88.07,64.64,100.0,7.79,6.75,3.97,Not Placed
13623,20,80.52,4.87,56.95,100.0,94.88,7.08,4.68,3.64,Placed
13624,21,68.96,2.42,61.25,63.7,78.97,5.7,6.84,4.47,Placed
13625,24,60.62,4.18,65.65,100.0,85.72,6.16,6.96,4.55,Placed
13626,23,64.48,2.41,71.53,54.82,84.21,7.25,4.66,2.08,Not Placed
13627,24,78.6,0.91,75.85,57.65,76.68,7.54,5.42,6.48,Placed
13628,19,74.5,2.72,78.95,56.75,78.87,4.88,6.99,3.34,Placed
13629,24,60.37,3.71,78.6,47.53,89.79,6.35,7.29,4.29,Placed
13630,24,77.55,4.74,95.31,40.94,93.87,7.39,6.74,7.49,Placed
13631,21,74.18,4.07,72.91,64.46,93.33,8.65,6.85,10.31,Placed
13632,22,63.93,5.43,52.46,70.32,89.35,8.21,6.83,5.44,Placed
13633,18,73.56,2.03,47.86,56.53,84.18,6.65,6.15,1.02,Placed
13634,24,74.15,3.12,96.54,60.38,90.9,8.4,6.59,3.93,Placed
13635,25,70.6,6.76,79.64,91.14,100.0,6.82,5.12,7.93,Not Placed
13636,21,89.12,0.32,75.1,83.55,78.03,4.0,6.1,4.04,Placed
13637,22,55.17,2.99,78.74,63.86,85.25,8.93,6.75,6.17,Not Placed
13638,21,54.17,1.87,74.4,74.88,77.7,7.75,8.28,6.14,Placed
13639,18,78.04,3.45,78.5,41.82,86.25,7.43,6.65,3.09,Placed
13640,22,79.15,3.02,66.41,72.31,89.23,7.21,9.27,8.29,Placed
13641,23,82.85,4.88,87.83,67.0,100.0,7.56,9.12,5.36,Placed
13642,25,71.53,4.26,64.13,62.01,83.62,7.21,6.88,4.45,Not Placed
13643,25,66.98,1.45,58.45,68.52,85.77,6.85,6.3,4.17,Placed
13644,21,77.91,2.74,46.64,65.94,69.23,6.42,9.52,2.16,Not Placed
13645,25,72.7,3.8,68.43,46.98,89.42,7.29,7.7,2.92,Placed
13646,22,96.61,5.13,91.01,94.88,100.0,6.14,7.33,2.45,Not Placed
13647,23,74.11,8.18,65.14,83.21,99.53,5.83,5.93,9.05,Placed
13648,22,77.36,5.07,51.32,61.8,99.05,7.52,6.29,6.57,Placed
13649,25,100.0,1.98,76.27,39.83,96.91,8.38,5.6,2.48,Placed
13650,23,75.66,3.63,62.23,28.7,77.58,6.24,8.59,8.19,Placed
13651,18,84.67,4.13,95.22,100.0,100.0,6.45,7.4,7.23,Placed
13652,18,85.76,2.87,88.12,65.22,97.02,5.16,6.43,3.21,Placed
13653,21,86.78,4.65,52.94,80.21,100.0,5.62,6.23,5.56,Placed
13654,22,81.47,0.2,69.39,52.82,68.19,5.67,5.61,3.14,Placed
13655,23,80.33,4.8,60.67,63.08,100.0,8.37,6.72,6.55,Placed
13656,21,79.2,2.94,54.59,63.9,83.33,5.12,7.0,5.48,Not Placed
13657,22,71.09,3.6,71.16,71.86,92.4,7.75,4.07,3.65,Placed
13658,25,81.91,6.44,84.27,69.44,100.0,6.88,5.64,2.02,Placed
13659,20,100.0,1.53,70.77,53.24,89.3,7.93,5.99,4.37,Placed
13660,21,92.53,4.29,64.26,53.08,88.4,8.6,8.1,5.48,Not Placed
13661,22,81.65,5.23,38.91,66.7,97.7,7.16,6.14,7.1,Not Placed
13662,21,88.27,4.11,62.01,39.93,84.48,8.56,4.65,5.76,Not Placed
13663,25,67.57,0.89,80.28,54.83,73.05,9.06,5.48,6.35,Not Placed
13664,25,74.87,6.23,51.87,65.53,100.0,8.82,8.87,3.0,Placed
13665,22,89.37,3.42,91.24,74.36,92.39,6.39,6.35,0.54,Placed
13666,21,95.85,2.85,63.25,92.05,95.74,4.84,5.55,1.12,Not Placed
13667,22,68.75,3.24,74.91,60.38,78.76,7.05,4.79,3.92,Placed
13668,19,72.2,3.11,66.01,68.58,88.7,7.41,6.83,2.95,Placed
13669,21,100.0,1.66,54.36,38.12,65.99,4.86,6.96,4.25,Placed
13670,19,79.16,4.1,78.6,73.36,90.52,7.27,7.33,5.97,Not Placed
13671,19,99.88,2.72,63.03,53.45,85.64,4.11,10.0,5.76,Placed
13672,18,80.48,5.01,59.5,63.07,100.0,9.05,5.32,0.5,Not Placed
13673,22,80.95,4.73,36.36,75.61,89.86,7.77,6.36,9.66,Placed
13674,18,74.33,6.73,91.54,76.28,91.51,6.22,7.15,5.28,Not Placed
13675,23,89.31,3.42,72.09,44.74,80.62,7.35,6.27,5.08,Placed
13676,21,94.29,2.35,88.6,80.83,92.25,7.5,4.32,4.2,Not Placed
13677,20,65.58,1.15,81.3,67.38,89.28,7.78,7.41,3.94,Not Placed
13678,24,73.77,7.75,88.6,88.27,100.0,7.28,6.04,6.7,Placed
13679,22,88.98,4.99,63.54,91.39,100.0,8.33,5.52,2.55,Not Placed
13680,23,76.45,2.55,51.41,93.7,84.29,5.68,5.73,5.11,Not Placed
13681,23,72.08,6.85,83.44,45.21,100.0,7.04,8.66,7.53,Placed
13682,18,90.11,6.24,73.95,74.44,100.0,9.34,8.36,4.88,Placed
13683,19,91.24,1.37,65.0,42.76,76.32,6.78,5.49,5.53,Placed
13684,22,72.6,2.44,83.14,88.82,95.11,7.49,4.72,1.69,Placed
13685,25,80.55,3.56,76.62,91.1,96.14,6.01,7.88,6.15,Placed
13686,19,63.5,1.87,81.58,83.65,100.0,9.79,9.27,5.24,Placed
13687,18,67.25,3.63,56.66,61.21,91.31,7.54,9.6,4.3,Placed
13688,25,79.49,5.08,86.66,76.71,90.19,5.69,5.1,5.94,Placed
13689,25,78.38,1.33,71.93,59.16,100.0,8.51,8.43,2.21,Placed
13690,19,66.4,4.33,88.27,68.22,91.09,5.91,6.79,8.1,Not Placed
13691,21,69.41,5.9,86.52,66.52,100.0,8.02,4.48,10.28,Placed
13692,23,65.22,4.52,82.29,36.03,89.99,8.44,5.77,3.3,Placed
13693,19,83.46,3.66,70.33,55.05,86.91,9.63,5.86,6.85,Not Placed
13694,20,54.39,2.6,82.64,100.0,89.1,7.47,7.37,4.21,Not Placed
13695,21,65.86,5.3,88.66,66.61,97.82,7.26,5.16,2.04,Placed
13696,23,55.64,1.68,81.1,70.56,73.62,4.77,7.93,7.09,Not Placed
13697,20,83.03,4.24,75.04,67.86,98.37,6.65,7.37,3.93,Not Placed
13698,21,56.37,3.85,82.68,61.43,88.27,6.34,8.02,5.72,Placed
13699,20,78.38,5.83,64.11,68.58,90.37,6.98,6.01,8.32,Not Placed
13700,24,97.67,2.75,94.71,61.49,100.0,6.58,7.28,5.56,Placed
13701,19,98.08,2.9,46.77,31.47,84.24,8.14,5.56,4.92,Placed
13702,19,56.33,1.56,72.52,80.58,83.12,6.53,7.61,2.58,Placed
13703,19,81.58,4.59,65.91,93.81,100.0,7.77,6.52,2.59,Placed
13704,25,66.13,3.04,62.39,49.37,86.51,7.06,6.63,4.23,Placed
13705,25,63.68,2.25,76.58,61.39,81.35,6.45,6.76,3.74,Not Placed
13706,22,76.64,2.42,55.12,92.0,92.38,6.34,4.71,5.86,Placed
13707,19,92.74,4.77,100.0,55.66,100.0,7.48,8.23,2.32,Placed
13708,24,85.2,1.81,51.72,74.2,92.2,8.84,6.9,2.95,Placed
13709,21,69.42,1.97,57.73,100.0,81.1,6.32,8.23,4.2,Placed
13710,24,86.46,5.41,56.31,78.12,100.0,7.26,8.14,4.69,Placed
13711,20,51.08,3.5,74.98,69.1,81.87,7.78,5.82,4.62,Not Placed
13712,25,68.96,5.52,87.22,82.11,100.0,7.18,6.48,4.11,Placed
13713,24,68.11,3.15,79.89,80.43,81.33,5.09,4.94,2.93,Not Placed
13714,19,78.94,3.8,94.09,57.4,100.0,7.77,8.27,5.66,Placed
13715,23,75.57,4.08,59.59,40.22,84.22,5.39,7.19,6.87,Not Placed
13716,20,76.3,6.3,81.88,77.5,92.94,5.41,7.04,5.12,Not Placed
13717,20,75.9,6.15,67.45,79.9,91.24,5.63,6.47,3.34,Not Placed
13718,20,78.27,5.88,75.42,63.24,100.0,7.01,5.64,0.67,Placed
13719,23,84.48,2.67,88.63,94.32,100.0,6.04,8.34,7.82,Placed
13720,20,79.79,2.02,46.62,91.12,91.56,5.48,9.21,4.15,Not Placed
13721,23,74.59,5.17,100.0,80.39,,7.66,8.39,7.14,Placed
13722,22,82.82,6.28,69.82,63.54,90.39,7.17,6.6,7.78,Placed
13723,24,87.91,5.89,47.9,34.55,92.27,8.11,7.27,6.11,Not Placed
13724,25,71.33,3.82,61.61,65.21,83.53,6.32,8.08,6.41,Not Placed
13725,18,77.29,5.11,73.53,38.62,81.07,7.12,6.91,6.25,Placed
13726,25,91.94,5.14,61.6,30.29,96.92,8.16,9.13,4.06,Placed
13727,18,64.77,4.07,41.28,78.35,74.09,5.62,8.3,2.2,Placed
13728,22,99.66,4.15,73.45,86.76,100.0,6.41,10.0,6.1,Placed
13729,20,61.93,3.98,61.17,36.79,81.4,8.39,7.03,1.44,Not Placed
13730,23,73.86,2.38,81.77,63.9,91.72,7.22,3.9,3.71,Placed
13731,23,66.6,2.57,55.97,67.72,85.64,7.02,6.89,3.22,Placed
13732,24,100.0,2.54,100.0,63.32,100.0,7.15,6.34,5.65,Not Placed
13733,21,71.96,0.92,79.7,45.94,94.45,8.67,7.01,4.97,Not Placed
13734,25,71.99,4.06,74.95,89.3,98.73,7.17,8.94,3.22,Not Placed
13735,20,73.55,3.73,81.35,46.39,81.77,7.25,6.15,3.66,Not Placed
13736,19,79.15,5.17,44.68,36.81,87.95,7.18,5.8,8.42,Placed
13737,21,74.06,6.07,64.55,46.01,96.59,5.26,6.02,2.93,Placed
13738,22,76.41,6.18,98.75,75.7,100.0,7.8,9.38,4.13,Placed
13739,23,35.65,6.35,67.2,63.72,68.98,6.21,6.25,5.66,Placed
13740,24,78.69,2.44,71.06,55.68,84.63,5.69,7.11,4.64,Placed
13741,19,78.21,1.22,65.0,76.44,73.84,5.1,9.02,5.72,Placed
13742,20,90.46,5.48,93.97,73.32,100.0,5.35,7.6,6.7,Placed
13743,25,93.71,6.29,68.33,31.08,75.12,4.48,4.09,7.38,Not Placed
13744,21,75.75,6.6,53.22,76.28,92.27,5.97,6.22,4.59,Placed
13745,19,87.79,4.67,100.0,86.9,100.0,6.68,6.02,5.31,Placed
13746,25,64.78,0.21,51.37,66.03,73.75,8.47,4.71,4.92,Not Placed
13747,21,87.21,4.46,70.54,64.24,88.36,7.27,6.23,2.71,Placed
13748,25,71.13,4.8,59.37,98.3,95.69,7.5,3.53,4.89,Placed
13749,25,63.78,-3.0,61.48,56.64,100.0,8.74,7.19,1.21,Placed
13750,25,75.77,6.37,56.1,65.35,94.23,4.0,6.81,5.25,Placed
13751,22,94.81,5.44,63.9,73.3,100.0,7.67,5.95,0.5,Not Placed
13752,24,80.17,2.74,86.76,68.78,92.69,7.58,4.63,2.52,Placed
13753,25,95.96,1.95,43.47,63.64,86.96,,8.47,6.21,Placed
13754,20,69.02,4.76,90.91,69.43,67.98,5.04,6.12,5.43,Placed
13755,18,90.57,2.37,88.33,93.1,98.44,6.51,8.12,4.47,Not Placed
13756,20,70.17,6.46,79.64,80.92,100.0,6.08,6.65,3.6,Not Placed
13757,23,80.7,0.73,73.89,66.8,78.2,5.65,8.55,2.77,Not Placed
13758,22,80.6,4.82,76.15,54.18,100.0,9.98,7.5,3.36,Placed
13759,18,85.94,4.38,93.35,56.3,77.08,6.52,6.93,5.87,Placed
13760,22,81.01,3.43,45.81,83.2,86.22,8.31,5.79,3.99,Placed
13761,19,69.13,2.13,82.91,42.51,82.83,8.05,8.36,0.5,Not Placed
13762,22,88.56,0.2,60.81,100.0,81.53,5.47,6.55,2.04,Not Placed
13763,22,98.78,2.84,84.39,67.49,73.74,6.57,5.82,2.88,Placed
13764,23,70.99,2.88,62.8,45.94,80.76,7.27,6.61,3.97,Placed
13765,21,55.98,5.8,82.6,70.91,100.0,7.67,6.74,3.91,Placed
13766,21,83.99,2.39,48.77,55.19,89.95,7.6,7.85,2.39,Not Placed
13767,23,74.03,4.61,46.61,61.3,90.21,9.3,4.54,5.73,Not Placed
13768,23,76.43,1.47,70.3,43.83,96.14,8.29,9.66,0.54,Placed
13769,24,84.67,4.66,93.53,64.18,100.0,7.99,7.36,3.01,Placed
13770,20,72.52,0.2,80.04,34.04,67.52,8.36,6.78,6.07,Not Placed
13771,21,74.77,7.57,79.94,58.4,100.0,8.82,7.33,5.58,Placed
13772,20,76.8,3.55,84.9,54.76,89.25,6.45,4.96,3.96,Not Placed
13773,22,95.64,0.2,66.05,59.96,78.28,5.3,6.95,6.38,Not Placed
13774,19,78.36,2.51,81.16,55.77,77.48,6.47,7.58,5.02,Placed
13775,21,63.17,2.22,63.3,68.54,89.2,5.55,6.45,4.64,Not Placed
13776,19,63.65,2.62,67.29,82.21,78.9,6.02,7.43,5.7,Not Placed
13777,22,79.67,3.14,69.15,73.77,92.47,7.32,7.75,5.31,Placed
13778,24,64.45,2.61,63.82,88.79,90.53,6.54,5.93,7.16,Placed
13779,25,59.25,2.33,71.01,60.02,98.61,7.98,8.3,3.95,Placed
13780,21,85.63,1.71,68.18,73.2,84.55,7.56,6.73,4.01,Not Placed
13781,18,86.21,5.28,61.39,73.83,100.0,7.64,9.09,4.89,Placed
13782,19,73.58,5.96,69.89,86.43,99.15,5.68,8.37,4.54,Not Placed
13783,18,81.52,3.34,74.33,56.31,73.45,6.15,7.29,8.21,Placed
13784,24,80.26,3.77,55.5,80.62,78.93,4.91,5.83,5.55,Not Placed
13785,25,85.23,1.77,78.26,54.28,81.87,7.88,6.67,3.05,Placed
13786,22,85.26,3.93,64.59,58.88,100.0,9.51,8.01,1.52,Placed
13787,19,46.73,4.21,74.97,62.26,75.35,7.41,6.13,7.64,Placed
13788,18,75.11,3.41,62.02,75.25,97.63,7.52,7.32,3.75,Placed
13789,25,84.21,4.51,87.76,50.61,93.06,6.56,7.46,5.16,Placed
13790,20,73.07,4.36,86.34,52.84,94.25,6.94,6.67,4.46,Not Placed
13791,18,78.43,1.9,56.26,57.68,85.76,8.73,5.81,6.11,Not Placed
13792,19,87.01,5.95,79.87,68.78,100.0,7.31,8.72,3.39,Placed
13793,20,78.97,3.43,93.69,53.02,99.21,7.97,7.37,4.74,Not Placed
13794,23,96.1,6.82,57.78,72.22,100.0,8.76,6.44,3.41,Not Placed
13795,25,91.52,4.56,58.97,62.27,90.61,8.52,5.85,10.06,Placed
13796,20,76.58,7.35,83.03,78.53,100.0,7.24,7.88,2.99,Placed
13797,23,75.62,5.92,52.39,69.01,87.22,7.33,6.72,5.62,Not Placed
13798,18,43.8,4.21,60.34,96.03,92.21,6.74,7.97,10.19,Placed
13799,18,74.08,2.5,56.78,69.94,90.03,7.8,5.69,6.7,Not Placed
13800,18,61.76,2.54,83.21,48.51,79.98,6.7,7.16,4.46,Not Placed
13801,25,80.65,4.76,61.61,64.6,96.6,7.62,6.22,4.83,Placed
13802,22,79.83,4.06,67.73,68.34,100.0,8.45,8.89,2.87,Placed
13803,24,86.35,2.74,60.78,53.46,75.17,5.18,7.24,7.86,Placed
13804,18,94.76,5.3,89.23,92.27,97.96,4.97,5.61,4.05,Placed
13805,18,77.68,3.87,59.11,63.04,90.64,7.15,7.92,4.35,Placed
13806,24,100.0,5.31,50.89,57.69,97.74,8.0,8.28,2.74,Placed
13807,18,80.79,,50.3,70.9,96.53,7.54,6.4,3.88,Placed
13808,19,62.28,5.6,82.4,53.5,93.09,5.75,5.83,4.63,Placed
13809,22,71.26,4.7,83.49,83.46,100.0,8.28,4.16,6.68,Placed
13810,22,73.53,5.96,90.73,80.25,100.0,9.49,8.12,5.03,Placed
13811,19,85.11,5.56,53.09,70.09,86.61,6.16,4.7,6.69,Not Placed
13812,21,66.63,3.65,68.53,77.46,88.52,6.33,6.74,0.5,Not Placed
13813,23,74.42,3.5,100.0,60.01,90.23,7.23,4.73,7.3,Not Placed
13814,21,76.07,7.01,67.47,43.96,88.27,7.05,8.96,1.82,Placed
13815,21,72.62,3.28,63.55,62.79,90.54,8.64,8.4,6.04,Placed
13816,18,87.74,5.15,71.68,59.98,94.76,7.54,7.16,0.5,Placed
13817,21,85.7,3.11,79.95,35.42,80.8,6.85,8.06,4.63,Placed
13818,24,92.0,0.45,79.7,51.07,91.58,6.49,6.64,6.4,Placed
13819,23,74.03,1.59,62.78,48.31,69.55,5.37,5.81,2.82,Not Placed
13820,25,92.43,4.53,63.22,51.14,97.82,8.84,4.79,4.57,Not Placed
13821,19,61.63,5.06,67.55,89.33,100.0,7.95,7.75,6.35,Placed
13822,18,61.34,4.54,61.05,76.19,94.09,7.09,5.59,5.97,Not Placed
13823,22,63.43,5.86,53.48,83.44,100.0,7.33,9.83,1.38,Placed
13824,19,78.11,4.5,99.12,76.15,96.05,7.07,5.47,6.5,Placed
13825,22,92.43,2.4,65.9,85.33,81.55,5.08,8.01,7.92,Not Placed
13826,25,70.77,4.87,66.75,68.43,82.49,5.49,8.33,6.93,Placed
13827,20,72.28,4.11,67.21,92.25,100.0,6.95,5.19,2.04,Not Placed
13828,22,75.41,2.76,70.79,48.3,87.11,6.93,6.26,2.33,Not Placed
13829,23,84.87,4.65,78.52,66.92,93.89,7.19,6.52,4.65,Placed
13830,19,72.27,3.94,65.02,51.6,100.0,9.24,10.0,5.67,Not Placed
13831,25,71.6,2.71,89.09,87.87,100.0,6.86,6.51,6.24,Placed
13832,19,61.86,3.48,80.97,74.72,84.25,6.28,5.43,2.92,Placed
13833,24,71.14,6.34,69.14,86.99,100.0,7.26,7.39,4.35,Placed
13834,23,92.13,6.29,62.01,45.54,88.95,5.52,5.54,2.86,Not Placed
13835,19,79.09,4.14,88.27,58.36,92.47,7.39,6.73,2.49,Placed
13836,23,69.12,3.9,69.57,39.46,75.6,6.33,6.25,5.31,Not Placed
13837,19,92.83,1.22,53.36,73.78,85.4,,7.42,4.35,Not Placed
13838,22,70.98,6.89,87.32,61.15,99.39,6.98,6.13,5.41,Placed
13839,25,95.04,5.67,61.11,80.09,100.0,7.03,5.96,3.36,Placed
13840,25,94.84,5.15,85.03,68.51,100.0,7.95,8.09,5.84,Placed
13841,24,78.67,0.2,34.29,33.92,61.49,8.08,7.15,2.24,Placed
13842,21,60.02,3.87,66.47,41.43,99.26,9.64,6.83,3.59,Placed
13843,22,100.0,3.57,89.4,69.32,100.0,8.03,4.49,2.29,Not Placed
13844,20,82.65,5.03,72.08,75.45,97.63,6.91,7.55,5.07,Placed
13845,25,74.11,2.99,80.97,32.54,81.9,6.44,6.24,8.12,Not Placed
13846,21,89.47,3.38,58.47,66.66,84.67,7.62,7.13,5.24,Not Placed
13847,24,86.43,4.91,77.22,51.72,100.0,8.95,4.59,4.3,Placed
13848,20,93.73,2.41,72.06,50.24,91.31,8.23,7.13,4.11,Placed
13849,23,70.05,2.77,75.65,57.52,84.93,6.35,7.03,3.34,Placed
13850,19,81.82,4.15,100.0,69.98,100.0,7.74,6.52,6.71,Placed
13851,23,63.77,6.21,91.57,56.7,100.0,7.47,5.74,5.32,Placed
13852,18,86.0,5.26,83.88,36.22,99.11,8.46,8.2,1.15,Placed
13853,18,77.72,5.74,84.07,69.85,95.21,7.56,5.9,6.68,Placed
13854,20,81.37,3.91,58.36,62.39,98.24,7.52,7.89,2.76,Placed
13855,21,76.24,6.49,64.93,52.99,99.94,5.78,8.06,3.19,Placed
13856,23,74.99,0.67,49.01,63.07,70.32,8.15,5.8,5.3,Not Placed
13857,20,67.58,7.44,52.96,62.43,95.36,5.53,7.7,3.3,Placed
13858,18,87.49,7.67,58.7,68.7,92.91,7.31,6.28,8.99,Placed
13859,20,95.88,4.62,71.56,64.03,87.82,6.54,7.57,4.02,Placed
13860,21,71.32,5.3,53.62,70.65,87.18,6.47,5.68,5.77,Placed
13861,22,84.64,3.73,71.41,67.22,95.05,7.9,6.66,1.41,Placed
13862,23,83.19,3.42,69.69,81.12,88.97,7.2,6.89,3.27,Not Placed
13863,19,78.1,2.7,54.99,93.36,76.94,4.33,6.76,4.24,Not Placed
13864,22,59.68,3.71,94.88,67.76,88.75,6.96,7.26,6.49,Placed
13865,23,62.38,4.8,52.13,58.05,89.96,6.73,5.83,2.35,Placed
13866,24,68.63,4.56,88.76,45.01,87.56,8.71,6.14,6.9,Placed
13867,22,52.33,7.38,38.19,78.34,90.89,5.71,7.66,4.75,Placed
13868,24,94.9,3.98,69.87,53.56,88.43,9.5,6.31,5.15,Not Placed
13869,19,82.41,1.12,54.04,100.0,95.06,8.23,6.2,3.01,Placed
13870,23,77.64,6.76,62.18,100.0,100.0,6.87,5.79,2.57,Placed
13871,18,51.72,1.6,99.15,64.59,83.61,6.7,6.25,0.5,Placed
13872,18,56.11,2.79,66.8,41.36,76.62,6.43,5.57,5.1,Placed
13873,24,77.97,4.29,55.43,78.46,83.03,7.58,7.68,5.75,Placed
13874,21,100.0,4.55,79.31,100.0,99.21,6.25,6.26,3.78,Placed
13875,22,69.62,1.2,66.66,47.0,81.71,7.06,5.5,1.33,Placed
13876,22,88.37,2.46,74.26,98.37,100.0,5.9,6.56,3.39,Placed
13877,23,72.24,1.13,58.28,38.42,87.52,8.06,5.12,5.25,Placed
13878,19,78.66,4.92,59.02,44.73,92.4,7.4,5.77,4.87,Placed
13879,19,92.58,5.93,60.18,72.94,100.0,6.64,8.43,5.84,Placed
13880,18,73.85,1.6,83.98,84.27,86.47,6.91,5.49,1.27,Not Placed
13881,24,69.72,5.59,68.6,66.94,93.62,6.37,6.63,3.69,Placed
13882,19,95.02,5.48,56.28,75.19,96.28,7.58,9.45,4.3,Placed
13883,22,78.55,2.61,74.43,85.67,96.71,5.69,7.1,5.77,Placed
13884,21,91.09,0.23,73.19,87.52,93.95,8.28,6.19,3.29,Placed
13885,19,69.78,1.87,80.6,58.04,85.81,7.41,4.41,5.57,Placed
13886,21,94.88,2.73,64.77,54.18,72.17,6.66,7.0,2.6,Placed
13887,18,81.28,6.58,70.84,84.86,91.01,7.91,5.88,4.93,Placed
13888,19,83.22,3.59,78.33,75.27,100.0,7.67,7.47,3.91,Placed
13889,19,79.58,1.99,56.86,77.42,100.0,5.95,5.99,3.8,Placed
13890,24,71.93,4.07,85.29,57.42,98.37,8.77,7.13,9.33,Placed
13891,22,77.98,1.47,72.25,78.21,91.18,4.2,8.54,3.83,Placed
13892,25,72.69,4.73,55.48,50.49,89.03,8.51,7.61,3.65,Placed
13893,21,89.51,2.04,55.37,71.96,77.18,7.0,5.22,1.65,Not Placed
13894,19,75.56,2.3,70.51,69.79,100.0,8.39,6.91,6.48,Placed
13895,22,60.04,4.48,63.75,69.9,99.35,8.93,7.96,3.41,Not Placed
13896,25,57.85,6.95,83.32,80.5,99.31,6.69,4.98,4.44,Placed
13897,22,57.28,7.76,67.7,51.68,100.0,6.74,8.82,2.81,Placed
13898,18,85.42,1.93,76.55,78.83,92.24,7.58,6.97,5.33,Not Placed
13899,20,64.18,2.73,59.27,68.33,71.01,5.84,7.49,6.36,Placed
13900,25,81.6,4.73,71.66,55.34,79.8,6.8,6.39,7.12,Placed
13901,22,79.64,5.9,91.73,46.85,96.69,6.7,6.86,4.27,Not Placed
13902,25,77.22,0.2,69.78,98.22,90.94,5.78,5.73,3.31,Placed
13903,22,83.26,3.96,63.71,66.89,92.37,6.64,8.66,3.18,Placed
13904,18,79.9,2.92,59.04,62.32,92.74,8.1,8.95,4.54,Placed
13905,24,45.48,0.34,71.72,49.7,72.23,8.02,9.38,5.01,Not Placed
13906,24,74.12,1.39,93.14,85.42,87.02,6.99,4.68,5.59,Not Placed
13907,23,83.1,2.78,51.55,84.18,100.0,7.27,7.2,2.81,Not Placed
13908,25,97.68,3.91,71.25,81.1,99.55,6.83,7.32,4.77,Placed
13909,19,98.24,5.61,46.29,67.02,84.61,5.09,5.95,2.46,Placed
13910,25,61.64,4.44,65.84,80.02,100.0,5.98,7.25,4.24,Placed
13911,19,73.8,5.51,75.94,54.82,93.5,8.35,5.08,7.29,Not Placed
13912,25,59.21,3.85,48.29,71.48,93.41,8.64,8.57,4.04,Not Placed
13913,19,96.24,2.53,65.33,67.13,85.33,6.17,4.96,2.73,Not Placed
13914,22,90.15,3.47,76.36,72.27,91.06,8.54,7.1,5.2,Placed
13915,24,82.21,5.05,73.97,38.99,81.62,5.76,7.75,6.29,Placed
13916,18,79.99,5.66,77.08,97.92,100.0,6.58,6.08,2.96,Placed
13917,18,94.57,3.53,57.38,93.9,100.0,7.06,8.45,1.79,Not Placed
13918,24,92.54,2.13,76.35,49.6,91.58,6.87,4.61,2.88,Placed
13919,18,91.9,4.4,63.0,77.24,89.43,6.37,6.76,3.62,Placed
13920,22,83.48,4.66,82.71,44.21,90.61,7.35,4.78,7.54,Placed
13921,25,73.81,6.02,37.34,69.34,94.2,8.13,5.87,1.69,Placed
13922,22,87.21,2.58,67.66,32.87,82.75,5.46,6.21,1.11,Placed
13923,21,87.79,2.6,73.48,63.33,100.0,7.35,6.13,5.04,Placed
13924,21,75.71,5.16,92.24,60.2,100.0,8.36,8.33,3.08,Placed
13925,23,73.79,3.07,73.3,86.51,94.53,6.7,5.39,2.52,Not Placed
13926,22,91.6,2.99,74.82,94.7,95.89,6.54,4.93,5.8,Not Placed
13927,22,97.97,6.06,77.63,95.06,100.0,6.18,6.28,4.68,Placed
13928,19,69.01,1.33,90.8,86.53,94.07,9.6,6.94,6.51,Placed
13929,23,74.84,7.5,66.27,69.32,100.0,8.99,7.4,5.97,Placed
13930,23,82.21,2.7,50.95,74.21,76.06,6.85,8.18,2.08,Placed
13931,23,83.84,5.36,48.08,74.13,98.95,8.62,4.22,1.14,Placed
13932,18,71.73,3.6,81.96,49.11,97.97,6.57,8.83,6.74,Not Placed
13933,23,100.0,4.29,75.35,86.33,92.2,7.01,5.82,4.25,Placed
13934,23,83.07,3.33,68.15,79.04,88.64,5.93,6.47,10.53,Not Placed
13935,19,84.38,5.34,63.21,79.78,96.08,4.99,6.83,6.43,Placed
13936,24,99.11,3.17,74.71,31.5,74.24,6.5,4.2,7.24,Placed
13937,22,72.61,2.77,75.15,75.24,83.69,6.69,6.28,2.61,Placed
13938,21,76.94,7.06,79.2,84.09,100.0,7.71,7.99,4.33,Placed
13939,23,62.96,3.85,55.37,67.76,86.88,7.99,7.56,6.12,Placed
13940,22,,2.58,45.54,59.99,75.38,7.05,6.2,4.33,Placed
13941,22,60.13,1.12,58.3,46.2,58.53,6.01,7.06,4.61,Placed
13942,20,86.97,7.16,51.73,45.05,99.1,6.41,7.35,4.99,Placed
13943,25,83.04,2.81,50.96,70.47,90.52,9.11,6.49,3.05,Placed
13944,25,74.68,7.51,95.55,64.24,100.0,7.95,7.39,2.73,Placed
13945,19,76.79,4.52,37.99,64.02,87.54,8.91,5.84,4.13,Placed
13946,23,87.14,4.06,79.05,92.46,100.0,9.33,5.67,3.67,Placed
13947,18,64.37,4.11,85.6,47.91,88.2,6.41,6.44,2.74,Placed
13948,20,80.45,7.79,86.81,62.47,100.0,8.18,3.9,4.25,Placed
13949,25,86.39,0.2,76.16,95.11,80.52,6.12,7.63,1.89,Not Placed
13950,19,56.61,4.19,91.8,63.01,91.59,8.44,6.9,6.02,Placed
13951,21,86.22,3.32,98.75,69.06,100.0,8.19,6.53,5.68,Not Placed
13952,19,57.91,3.42,67.47,65.2,72.15,4.66,7.76,5.87,Placed
13953,23,76.59,4.07,78.71,79.29,99.77,7.68,7.26,2.82,Placed
13954,21,64.04,3.32,91.14,35.12,86.83,6.17,8.08,2.57,Placed
13955,22,95.17,4.14,59.07,64.75,91.04,6.79,8.7,7.14,Placed
13956,25,64.11,3.76,68.33,68.87,88.65,6.41,7.2,4.11,Placed
13957,22,58.2,1.44,62.61,52.03,77.81,8.29,5.94,5.64,Placed
13958,23,79.6,4.49,78.91,73.5,96.19,6.38,7.67,2.2,Placed
13959,18,73.04,5.09,43.53,80.58,78.0,5.67,5.94,3.93,Placed
13960,19,59.94,2.82,93.55,75.23,83.29,6.23,5.89,6.88,Placed
13961,25,84.31,7.16,80.01,96.47,100.0,6.94,6.45,4.77,Placed
13962,24,54.1,6.2,80.85,61.07,97.71,7.69,8.19,4.0,Placed
13963,23,65.57,5.32,36.55,75.98,100.0,8.64,7.7,5.63,Not Placed
13964,21,71.1,5.3,56.4,75.62,96.72,7.82,7.86,5.13,Not Placed
13965,19,87.63,3.85,94.36,64.23,100.0,7.9,6.95,8.67,Placed
13966,24,93.55,5.85,69.34,86.13,100.0,8.09,7.48,4.58,Not Placed
13967,24,91.23,6.63,46.14,72.61,96.48,8.18,7.52,5.8,Placed
13968,19,76.16,5.25,75.32,48.78,100.0,8.44,5.97,4.23,Placed
13969,22,48.87,2.77,82.19,80.01,96.08,10.0,7.51,2.52,Placed
13970,22,82.69,3.73,79.97,60.01,92.04,8.16,6.8,5.34,Placed
13971,21,95.65,4.83,69.74,62.84,100.0,7.54,6.31,1.57,Placed
13972,25,92.81,5.31,89.03,64.02,86.48,6.64,6.37,6.47,Placed
13973,18,83.56,3.66,61.47,79.76,94.31,7.57,6.14,1.87,Not Placed
13974,20,63.73,2.78,80.1,85.26,96.13,8.58,6.46,2.73,Placed
13975,18,71.7,6.65,74.03,65.45,94.42,5.74,6.79,2.56,Placed
13976,23,100.0,1.87,70.0,64.53,95.21,8.71,7.6,5.74,Not Placed
13977,23,61.0,2.11,66.32,35.25,73.45,6.69,8.61,2.26,Placed
13978,25,64.23,1.41,66.85,56.64,77.18,6.92,7.48,5.52,Placed
13979,22,89.31,2.1,72.48,52.85,100.0,7.83,6.94,3.15,Placed
13980,19,72.83,6.05,67.61,72.98,100.0,6.57,4.4,4.27,Placed
13981,21,63.82,6.11,83.0,66.29,100.0,7.75,9.7,3.43,Placed
13982,18,96.34,3.67,63.96,53.46,78.68,5.82,5.95,9.15,Placed
13983,23,83.53,4.69,95.52,70.44,100.0,8.25,5.99,1.17,Placed
13984,23,73.42,3.78,63.29,66.92,87.43,7.44,8.32,5.48,Not Placed
13985,24,64.25,1.65,85.8,27.35,72.58,7.2,5.48,4.48,Not Placed
13986,20,100.0,7.79,86.45,85.73,100.0,7.53,7.25,2.94,Placed
13987,20,77.71,6.27,74.49,84.17,97.43,7.18,6.24,5.29,Placed
13988,18,94.77,4.44,73.15,64.19,100.0,7.73,6.5,2.58,Placed
13989,21,88.72,2.26,61.07,73.64,87.67,6.95,6.86,2.35,Placed
13990,21,71.75,3.4,64.24,62.8,93.59,6.85,5.37,2.21,Not Placed
13991,24,71.84,2.55,75.3,42.33,70.69,5.08,6.65,4.66,Placed
13992,24,95.36,3.98,71.32,100.0,100.0,8.84,8.03,3.3,Placed
13993,19,95.55,4.36,89.75,80.0,96.55,5.8,6.71,2.77,Placed
13994,20,55.48,3.19,65.18,83.05,100.0,9.14,10.0,5.19,Not Placed
13995,22,84.6,1.18,66.09,63.45,81.51,6.91,6.91,6.66,Not Placed
13996,20,76.55,7.64,47.03,86.02,100.0,8.66,5.36,1.66,Not Placed
13997,18,65.6,4.23,81.65,46.08,94.34,8.45,6.17,5.16,Placed
13998,24,81.14,4.62,80.3,64.07,100.0,8.35,4.48,5.55,Placed
13999,23,61.8,3.04,86.66,79.84,91.41,7.26,8.09,7.05,Placed
14000,22,72.4,0.99,87.5,57.97,80.56,5.77,8.73,3.92,Placed
14001,20,68.42,3.65,83.83,82.57,88.1,6.98,7.81,7.59,Not Placed
14002,24,72.0,3.22,84.47,72.86,83.78,6.82,5.79,5.67,Not Placed
14003,18,77.14,5.08,81.15,71.35,99.59,7.08,5.75,0.74,Placed
14004,21,65.81,5.43,83.46,56.48,87.39,5.73,7.68,5.1,Not Placed
14005,24,96.88,5.18,44.37,74.47,94.63,6.86,6.17,4.47,Placed
14006,25,83.92,5.58,55.5,98.92,95.21,4.0,5.77,6.47,Placed
14007,20,99.53,7.05,53.05,70.8,100.0,6.84,5.63,6.86,Placed
14008,23,76.08,4.5,91.05,76.9,99.48,7.35,9.04,2.56,Not Placed
14009,19,71.41,5.78,60.26,79.26,95.74,6.26,6.24,6.31,Placed
14010,18,99.1,4.69,62.66,49.69,89.41,6.88,7.8,4.24,Placed
14011,20,71.06,0.38,72.1,65.88,72.42,7.4,7.46,3.08,Placed
14012,25,75.86,3.52,53.34,65.39,100.0,8.42,5.78,7.4,Not Placed
14013,23,86.64,2.24,77.71,34.0,87.57,8.47,6.85,3.55,Placed
14014,21,63.15,4.22,40.04,80.62,86.26,7.57,5.6,4.56,Placed
14015,20,86.54,2.38,54.34,53.09,91.55,7.16,8.54,4.35,Placed
14016,19,85.0,4.89,74.98,78.87,100.0,7.63,5.71,5.53,Placed
14017,20,93.23,5.57,53.38,55.87,100.0,9.36,7.24,7.14,Placed
14018,19,88.68,5.97,91.49,100.0,100.0,7.8,6.21,7.72,Placed
14019,19,93.6,6.71,72.69,63.54,100.0,7.51,5.69,6.31,Placed
14020,23,76.67,0.78,88.98,98.74,100.0,8.49,8.09,1.12,Not Placed
14021,19,67.65,1.64,77.37,65.24,76.8,7.26,6.17,7.41,Placed
14022,18,100.0,9.07,71.82,67.14,100.0,6.18,4.6,5.7,Placed
14023,22,59.68,5.62,57.05,93.07,100.0,7.75,7.31,6.69,Placed
14024,20,60.88,4.2,85.94,53.32,99.61,7.4,5.95,3.9,Placed
14025,21,84.78,3.86,78.62,68.8,92.39,6.94,6.99,4.48,Placed
14026,19,97.5,3.7,100.0,76.63,100.0,7.85,7.83,6.4,Placed
14027,19,80.27,0.32,84.43,74.46,79.19,5.02,7.23,8.52,Placed
14028,21,89.99,2.41,66.04,68.69,87.34,6.55,7.87,4.89,Placed
14029,23,54.05,3.6,76.34,66.49,89.72,6.15,5.24,2.0,Not Placed
14030,21,72.01,2.51,78.33,81.54,85.2,6.27,8.24,5.69,Placed
14031,22,55.51,2.75,89.44,70.83,96.67,7.02,6.44,4.13,Placed
14032,22,87.36,8.41,91.83,83.46,100.0,6.11,5.09,2.39,Placed
14033,20,59.43,3.35,69.57,74.27,99.76,9.21,3.85,4.24,Not Placed
14034,20,62.67,4.3,53.77,78.4,93.91,7.74,6.43,5.45,Placed
14035,21,84.17,4.24,44.19,86.14,89.85,6.25,5.86,6.61,Not Placed
14036,18,90.74,4.86,54.91,63.04,62.32,5.11,5.88,3.53,Placed
14037,23,76.09,2.94,63.12,85.7,88.43,6.5,7.2,3.62,Placed
14038,22,84.84,6.04,94.57,65.49,99.8,6.8,8.86,4.3,Placed
14039,20,84.45,4.6,94.79,45.59,92.47,6.44,5.72,8.01,Not Placed
14040,20,75.41,1.48,86.4,62.73,95.3,10.0,6.91,7.18,Placed
14041,20,64.86,3.61,90.46,56.44,69.68,5.21,6.12,5.63,Placed
14042,23,84.78,3.49,61.39,74.01,95.72,7.26,5.62,5.55,Placed
14043,24,85.36,3.41,49.27,63.43,85.52,7.04,5.58,3.87,Placed
14044,18,88.73,4.72,56.9,70.05,95.77,6.9,8.77,6.04,Placed
14045,21,81.74,4.94,41.48,84.23,91.94,4.87,6.82,2.51,Placed
14046,18,63.98,4.73,55.29,91.77,97.62,7.15,6.57,5.46,Placed
14047,21,86.28,4.41,64.41,72.68,100.0,7.42,5.98,0.5,Placed
14048,19,77.98,3.95,74.5,85.37,100.0,8.05,6.88,1.22,Placed
14049,20,72.21,0.2,74.03,65.17,86.44,7.78,6.03,0.63,Placed
14050,21,74.46,5.2,61.66,42.99,96.15,8.66,9.12,8.26,Placed
14051,20,69.72,4.68,80.53,49.13,80.48,4.74,7.1,4.18,Placed
14052,21,88.67,2.03,61.94,64.87,85.56,6.92,6.97,1.79,Placed
14053,24,60.98,4.31,72.15,80.73,100.0,10.0,6.94,9.37,Placed
14054,24,66.08,4.97,55.35,64.91,100.0,8.47,8.37,2.95,Placed
14055,18,74.05,5.91,88.33,86.97,98.91,5.46,6.77,5.55,Placed
14056,21,97.37,4.72,72.31,97.31,100.0,7.31,6.23,2.93,Placed
14057,24,90.65,4.38,82.18,53.79,83.7,5.94,6.99,6.09,Placed
14058,22,58.31,5.5,53.76,100.0,100.0,6.68,7.75,4.47,Placed
14059,19,94.22,3.25,74.62,41.84,94.61,9.6,8.22,3.01,Not Placed
14060,22,94.19,4.54,80.59,97.58,100.0,8.35,7.06,1.83,Placed
14061,19,63.91,2.68,41.34,67.46,78.64,5.38,7.08,3.08,Not Placed
14062,18,47.74,5.8,89.52,64.27,100.0,6.28,7.99,2.49,Placed
14063,23,77.13,0.9,53.26,67.87,65.64,7.2,3.52,0.98,Not Placed
14064,22,91.47,5.27,75.16,55.2,100.0,6.88,6.91,5.97,Not Placed
14065,24,97.1,3.83,98.82,92.02,100.0,7.58,6.1,6.73,Not Placed
14066,20,67.55,5.54,86.32,56.93,97.87,6.27,6.87,3.14,Placed
14067,24,99.02,2.4,49.65,58.97,86.6,6.76,7.23,0.5,Not Placed
14068,21,51.26,3.96,69.33,45.93,87.15,6.26,8.29,5.23,Placed
14069,23,73.58,3.91,90.5,56.31,100.0,6.76,5.14,4.81,Placed
14070,18,72.99,4.58,59.75,56.8,91.65,8.04,5.94,2.5,Not Placed
14071,18,91.83,1.91,66.6,55.72,96.84,7.56,5.73,4.38,Placed
14072,24,93.58,4.95,66.18,65.19,100.0,6.36,6.07,0.5,Placed
14073,24,89.45,0.48,80.55,50.16,95.07,8.56,5.16,4.52,Not Placed
14074,25,61.79,2.6,48.95,93.51,100.0,8.48,9.36,4.19,Not Placed
14075,20,88.35,0.99,81.39,65.56,87.92,7.2,7.84,7.16,Placed
14076,18,84.11,5.29,62.66,73.98,88.32,6.89,5.87,5.01,Not Placed
14077,25,57.95,4.52,71.83,81.79,100.0,9.32,6.82,4.68,Placed
14078,22,53.2,4.62,68.63,100.0,,9.13,6.28,8.43,Placed
14079,19,90.46,6.45,81.0,82.56,100.0,5.38,6.99,2.91,Placed
14080,24,75.84,3.23,71.68,64.03,84.22,8.63,5.88,1.51,Placed
14081,25,62.58,4.9,93.61,50.84,94.05,9.27,4.97,6.33,Placed
14082,20,75.5,3.92,86.84,73.41,91.08,7.99,6.11,6.59,Placed
14083,24,82.37,3.64,60.07,85.0,96.47,6.64,8.46,6.64,Placed
14084,24,77.01,6.15,92.48,70.27,100.0,6.79,5.02,4.03,Placed
14085,22,59.38,7.55,76.79,69.04,100.0,9.25,8.12,3.08,Placed
14086,23,100.0,3.02,74.55,71.42,93.81,8.2,7.47,2.01,Placed
14087,20,90.05,5.3,84.72,38.08,95.74,7.86,6.32,2.73,Not Placed
14088,25,73.98,4.37,56.38,70.34,99.69,10.0,7.7,1.49,Placed
14089,25,74.46,4.4,51.31,79.72,89.29,5.99,7.05,3.62,Not Placed
14090,25,82.31,4.24,72.37,67.27,95.12,7.09,4.24,7.82,Placed
14091,23,64.44,3.2,62.91,85.98,94.49,7.43,6.31,3.41,Not Placed
14092,18,81.87,0.2,100.0,86.51,93.13,6.95,6.35,4.76,Not Placed
14093,20,62.03,6.56,60.54,59.94,97.88,4.99,8.53,5.59,Placed
14094,21,77.15,2.55,72.6,75.07,90.65,8.4,6.32,3.78,Not Placed
14095,25,63.98,3.37,74.88,68.68,95.09,6.3,6.55,3.76,Placed
14096,22,64.58,3.4,90.47,35.54,75.15,6.28,5.41,7.07,Placed
14097,22,97.75,2.39,57.08,65.01,100.0,6.77,6.72,4.87,Placed
14098,19,78.71,4.23,47.82,51.51,83.24,6.92,5.37,6.76,Placed
14099,24,80.49,3.72,92.92,70.14,83.51,7.05,8.1,9.28,Placed
14100,20,53.86,2.51,73.21,78.92,91.29,8.36,6.3,2.76,Not Placed
14101,18,70.84,4.07,84.15,64.52,89.98,8.6,5.37,4.19,Placed
14102,25,83.53,3.74,84.85,53.6,100.0,6.89,8.27,4.17,Placed
14103,19,80.33,5.47,87.45,71.74,94.56,6.48,5.23,3.51,Placed
14104,18,52.15,1.39,66.33,100.0,98.51,7.05,7.11,3.64,Placed
14105,18,80.49,2.35,62.27,33.24,,6.13,5.02,7.31,Placed
14106,21,82.4,5.11,42.06,71.72,85.7,7.17,7.15,4.7,Not Placed
14107,18,93.41,2.65,57.08,59.3,70.44,6.06,8.08,9.48,Placed
14108,24,70.14,2.17,72.93,61.18,100.0,9.75,6.02,3.69,Placed
14109,22,51.1,2.74,61.48,66.32,76.83,7.35,5.38,7.51,Placed
14110,20,66.04,3.62,54.89,62.5,78.98,6.55,5.42,8.02,Placed
14111,18,64.84,3.63,72.76,77.63,98.12,8.05,6.73,4.33,Placed
14112,21,86.84,3.42,92.14,64.13,73.11,5.72,9.11,5.39,Placed
14113,19,45.4,1.95,71.16,33.41,68.1,6.35,8.08,6.27,Not Placed
14114,25,72.62,5.19,55.01,88.47,100.0,7.71,8.2,3.39,Placed
14115,20,95.11,6.19,91.09,86.07,97.4,7.36,5.52,7.83,Placed
14116,21,78.09,0.36,60.39,58.29,92.1,8.46,8.12,2.88,Not Placed
14117,18,88.76,1.0,94.19,68.8,80.16,4.0,7.98,3.46,Placed
14118,19,58.3,5.61,68.05,87.48,97.16,8.18,7.17,3.48,Not Placed
14119,19,58.78,6.63,73.55,84.53,100.0,6.55,6.04,4.95,Not Placed
14120,18,95.25,0.2,95.41,89.72,92.35,5.8,7.97,5.16,Placed
14121,23,79.21,5.27,51.73,73.99,97.38,5.13,5.99,3.23,Placed
14122,25,79.24,6.75,56.25,80.31,97.74,6.53,7.59,4.27,Placed
14123,25,64.58,2.25,67.1,90.54,100.0,9.11,6.34,2.27,Not Placed
14124,20,79.21,6.64,69.9,62.51,100.0,8.36,5.62,6.83,Placed
14125,24,64.25,3.48,100.0,75.05,100.0,9.16,6.31,5.89,Placed
14126,22,92.24,4.37,58.68,33.65,86.45,7.06,9.16,3.81,Placed
14127,18,100.0,2.51,52.44,42.72,75.74,7.33,5.4,4.12,Not Placed
14128,18,83.81,5.6,57.96,76.0,100.0,5.3,7.99,3.17,Placed
14129,22,70.38,5.3,75.48,78.44,95.2,5.3,7.81,2.64,Placed
14130,21,47.6,6.9,79.38,61.8,95.23,7.02,6.58,2.34,Not Placed
14131,18,57.79,6.39,61.39,58.3,93.75,5.55,6.14,2.65,Not Placed
14132,25,96.66,3.78,72.32,62.31,98.99,6.17,5.3,6.42,Placed
14133,23,65.65,9.4,100.0,71.07,100.0,7.25,8.35,6.57,Placed
14134,22,73.55,6.23,72.53,30.98,100.0,8.73,5.37,1.76,Placed
14135,25,85.86,4.77,76.81,75.45,90.78,7.21,3.45,5.9,Placed
14136,25,95.79,2.01,100.0,68.52,95.07,5.57,7.17,2.06,Placed
14137,25,75.6,1.05,61.53,71.96,78.19,5.01,5.18,6.03,Not Placed
14138,20,73.14,1.2,60.55,66.02,58.37,7.34,6.67,4.67,Placed
14139,25,78.86,2.12,64.95,45.87,70.36,6.45,5.19,3.46,Not Placed
14140,22,70.47,6.28,64.08,50.43,89.23,7.34,6.1,5.39,Placed
14141,23,71.11,4.68,44.68,92.38,95.24,6.95,6.88,7.2,Placed
14142,24,82.94,2.7,74.07,57.72,92.06,7.12,7.13,0.75,Placed
14143,19,80.22,3.56,75.25,80.93,86.36,8.64,8.41,6.78,Not Placed
14144,21,100.0,3.34,69.21,50.68,94.97,8.46,6.8,2.91,Placed
14145,19,83.27,5.24,75.71,67.76,88.5,7.64,6.93,7.35,Placed
14146,20,91.81,2.22,75.87,60.95,80.22,6.13,6.51,6.23,Placed
14147,21,65.14,4.43,52.26,63.4,85.89,6.54,7.91,2.26,Not Placed
14148,24,84.3,4.34,76.33,62.56,100.0,8.12,5.44,3.34,Placed
14149,24,69.32,2.27,80.38,91.1,97.26,8.76,6.27,5.46,Placed
14150,21,82.75,6.66,48.04,98.84,99.68,5.67,6.8,6.39,Placed
14151,20,86.26,3.27,93.95,71.8,100.0,9.03,5.71,5.45,Not Placed
14152,22,78.6,2.01,53.46,61.4,82.89,6.26,8.47,5.28,Placed
14153,25,100.0,5.34,54.93,46.73,88.91,8.0,7.18,3.22,Placed
14154,25,95.14,3.9,75.03,45.63,100.0,10.0,5.33,4.57,Placed
14155,19,92.13,4.54,80.02,91.19,91.91,5.29,7.29,4.35,Placed
14156,19,,1.67,83.67,44.5,88.8,7.81,8.37,1.5,Not Placed
14157,23,99.16,5.26,80.41,60.95,100.0,6.82,5.94,5.17,Placed
14158,20,60.76,7.71,64.2,70.48,99.53,7.74,8.43,3.77,Placed
14159,19,94.44,1.53,73.63,26.37,73.13,6.46,7.11,7.25,Placed
14160,18,66.11,4.44,67.25,47.99,70.7,4.22,7.04,6.84,Placed
14161,21,71.23,2.39,74.61,46.59,94.82,6.3,8.24,4.87,Placed
14162,21,84.74,8.64,73.03,57.35,100.0,7.62,7.04,6.71,Placed
14163,22,92.8,6.03,64.43,72.14,100.0,8.82,7.27,5.73,Placed
14164,19,64.16,4.31,66.79,84.44,91.97,7.69,6.91,4.46,Placed
14165,23,71.85,1.59,44.22,57.38,66.52,8.97,4.7,1.67,Not Placed
14166,23,79.17,2.03,84.45,60.61,83.2,6.61,7.29,4.18,Placed
14167,21,75.76,5.14,76.46,66.09,84.34,6.51,7.1,3.83,Not Placed
14168,19,88.25,1.35,37.4,55.11,80.62,7.61,6.34,4.28,Placed
14169,22,100.0,1.4,83.9,74.68,91.9,6.75,3.74,4.04,Placed
14170,23,83.03,3.82,71.2,75.18,100.0,8.55,7.55,6.71,Placed
14171,20,69.18,4.04,57.95,24.45,67.12,5.51,5.77,6.93,Not Placed
14172,20,62.44,4.48,56.62,78.23,89.42,8.24,5.45,3.52,Not Placed
14173,22,74.1,3.01,61.68,70.04,89.99,8.65,5.33,1.85,Not Placed
14174,20,66.72,5.46,58.03,72.14,98.06,7.64,4.45,2.56,Placed
14175,21,83.61,2.25,60.04,86.87,100.0,8.3,7.35,6.98,Placed
14176,20,83.42,4.93,97.51,39.42,95.62,6.42,9.63,6.41,Not Placed
14177,20,72.44,4.19,77.57,47.91,88.7,6.2,6.1,2.22,Placed
14178,23,100.0,4.88,100.0,66.88,100.0,7.62,7.79,1.57,Placed
14179,21,69.17,5.93,75.39,30.86,85.73,6.33,6.69,3.32,Not Placed
14180,21,76.57,2.98,80.69,64.61,84.06,7.56,7.13,8.09,Placed
14181,23,85.67,2.61,58.79,81.54,96.05,7.56,6.72,5.34,Placed
14182,20,88.7,0.76,69.48,74.35,100.0,7.12,7.74,4.03,Not Placed
14183,18,93.33,0.2,70.77,69.26,92.12,7.54,5.35,4.25,Not Placed
14184,24,83.14,3.48,81.3,64.28,100.0,7.96,6.92,0.74,Placed
14185,18,90.61,3.61,71.26,61.15,81.79,7.08,8.16,3.92,Not Placed
14186,22,70.02,1.85,77.27,60.23,71.11,6.63,7.64,6.98,Not Placed
14187,20,89.02,2.23,76.73,71.66,100.0,8.19,7.19,3.71,Placed
14188,19,88.86,6.54,67.46,43.19,95.71,7.53,6.92,4.01,Placed
14189,18,96.15,5.38,65.91,91.41,100.0,7.74,6.37,5.16,Not Placed
14190,25,57.98,1.53,61.97,56.2,88.57,7.9,6.38,2.25,Not Placed
14191,21,67.11,3.0,88.23,76.92,84.12,7.38,4.94,5.17,Placed
14192,20,87.88,4.53,67.46,69.29,93.44,6.79,7.4,2.84,Placed
14193,23,46.18,2.67,76.93,49.54,88.08,6.46,8.44,3.5,Placed
14194,18,83.9,2.34,69.65,88.68,87.77,7.09,7.15,3.74,Placed
14195,22,90.72,3.19,87.94,85.3,100.0,7.78,6.82,3.74,Placed
14196,21,71.08,5.76,42.18,42.87,91.01,7.83,7.52,4.7,Not Placed
14197,22,72.84,5.93,76.54,66.82,96.6,7.37,4.26,4.35,Placed
14198,18,65.11,2.48,53.18,71.32,86.69,7.62,6.19,4.14,Placed
14199,25,71.74,4.63,77.86,34.86,83.9,5.87,6.71,4.74,Not Placed
14200,19,72.09,3.79,69.8,34.07,84.01,6.64,4.75,2.68,Placed
14201,23,69.81,1.99,49.82,54.66,70.94,8.01,6.99,0.5,Placed
14202,23,69.15,3.27,77.06,46.99,87.77,6.2,4.58,4.48,Placed
14203,20,74.75,1.52,75.36,51.3,86.81,7.37,7.63,3.12,Placed
14204,19,74.6,5.89,68.53,46.99,100.0,7.26,7.07,5.41,Placed
14205,20,100.0,6.59,70.43,66.04,,7.06,6.57,3.4,Placed
14206,24,73.27,3.06,74.42,53.72,100.0,8.01,7.71,0.7,Placed
14207,25,82.13,2.63,89.67,85.82,96.15,7.47,6.98,4.26,Placed
14208,25,71.08,5.7,67.29,70.88,100.0,5.76,7.37,6.6,Not Placed
14209,19,70.92,5.99,87.2,80.71,100.0,7.82,7.14,5.13,Placed
14210,22,57.55,1.79,71.44,40.99,78.43,6.59,5.77,1.66,Not Placed
14211,19,59.14,3.53,91.44,57.95,94.45,5.56,8.68,3.25,Not Placed
14212,23,63.52,3.69,68.47,70.18,96.77,8.09,8.29,3.51,Placed
14213,21,80.2,2.41,62.01,75.25,71.69,5.78,7.31,4.13,Not Placed
14214,23,,4.49,55.53,57.64,92.66,6.77,6.98,3.33,Placed
14215,23,56.56,2.54,71.49,59.98,85.39,7.55,7.7,0.99,Placed
14216,25,71.41,2.83,60.1,61.74,93.43,7.11,8.31,4.22,Placed
14217,21,61.6,3.62,93.07,63.23,84.08,6.45,9.08,7.36,Not Placed
14218,20,74.83,1.12,58.93,100.0,83.15,6.01,6.15,3.19,Placed
14219,22,90.91,0.2,61.65,73.01,80.05,6.29,8.05,2.01,Placed
14220,19,72.64,5.45,80.72,68.64,89.84,5.91,6.7,7.35,Not Placed
14221,18,77.43,2.47,89.79,47.86,82.2,7.05,4.87,8.34,Not Placed
14222,22,95.46,7.64,82.97,48.23,100.0,6.55,7.81,3.68,Not Placed
14223,24,83.49,7.35,87.88,64.59,100.0,5.55,8.56,4.98,Not Placed
14224,22,68.88,2.89,70.8,86.09,84.77,6.85,7.97,4.94,Placed
14225,24,79.91,8.01,71.01,64.81,94.91,6.43,6.6,6.28,Placed
14226,19,68.07,5.49,100.0,65.5,100.0,7.52,7.27,2.27,Placed
14227,21,83.05,2.64,97.35,56.09,93.4,7.63,7.64,4.44,Placed
14228,22,84.18,0.2,82.71,40.13,81.52,8.81,7.49,2.32,Not Placed
14229,20,61.59,5.04,88.6,74.99,98.59,7.98,8.28,5.19,Not Placed
14230,18,80.1,3.86,84.88,63.93,98.62,5.89,7.93,7.53,Placed
14231,18,76.59,4.58,53.91,75.14,84.59,4.59,6.11,5.17,Not Placed
14232,25,84.54,3.39,71.41,70.47,80.82,5.38,6.83,2.8,Not Placed
14233,22,87.98,1.74,94.45,52.57,87.86,6.6,6.19,6.49,Placed
14234,20,83.73,3.03,82.81,71.61,86.42,5.27,6.99,3.28,Placed
14235,20,74.36,5.07,71.05,47.34,97.44,6.46,4.56,5.45,Not Placed
14236,18,89.2,3.16,94.63,71.48,99.39,7.24,9.11,2.95,Placed
14237,25,67.52,3.15,77.54,66.99,85.42,6.52,5.86,1.84,Placed
14238,18,62.15,1.07,83.33,92.65,91.34,7.53,6.18,2.98,Not Placed
14239,24,39.66,3.96,77.62,54.13,76.53,6.47,6.9,0.5,Not Placed
14240,19,77.16,1.8,80.12,46.77,82.64,6.29,5.15,2.33,Not Placed
14241,20,68.14,5.45,81.19,61.39,100.0,9.25,6.4,8.78,Placed
14242,20,82.77,2.48,91.5,77.75,100.0,7.16,7.0,0.5,Placed
14243,24,54.35,3.27,93.45,23.24,84.85,7.33,8.78,1.36,Placed
14244,18,70.23,7.7,65.23,82.01,100.0,8.21,6.97,7.98,Placed
14245,20,83.64,3.25,77.33,64.66,100.0,8.25,6.31,2.58,Placed
14246,20,65.64,3.01,91.07,49.73,88.76,6.76,5.45,3.69,Placed
14247,20,82.91,4.85,70.03,62.11,91.46,8.46,9.37,4.47,Placed
14248,19,71.32,0.59,52.37,56.14,78.35,6.66,6.89,1.2,Not Placed
14249,25,77.61,6.05,58.37,48.4,100.0,8.42,6.9,6.59,Placed
14250,21,85.14,5.59,59.41,36.98,65.47,5.72,5.15,4.26,Placed
14251,21,89.43,4.74,65.13,79.69,92.97,6.83,7.43,3.23,Placed
14252,21,79.11,0.2,60.81,59.05,81.39,7.47,6.09,6.39,Placed
14253,25,68.23,3.33,87.44,61.74,100.0,7.63,8.57,1.84,Not Placed
14254,20,72.5,1.51,67.85,81.52,86.55,6.19,7.36,4.58,Placed
14255,20,85.64,5.82,90.92,68.89,100.0,5.22,6.95,2.47,Placed
14256,20,65.74,5.69,55.05,43.05,98.56,7.75,5.21,1.99,Not Placed
14257,20,75.86,4.5,66.7,78.76,89.49,6.95,6.68,8.51,Placed
14258,18,73.37,1.63,73.56,91.74,84.36,6.73,6.54,4.75,Placed
14259,22,76.76,6.49,84.16,76.05,100.0,9.19,6.95,6.4,Placed
14260,18,65.89,3.33,89.15,54.16,87.33,6.85,4.44,3.46,Not Placed
14261,19,55.78,7.05,63.93,44.44,90.95,6.58,5.71,2.44,Not Placed
14262,19,84.25,4.28,86.9,53.58,94.68,5.04,6.2,0.5,Placed
14263,20,89.57,4.71,46.77,69.65,100.0,5.9,7.4,3.87,Placed
14264,24,56.49,2.97,85.07,90.82,100.0,8.25,4.48,1.18,Placed
14265,22,82.43,6.33,51.88,55.85,84.45,6.33,8.46,4.69,Placed
14266,25,91.0,4.9,78.7,57.62,99.59,7.95,8.29,1.91,Not Placed
14267,20,85.15,6.4,88.94,84.34,100.0,5.65,5.61,5.44,Placed
14268,25,73.0,4.12,85.31,61.06,100.0,6.16,9.76,8.62,Not Placed
14269,18,66.68,3.72,47.41,95.42,90.15,6.13,7.09,10.15,Placed
14270,22,78.97,4.87,65.29,65.63,90.59,7.77,6.67,5.14,Placed
14271,24,80.97,6.4,82.75,86.68,100.0,6.95,7.51,4.48,Placed
14272,22,79.15,5.63,82.32,74.12,97.64,5.87,7.3,3.1,Placed
14273,25,75.84,4.05,76.14,79.31,100.0,8.06,6.94,2.94,Placed
14274,20,65.01,0.46,38.98,65.17,74.15,7.79,5.5,2.66,Placed
14275,18,83.07,5.26,89.97,66.21,94.8,7.61,6.28,7.47,Not Placed
14276,24,83.65,1.21,92.64,74.7,90.46,7.55,7.23,3.72,Placed
14277,18,80.41,3.86,74.46,80.77,91.67,6.18,7.8,8.82,Placed
14278,24,79.33,3.59,75.43,76.42,100.0,8.71,8.53,2.64,Placed
14279,23,98.15,1.25,79.55,39.72,76.04,7.08,6.25,4.22,Not Placed
14280,24,70.51,4.47,93.91,72.12,100.0,7.52,6.9,1.96,Placed
14281,21,93.38,7.68,75.76,57.49,100.0,7.66,6.01,5.56,Placed
14282,25,69.19,3.24,69.13,59.27,86.14,6.07,8.11,4.09,Placed
14283,19,91.31,5.18,77.72,75.32,100.0,9.48,6.43,4.43,Placed
14284,21,92.8,8.04,71.83,95.17,100.0,7.17,6.09,3.88,Placed
14285,18,74.48,5.35,72.0,64.29,100.0,7.24,6.87,5.61,Placed
14286,24,97.93,2.64,45.51,99.57,88.33,6.7,4.79,5.84,Placed
14287,23,83.63,4.23,79.84,50.45,100.0,8.58,7.45,6.16,Placed
14288,24,67.47,4.67,89.57,87.71,100.0,8.63,6.43,2.62,Not Placed
14289,24,73.51,6.38,87.31,74.89,100.0,7.39,10.0,5.14,Not Placed
14290,20,91.59,5.99,86.26,71.34,95.21,5.44,6.06,3.51,Not Placed
14291,18,89.08,0.2,71.2,90.13,91.68,7.0,6.48,7.16,Placed
14292,25,65.3,2.26,74.19,57.82,76.09,7.12,8.02,4.99,Placed
14293,21,76.33,3.67,89.87,88.44,100.0,6.66,7.74,5.1,Not Placed
14294,18,80.44,1.97,85.01,64.67,85.66,6.02,8.04,3.95,Not Placed
14295,25,71.91,0.2,94.3,57.73,76.24,5.33,6.46,2.87,Placed
14296,25,100.0,2.49,61.91,46.77,77.47,8.97,5.42,4.65,Placed
14297,21,80.8,3.79,61.82,93.37,100.0,8.09,10.0,6.95,Placed
14298,24,77.26,2.85,67.01,86.26,100.0,7.24,7.42,2.96,Placed
14299,18,92.29,2.01,57.85,60.35,78.5,6.42,7.07,7.14,Placed
14300,18,73.62,3.87,52.18,76.73,83.53,7.63,7.77,5.64,Not Placed
14301,20,90.09,4.42,79.03,70.03,100.0,7.44,5.24,0.5,Not Placed
14302,23,57.99,2.96,78.01,62.35,79.69,6.72,6.25,2.67,Placed
14303,19,72.56,6.27,75.69,83.44,100.0,7.67,5.55,9.08,Placed
14304,18,90.59,3.9,77.31,57.99,92.82,7.81,7.0,4.26,Placed
14305,23,96.84,2.23,50.04,32.93,71.41,8.02,5.15,2.69,Placed
14306,24,68.72,1.78,64.8,72.16,85.87,6.13,7.61,2.76,Placed
14307,23,67.32,3.42,67.6,69.07,89.1,7.72,8.22,4.23,Not Placed
14308,24,84.81,5.8,72.73,58.51,93.3,8.61,8.18,6.34,Placed
14309,24,70.52,2.32,50.1,53.72,84.12,7.56,7.33,3.82,Placed
14310,22,74.78,4.87,58.08,43.05,100.0,9.85,7.03,2.95,Placed
14311,22,88.52,3.97,65.45,62.2,100.0,6.98,6.3,0.5,Placed
14312,24,71.47,7.39,87.87,54.0,96.1,5.14,7.34,2.68,Placed
14313,20,54.41,4.5,75.93,83.43,100.0,6.18,6.67,3.1,Placed
14314,18,62.39,2.54,87.32,76.26,73.56,6.4,4.56,5.14,Placed
14315,24,78.12,5.13,70.16,60.25,100.0,7.87,6.06,5.31,Placed
14316,20,55.64,5.19,72.01,76.36,100.0,8.2,7.75,7.38,Placed
14317,25,74.43,3.09,79.49,66.28,85.77,7.36,5.45,2.12,Placed
14318,21,61.29,1.7,69.34,63.69,84.09,7.55,5.43,4.77,Placed
14319,24,97.68,4.76,62.63,67.12,100.0,9.5,6.56,4.82,Not Placed
14320,18,100.0,3.91,49.65,96.34,94.12,6.2,4.2,2.5,Placed
14321,23,65.3,1.07,63.03,78.3,86.27,7.11,7.68,6.33,Not Placed
14322,21,81.08,4.26,84.54,63.22,80.63,6.66,7.57,7.91,Placed
14323,21,66.48,2.65,90.91,82.3,84.49,5.79,7.94,4.55,Placed
14324,20,74.29,1.07,60.4,81.72,78.03,4.77,7.07,3.55,Placed
14325,25,99.64,3.17,45.99,72.16,82.51,8.76,5.78,7.49,Placed
14326,21,72.4,6.11,85.9,62.74,92.2,6.28,5.32,5.37,Placed
14327,24,74.57,5.97,73.04,61.69,88.96,6.9,7.46,2.07,Placed
14328,21,66.69,5.5,51.79,50.8,80.95,7.72,7.66,4.11,Placed
14329,18,91.75,4.28,25.34,70.89,89.19,5.77,5.46,3.78,Placed
14330,25,38.84,4.87,57.55,58.24,79.8,6.2,5.3,2.81,Placed
14331,19,72.69,3.98,65.06,61.01,89.54,7.17,6.78,2.9,Not Placed
14332,20,77.45,1.81,54.73,77.98,83.14,6.67,6.96,3.16,Placed
14333,24,70.07,2.17,82.38,94.99,93.08,5.67,7.92,6.12,Not Placed
14334,25,88.36,2.71,59.81,73.99,92.83,7.93,7.59,3.91,Placed
14335,25,92.42,6.32,72.19,66.32,96.06,6.64,6.7,4.67,Not Placed
14336,21,61.06,5.74,100.0,67.7,100.0,7.36,8.04,6.44,Not Placed
14337,24,100.0,1.86,73.76,86.21,93.76,7.27,6.38,3.9,Not Placed
14338,20,60.92,3.9,70.27,74.2,100.0,8.36,6.43,2.09,Placed
14339,23,93.46,3.08,70.61,71.1,92.83,7.62,7.82,6.39,Placed
14340,22,79.8,3.52,82.04,72.23,99.61,6.16,7.95,3.74,Not Placed
14341,18,71.96,2.84,80.18,45.14,90.87,8.59,7.98,8.06,Placed
14342,21,73.09,6.33,56.95,74.25,98.94,6.63,6.58,6.52,Placed
14343,21,77.6,3.77,65.83,54.0,85.84,6.22,6.89,5.56,Placed
14344,20,80.5,4.19,61.99,74.31,94.0,6.05,5.76,4.95,Placed
14345,20,66.96,4.2,67.76,56.24,87.1,4.39,7.88,6.75,Placed
14346,22,75.19,1.95,99.4,77.46,85.48,6.47,6.09,5.0,Not Placed
14347,18,68.75,4.0,81.26,65.55,100.0,7.68,4.4,0.5,Placed
14348,19,63.42,5.71,70.8,49.67,82.16,5.57,6.27,4.3,Placed
14349,24,68.19,6.45,90.67,63.35,95.6,9.25,5.77,5.64,Placed
14350,20,64.2,1.73,74.83,100.0,86.11,4.51,3.55,2.49,Placed
14351,22,72.96,1.07,47.43,31.63,66.57,6.26,6.11,9.68,Not Placed
14352,22,83.19,3.91,96.96,70.66,98.65,5.41,7.74,4.21,Placed
14353,22,79.45,5.8,69.65,51.83,96.81,8.3,7.3,5.62,Placed
14354,21,100.0,4.45,38.16,90.03,94.82,7.98,7.29,6.84,Placed
14355,21,51.47,5.02,48.01,81.06,87.13,6.88,8.51,5.71,Placed
14356,24,83.63,1.35,88.92,70.97,85.47,5.49,6.11,4.29,Placed
14357,25,78.08,2.77,48.25,82.68,80.12,5.76,5.43,5.3,Placed
14358,20,87.79,0.2,92.24,71.91,85.01,7.5,7.39,4.11,Placed
14359,23,86.6,3.54,73.22,68.1,90.62,6.39,7.23,4.31,Placed
14360,25,76.02,0.2,82.71,58.42,73.56,6.53,5.28,2.21,Placed
14361,18,80.07,6.2,68.15,62.23,94.13,7.11,6.59,3.98,Placed
14362,24,69.07,6.6,79.85,60.58,100.0,6.7,7.45,2.09,Placed
14363,21,85.36,4.05,76.75,68.17,80.71,5.1,7.13,4.49,Placed
14364,25,55.45,1.08,71.42,37.73,70.15,5.6,7.68,3.69,Placed
14365,22,87.32,4.48,56.02,84.47,87.28,5.63,5.99,5.5,Not Placed
14366,24,77.72,7.15,77.38,99.15,100.0,6.33,5.1,1.51,Not Placed
14367,19,72.16,4.66,44.74,61.08,81.93,7.31,5.7,2.64,Placed
14368,19,75.21,5.93,85.97,86.8,100.0,7.26,7.84,2.66,Placed
14369,25,76.09,2.93,74.95,65.85,91.97,8.62,8.04,4.47,Placed
14370,22,93.57,2.23,78.96,58.36,86.33,5.51,6.6,4.01,Placed
14371,22,100.0,3.67,32.75,61.89,77.35,7.57,8.62,6.69,Placed
14372,19,92.64,0.33,55.11,69.37,78.57,6.26,6.61,4.58,Not Placed
14373,19,71.22,7.88,64.41,56.46,99.39,9.57,6.19,4.5,Placed
14374,24,85.56,4.05,82.11,77.7,95.32,7.07,5.11,2.39,Placed
14375,20,86.08,5.36,57.86,59.69,90.19,6.53,6.71,3.92,Placed
14376,22,66.9,2.97,100.0,50.83,99.8,7.53,8.07,1.83,Placed
14377,20,62.87,1.02,68.05,67.68,71.65,7.44,8.32,5.49,Not Placed
14378,20,77.24,6.37,56.76,56.9,80.39,6.74,8.08,6.16,Placed
14379,19,87.69,1.78,69.2,62.76,100.0,7.91,7.4,1.48,Not Placed
14380,25,58.66,4.43,57.74,67.13,95.69,9.01,8.72,4.59,Placed
14381,25,69.35,4.6,54.23,46.56,75.8,8.3,5.64,4.29,Placed
14382,18,84.87,3.93,87.16,91.34,100.0,7.02,8.22,6.91,Placed
14383,20,78.5,2.39,79.7,81.0,100.0,9.33,7.14,2.5,Placed
14384,22,95.0,3.53,79.74,57.92,94.81,7.78,7.05,2.98,Placed
14385,21,61.06,2.09,91.15,67.69,82.77,5.88,5.09,5.03,Not Placed
14386,23,100.0,5.26,79.3,78.17,96.43,7.27,7.21,3.52,Placed
14387,20,59.54,4.83,55.99,71.34,92.42,6.94,8.18,3.63,Placed
14388,18,53.65,3.76,82.63,98.08,91.01,6.55,4.25,3.59,Placed
14389,20,77.29,2.78,55.1,64.18,87.36,7.58,7.75,5.55,Placed
14390,22,64.39,7.59,64.83,87.02,98.3,4.95,4.06,6.77,Not Placed
14391,19,77.53,1.46,71.31,46.65,93.23,9.12,5.1,4.34,Placed
14392,24,77.12,1.02,69.79,49.11,93.71,7.93,6.69,3.96,Placed
14393,18,75.65,3.65,45.13,94.95,73.89,4.99,8.7,5.83,Not Placed
14394,18,67.89,3.34,57.49,61.09,90.23,7.92,6.65,4.91,Placed
14395,22,83.19,5.78,71.66,49.32,100.0,7.73,7.36,4.82,Placed
14396,22,74.19,4.96,62.84,67.24,94.07,8.96,5.71,6.77,Not Placed
14397,20,91.24,3.85,88.89,88.22,100.0,9.27,6.57,2.37,Placed
14398,20,75.84,4.7,91.46,55.78,100.0,9.47,6.73,3.97,Placed
14399,18,66.42,4.67,55.19,67.33,91.44,6.87,8.76,2.54,Placed
14400,23,57.75,7.59,72.9,38.33,100.0,7.85,5.9,3.43,Placed
14401,21,75.93,4.26,95.74,60.5,95.58,6.62,6.01,1.95,Not Placed
14402,18,62.77,2.57,69.99,83.96,100.0,8.37,8.09,3.74,Not Placed
14403,21,61.8,4.16,65.9,55.45,81.81,4.61,6.5,5.24,Not Placed
14404,25,84.33,0.2,84.9,47.65,70.5,5.67,6.94,0.5,Placed
14405,20,56.67,3.74,67.89,55.58,86.88,6.68,7.32,3.85,Not Placed
14406,25,94.95,5.77,91.06,58.25,99.5,7.13,6.04,4.32,Placed
14407,20,79.92,4.88,63.08,80.24,100.0,7.4,4.34,3.95,Placed
14408,19,77.47,4.34,64.88,74.08,100.0,8.73,8.09,1.15,Placed
14409,20,65.58,4.97,83.85,77.17,92.82,6.42,6.94,6.41,Not Placed
14410,20,87.17,5.79,73.51,68.45,86.43,5.65,5.27,6.38,Not Placed
14411,18,77.97,6.37,73.63,58.08,95.98,6.73,7.73,6.79,Placed
14412,22,69.77,4.61,43.36,55.58,89.96,6.47,9.21,3.38,Placed
14413,20,80.4,3.23,66.7,74.92,97.95,7.86,8.23,4.84,Not Placed
14414,23,57.81,0.2,84.96,93.42,100.0,9.03,9.3,3.04,Not Placed
14415,21,58.38,5.56,60.24,52.95,92.25,8.92,5.33,2.36,Placed
14416,21,64.56,4.73,82.51,51.71,92.69,8.51,7.1,2.25,Placed
14417,21,82.19,4.07,76.02,49.83,87.71,6.52,7.23,4.9,Placed
14418,19,77.96,2.56,69.0,81.3,93.31,7.01,6.66,6.17,Not Placed
14419,23,90.59,5.54,92.37,67.33,95.99,7.71,6.41,7.07,Not Placed
14420,18,66.96,3.34,66.9,76.89,92.96,6.28,3.25,4.4,Not Placed
14421,23,84.9,3.74,67.95,59.87,90.39,6.39,8.83,3.14,Not Placed
14422,25,76.63,3.7,68.83,77.89,100.0,7.65,4.86,4.31,Placed
14423,24,66.68,4.61,73.21,63.4,95.45,5.56,7.88,6.44,Placed
14424,21,82.62,1.73,83.5,43.28,91.19,8.51,6.81,7.74,Not Placed
14425,20,77.21,4.81,49.91,82.77,92.39,6.72,6.76,6.85,Not Placed
14426,24,70.45,2.5,85.02,67.42,84.33,7.85,6.55,6.66,Placed
14427,20,78.5,2.57,73.02,63.04,83.7,7.45,7.04,7.22,Not Placed
14428,21,76.45,5.39,80.31,72.5,100.0,8.71,7.57,4.65,Placed
14429,24,76.16,2.01,100.0,44.89,70.06,4.65,7.94,5.06,Placed
14430,25,73.05,5.39,64.33,74.89,100.0,8.71,6.65,6.62,Placed
14431,25,62.34,3.98,53.63,58.47,90.54,8.69,5.35,5.53,Not Placed
14432,18,78.9,0.83,74.91,65.5,72.24,7.54,5.31,6.23,Not Placed
14433,25,68.37,6.26,77.28,86.23,100.0,7.83,8.05,3.28,Placed
14434,18,65.76,4.36,85.07,78.28,93.08,7.92,6.47,7.3,Not Placed
14435,22,75.11,4.51,63.92,65.18,98.14,6.12,5.57,3.5,Placed
14436,25,86.81,5.61,59.55,66.38,80.79,7.26,5.91,6.72,Not Placed
14437,23,80.23,6.5,49.01,27.03,100.0,8.27,6.69,4.32,Not Placed
14438,25,71.63,4.16,51.49,54.85,80.31,5.05,5.26,3.43,Not Placed
14439,20,71.14,4.91,65.76,70.67,82.74,7.77,6.76,0.51,Placed
14440,20,85.63,4.47,70.25,55.77,91.64,7.3,8.3,4.06,Placed
14441,20,49.24,3.18,100.0,46.78,93.81,7.95,6.66,2.01,Placed
14442,20,87.57,0.95,46.61,75.68,72.3,5.67,4.68,2.65,Placed
14443,23,55.51,4.19,77.03,88.9,92.28,6.31,7.84,5.52,Placed
14444,21,61.02,6.28,61.11,56.46,100.0,5.52,8.13,1.46,Placed
14445,23,71.83,4.85,75.34,82.0,90.3,5.51,8.2,6.96,Placed
14446,21,100.0,1.88,63.7,79.6,86.49,8.2,6.87,9.54,Placed
14447,20,98.13,5.78,87.53,52.37,100.0,6.49,9.6,3.53,Placed
14448,19,86.48,3.24,87.44,56.36,79.79,6.41,7.68,6.91,Placed
14449,22,82.28,0.2,70.3,96.85,100.0,8.51,10.0,1.71,Placed
14450,25,55.65,5.63,93.59,50.13,97.89,6.79,8.42,5.3,Placed
14451,24,79.88,2.1,83.4,58.26,100.0,8.36,8.24,5.21,Placed
14452,20,71.41,7.01,92.89,99.45,100.0,5.94,6.05,10.65,Placed
14453,21,68.2,5.87,71.35,58.9,91.29,6.78,5.66,3.76,Not Placed
14454,23,79.86,3.39,86.28,89.65,96.73,6.11,6.94,5.42,Placed
14455,22,72.35,4.63,60.48,51.65,100.0,7.86,6.57,4.13,Placed
14456,18,88.43,8.16,58.96,70.21,100.0,6.95,6.15,3.76,Placed
14457,22,54.77,5.6,100.0,85.37,100.0,8.08,6.64,4.22,Placed
14458,18,78.9,4.23,55.71,60.52,90.21,7.38,6.56,4.12,Placed
14459,18,67.45,9.0,65.46,69.6,100.0,4.86,6.03,3.23,Not Placed
14460,23,73.08,4.01,43.53,79.91,87.71,6.88,7.59,5.04,Not Placed
14461,18,81.66,4.85,59.31,53.57,76.84,5.36,5.9,2.71,Placed
14462,20,64.59,2.11,57.09,100.0,89.58,7.62,6.75,3.7,Not Placed
14463,22,79.97,0.79,61.95,84.6,79.44,7.87,5.34,8.34,Placed
14464,23,75.45,3.28,76.5,62.28,93.45,7.99,6.92,4.27,Not Placed
14465,21,70.07,3.87,80.12,64.24,86.98,7.05,7.04,6.27,Not Placed
14466,18,72.35,4.39,56.9,98.59,89.64,5.24,5.65,4.35,Not Placed
14467,24,76.15,1.24,60.16,62.32,80.62,7.45,6.88,6.04,Placed
14468,25,68.79,4.99,88.25,60.45,100.0,7.69,6.68,4.15,Placed
14469,25,78.09,2.31,97.58,86.34,94.5,6.98,6.25,0.5,Placed
14470,23,74.66,4.9,90.84,45.59,100.0,7.3,6.26,4.44,Placed
14471,21,70.66,5.48,47.31,66.75,93.99,4.93,7.34,2.5,Placed
14472,25,97.08,3.09,89.84,69.35,100.0,7.28,6.83,3.9,Placed
14473,21,82.98,2.07,99.81,56.74,96.91,7.07,7.95,5.88,Not Placed
14474,19,73.41,6.58,46.56,42.95,70.95,5.74,5.56,8.13,Not Placed
14475,24,79.75,5.37,88.24,69.11,100.0,7.83,6.57,1.68,Placed
14476,20,65.68,4.07,75.38,79.01,89.73,6.61,6.06,4.02,Not Placed
14477,25,72.76,6.44,67.09,57.14,87.87,7.47,6.87,4.53,Placed
14478,20,74.16,3.95,73.59,49.12,88.52,7.79,7.12,4.6,Placed
14479,24,63.04,2.68,78.65,88.1,100.0,7.59,5.38,4.61,Placed
14480,22,82.65,2.0,89.36,76.45,89.42,5.59,7.51,5.63,Placed
14481,21,71.93,3.61,88.59,62.21,100.0,6.74,9.4,3.62,Placed
14482,20,73.73,5.19,49.4,82.73,100.0,9.76,7.0,4.1,Placed
14483,24,71.18,6.3,62.27,71.87,97.29,8.87,5.76,5.29,Placed
14484,18,100.0,3.84,73.4,96.63,100.0,8.2,6.45,3.1,Placed
14485,21,70.05,5.98,95.58,78.63,100.0,7.53,6.41,3.32,Not Placed
14486,20,53.18,3.41,31.09,45.76,74.19,6.01,6.0,4.37,Placed
14487,22,58.8,2.39,62.84,57.46,85.46,7.01,7.67,3.32,Placed
14488,20,87.11,1.45,49.08,58.23,89.82,6.69,4.61,2.54,Not Placed
14489,23,94.04,2.89,51.46,72.95,94.73,7.1,7.13,2.31,Placed
14490,21,69.82,1.52,86.79,63.14,87.68,5.46,8.35,4.41,Placed
14491,19,93.35,7.42,64.02,49.96,100.0,8.35,8.27,7.24,Placed
14492,19,86.9,4.59,36.99,77.43,71.38,4.0,8.03,5.28,Not Placed
14493,23,75.73,3.63,69.62,84.0,100.0,8.23,6.01,2.6,Placed
14494,20,74.87,6.9,100.0,66.36,100.0,8.25,8.55,7.6,Placed
14495,20,80.17,1.46,44.9,71.35,99.09,9.99,7.24,3.5,Not Placed
14496,23,88.53,3.55,79.99,52.52,100.0,6.9,8.51,7.67,Placed
14497,20,82.77,7.4,95.52,59.64,100.0,6.58,8.1,4.35,Placed
14498,21,69.88,3.54,71.26,60.29,95.5,7.34,7.18,5.03,Not Placed
14499,19,75.91,8.2,100.0,76.94,100.0,7.87,6.51,3.77,Placed
14500,20,100.0,5.21,62.1,72.1,100.0,7.09,9.64,3.9,Placed
14501,23,81.01,6.15,93.69,62.72,89.66,5.78,4.66,7.26,Not Placed
14502,22,88.43,6.2,90.15,62.09,100.0,7.87,6.59,4.14,Placed
14503,25,84.48,3.8,71.51,36.51,85.36,7.2,5.11,6.39,Not Placed
14504,24,81.28,2.92,49.69,93.69,91.82,5.99,6.94,4.59,Placed
14505,18,79.3,3.59,56.97,34.63,67.11,5.25,7.23,4.27,Placed
14506,21,88.77,2.02,36.84,74.75,96.49,10.0,6.03,5.75,Placed
14507,20,86.62,3.68,80.91,68.6,100.0,8.2,6.12,4.26,Placed
14508,22,81.17,3.79,79.11,63.75,90.13,7.87,5.22,2.92,Placed
14509,20,69.67,6.84,73.19,67.87,100.0,7.06,7.34,2.98,Placed
14510,25,82.63,4.87,70.16,57.39,94.52,8.03,6.24,5.66,Placed
14511,20,77.2,8.05,92.36,78.45,96.68,5.94,7.31,0.5,Not Placed
14512,22,74.3,0.2,76.47,46.98,73.2,7.44,6.17,5.25,Not Placed
14513,18,100.0,1.61,63.68,73.25,100.0,7.49,7.1,1.62,Not Placed
14514,25,59.53,3.16,74.21,57.16,75.16,5.97,7.69,4.85,Placed
14515,25,89.5,6.49,100.0,61.17,100.0,7.07,7.37,7.18,Placed
14516,24,67.65,3.6,81.33,61.6,94.29,6.7,7.05,2.73,Placed
14517,20,79.57,1.16,66.15,65.35,95.28,6.28,6.68,5.55,Placed
14518,18,100.0,3.36,71.33,76.03,87.58,6.55,7.37,6.75,Placed
14519,23,66.45,1.64,78.95,67.43,69.64,5.15,6.08,3.35,Placed
14520,21,69.31,1.29,65.68,82.93,91.63,8.48,6.57,3.21,Not Placed
14521,25,77.79,7.4,64.36,84.72,100.0,9.07,7.22,5.25,Placed
14522,23,67.83,3.17,71.83,72.94,83.79,6.09,8.64,7.0,Placed
14523,22,88.61,4.11,94.79,78.92,100.0,8.53,6.07,9.06,Not Placed
14524,25,71.59,3.63,83.86,100.0,100.0,7.16,5.74,3.02,Placed
14525,24,85.85,3.35,65.86,45.39,74.64,7.19,7.14,5.8,Placed
14526,21,62.05,2.29,85.04,85.22,91.9,5.65,8.25,3.54,Placed
14527,18,56.32,3.24,72.13,92.72,100.0,6.53,7.77,2.24,Placed
14528,18,75.25,4.41,77.17,74.94,87.92,7.84,6.83,4.03,Not Placed
14529,21,59.18,6.35,75.8,98.46,94.99,6.03,8.27,4.04,Not Placed
14530,22,96.22,5.51,40.35,96.38,98.26,6.31,4.63,4.67,Placed
14531,18,59.64,1.61,26.29,62.61,62.86,6.59,8.01,5.34,Not Placed
14532,19,65.55,5.58,75.4,63.83,81.36,4.0,6.42,4.97,Placed
14533,23,82.96,4.66,59.21,76.49,100.0,7.59,7.56,6.93,Placed
14534,24,70.96,2.68,47.41,58.01,80.17,7.96,8.01,8.26,Not Placed
14535,18,59.78,4.13,59.67,100.0,100.0,7.64,7.03,4.53,Placed
14536,22,100.0,4.83,85.87,80.62,100.0,8.33,6.88,3.52,Placed
14537,18,65.98,3.88,77.37,68.74,85.0,6.67,6.33,4.1,Not Placed
14538,23,75.64,4.66,83.58,45.44,96.03,9.37,8.83,4.04,Placed
14539,24,75.49,2.25,78.8,72.03,95.48,6.19,7.21,3.32,Placed
14540,24,86.52,7.39,58.22,49.03,100.0,6.93,7.07,1.5,Placed
14541,22,83.55,0.33,83.65,80.16,94.47,6.81,8.61,1.8,Placed
14542,23,68.08,4.84,80.79,27.96,84.31,7.42,6.2,5.87,Placed
14543,25,74.09,4.46,70.24,90.14,97.24,6.91,6.5,6.0,Placed
14544,22,75.28,4.96,72.88,61.21,96.7,7.08,7.92,5.15,Placed
14545,21,86.99,2.52,83.89,40.93,78.44,6.39,8.93,4.02,Not Placed
14546,24,63.98,5.9,60.76,67.74,96.48,6.67,6.85,3.49,Placed
14547,22,100.0,3.61,88.32,68.27,85.97,4.52,7.26,1.76,Not Placed
14548,24,68.89,1.66,80.48,66.97,100.0,8.16,4.89,3.2,Not Placed
14549,22,77.9,1.83,72.03,90.08,96.45,5.97,8.34,3.04,Placed
14550,24,64.08,4.02,94.97,74.09,98.31,6.61,5.5,1.67,Placed
14551,18,62.42,0.93,52.59,80.74,68.08,5.93,6.15,4.94,Not Placed
14552,18,67.51,7.04,65.1,64.02,100.0,7.88,7.03,3.02,Not Placed
14553,18,66.35,5.69,61.77,74.83,90.07,6.55,6.02,4.58,Placed
14554,22,73.03,7.09,77.37,47.06,89.96,4.27,4.47,1.54,Placed
14555,23,66.25,6.9,89.74,72.13,99.4,7.54,5.32,5.68,Placed
14556,19,86.35,3.17,57.25,55.87,69.69,6.3,6.92,5.36,Placed
14557,19,68.6,2.24,100.0,89.11,100.0,7.17,8.6,3.47,Placed
14558,24,67.27,0.2,62.06,69.21,87.09,8.2,8.5,7.25,Placed
14559,24,73.28,3.07,77.41,78.61,87.91,6.01,7.26,4.34,Not Placed
14560,23,89.91,6.98,72.04,72.2,100.0,7.14,6.99,4.77,Placed
14561,21,80.58,2.31,72.69,96.9,97.89,6.27,7.76,1.38,Placed
14562,21,76.8,3.42,60.11,43.03,99.42,8.38,8.39,2.93,Placed
14563,18,60.8,2.8,88.01,66.18,80.21,7.29,6.94,3.2,Not Placed
14564,19,64.29,4.47,59.19,52.64,82.78,7.17,6.98,6.06,Placed
14565,25,62.66,6.11,45.47,35.21,73.94,5.71,7.04,6.43,Placed
14566,20,93.68,1.03,55.17,51.6,79.73,8.1,8.01,3.36,Not Placed
14567,23,84.37,1.37,93.68,86.75,93.16,8.25,5.16,4.84,Placed
14568,23,67.66,6.48,90.76,67.52,99.39,6.28,6.82,6.21,Not Placed
14569,20,71.23,5.12,41.89,64.48,90.04,7.38,7.28,3.82,Placed
14570,19,68.1,3.33,84.21,80.38,97.39,7.91,4.53,1.58,Placed
14571,23,67.37,6.87,42.27,69.85,100.0,9.86,7.9,5.92,Not Placed
14572,18,83.52,1.34,71.59,77.81,100.0,7.67,8.09,5.35,Placed
14573,21,74.55,5.48,53.88,73.17,83.98,7.2,4.46,5.08,Placed
14574,25,100.0,3.68,85.36,76.68,100.0,7.01,6.3,6.42,Placed
14575,23,93.0,4.89,80.32,60.81,93.89,7.08,6.34,6.58,Not Placed
14576,24,93.71,0.2,86.69,84.75,91.47,8.12,5.73,5.74,Placed
14577,18,86.06,3.33,67.57,48.61,69.0,6.14,5.9,2.16,Placed
14578,19,72.93,5.13,69.13,66.62,100.0,8.32,6.17,1.47,Placed
14579,20,85.17,3.69,49.51,85.55,83.93,5.35,7.53,5.2,Not Placed
14580,20,73.81,6.06,56.54,65.53,100.0,8.0,8.3,4.63,Placed
14581,19,97.56,6.0,86.23,61.11,100.0,8.33,7.46,4.78,Placed
14582,25,82.85,2.07,77.51,100.0,100.0,8.17,5.7,7.88,Not Placed
14583,19,81.15,5.28,73.57,90.7,100.0,7.52,7.75,6.34,Placed
14584,23,79.52,2.01,90.93,70.27,90.74,7.67,7.52,4.13,Placed
14585,22,98.88,3.9,52.5,52.47,86.27,6.72,3.28,3.03,Placed
14586,22,60.79,4.98,82.8,35.44,81.51,5.85,8.29,5.79,Placed
14587,19,100.0,2.3,54.31,79.34,88.19,7.5,6.96,5.42,Not Placed
14588,20,75.77,5.22,94.17,88.25,100.0,7.28,7.0,4.07,Placed
14589,22,61.13,2.89,80.17,74.33,99.55,8.31,4.71,0.5,Placed
14590,20,68.97,2.75,86.47,40.63,82.56,7.03,8.74,2.58,Not Placed
14591,23,58.19,5.07,61.48,70.57,85.56,7.39,7.2,6.19,Placed
14592,18,85.84,2.3,100.0,60.21,100.0,7.54,7.73,1.92,Not Placed
14593,18,65.54,2.2,100.0,70.59,100.0,7.89,5.21,5.66,Placed
14594,23,80.02,5.67,78.46,99.09,100.0,8.34,7.41,5.39,Placed
14595,22,91.61,4.0,89.63,80.63,100.0,6.06,7.44,2.52,Placed
14596,18,69.94,1.18,67.47,77.22,76.24,8.04,6.61,6.3,Placed
14597,25,74.78,5.34,52.97,67.27,84.5,6.98,5.25,4.34,Placed
14598,18,62.36,3.07,83.94,74.63,87.45,7.97,6.73,4.2,Placed
14599,25,73.34,1.27,58.21,56.43,83.34,8.97,5.65,2.2,Placed
14600,23,100.0,0.2,91.65,76.88,80.6,4.67,5.96,7.1,Not Placed
14601,25,87.34,5.43,87.72,64.91,100.0,8.66,8.19,2.12,Placed
14602,25,74.82,2.25,75.53,54.84,83.96,7.06,6.9,2.09,Placed
14603,20,70.66,1.56,74.69,81.04,78.72,6.17,6.7,4.78,Not Placed
14604,24,77.49,4.95,86.84,32.3,89.52,6.67,5.39,2.54,Placed
14605,19,79.56,5.25,76.12,59.29,89.34,5.96,6.75,8.64,Placed
14606,21,72.97,2.38,65.93,77.81,100.0,7.81,6.62,2.52,Placed
14607,19,84.36,5.44,49.28,87.59,81.04,5.96,5.62,6.09,Placed
14608,21,66.56,7.5,86.38,75.55,100.0,8.65,8.1,7.79,Placed
14609,24,66.5,6.22,77.5,57.25,100.0,8.03,8.04,5.93,Not Placed
14610,21,82.44,5.94,100.0,67.19,100.0,7.47,5.87,2.99,Placed
14611,18,63.98,4.37,70.56,72.66,81.35,4.76,7.27,5.19,Not Placed
14612,20,86.75,3.0,76.53,92.97,92.14,5.61,4.58,7.21,Placed
14613,24,77.83,3.7,76.88,82.73,100.0,7.1,7.18,1.5,Placed
14614,22,56.07,4.59,81.76,82.85,82.75,7.17,7.74,6.7,Placed
14615,22,79.31,1.54,57.5,69.05,83.52,8.33,5.45,5.48,Placed
14616,21,57.78,2.42,70.84,50.86,67.79,4.0,6.82,8.28,Placed
14617,20,86.32,1.23,84.41,45.5,,6.29,6.95,5.36,Placed
14618,22,75.02,4.22,67.01,63.18,99.89,8.2,10.0,4.8,Placed
14619,23,100.0,3.95,83.85,79.19,93.73,6.8,9.9,5.87,Placed
14620,25,90.86,2.63,73.45,59.97,87.58,6.64,7.19,2.02,Placed
14621,22,65.27,5.28,78.03,77.15,89.31,5.27,6.0,2.87,Not Placed
14622,25,53.75,1.92,89.27,55.29,82.28,8.47,7.09,4.64,Not Placed
14623,24,68.94,2.56,68.59,57.75,92.6,6.62,8.15,3.45,Placed
14624,18,63.34,5.2,50.22,90.53,98.22,8.51,4.79,3.28,Placed
14625,21,99.91,5.47,68.0,80.27,100.0,8.96,4.29,8.58,Not Placed
14626,21,77.88,2.37,59.62,63.1,100.0,8.78,5.42,8.09,Placed
14627,18,89.2,4.22,40.11,54.71,94.46,7.16,7.71,0.5,Not Placed
14628,19,74.58,2.4,70.4,83.18,92.75,6.62,7.78,4.58,Placed
14629,24,75.84,3.44,74.99,82.02,95.79,6.54,7.33,2.12,Not Placed
14630,20,77.61,4.06,87.31,78.23,100.0,9.56,8.13,6.8,Placed
14631,19,91.28,4.81,54.91,65.15,87.76,6.95,6.58,4.95,Placed
14632,20,81.74,4.37,73.33,50.49,85.73,8.46,6.47,7.43,Placed
14633,20,65.31,4.29,88.92,67.76,97.96,7.78,7.26,2.78,Placed
14634,19,97.47,1.86,63.38,90.52,87.85,6.71,8.85,2.6,Not Placed
14635,18,74.49,4.5,80.04,53.46,98.76,6.9,7.29,4.06,Placed
14636,24,72.53,4.79,95.97,68.76,100.0,8.62,6.69,3.31,Not Placed
14637,24,44.05,5.04,44.06,94.17,99.34,7.24,7.28,4.32,Not Placed
14638,21,85.61,2.5,76.09,63.13,83.01,6.66,8.51,6.87,Placed
14639,22,79.21,5.45,89.44,65.96,99.47,6.23,6.37,5.43,Placed
14640,25,79.2,1.43,66.74,46.39,71.35,7.58,6.26,3.91,Not Placed
14641,24,73.17,3.02,92.8,77.97,89.73,6.58,6.23,4.61,Placed
14642,18,71.1,3.3,81.51,56.15,92.42,7.91,7.78,1.33,Placed
14643,25,73.57,1.53,98.54,43.13,99.39,10.0,5.86,0.59,Placed
14644,18,83.56,3.28,80.74,52.74,83.48,7.82,7.57,6.92,Placed
14645,18,85.67,4.2,99.79,71.34,100.0,9.36,5.03,2.98,Not Placed
14646,21,75.23,0.51,76.5,42.72,70.94,6.34,6.49,7.37,Placed
14647,23,89.39,3.09,51.48,45.83,86.86,8.02,6.73,3.89,Placed
14648,18,77.05,0.65,62.53,76.95,82.98,8.71,8.95,4.77,Placed
14649,20,71.95,7.47,87.28,66.84,100.0,8.86,7.96,6.16,Placed
14650,20,80.38,4.18,86.98,53.38,100.0,8.74,6.37,6.4,Placed
14651,21,61.69,4.03,67.34,62.86,82.46,7.22,6.18,3.47,Placed
14652,25,80.79,4.22,99.06,95.81,100.0,8.27,5.99,4.64,Placed
14653,20,59.49,4.89,66.69,88.51,89.72,5.98,5.45,4.46,Placed
14654,19,65.67,5.56,78.93,66.28,100.0,9.13,8.74,5.26,Placed
14655,18,53.78,0.99,78.51,81.06,72.81,6.06,5.89,4.89,Placed
14656,19,75.9,6.16,52.04,69.94,100.0,8.7,8.87,3.04,Placed
14657,19,97.32,6.04,70.34,39.61,100.0,8.45,6.92,4.8,Placed
14658,22,76.6,3.68,100.0,36.75,96.7,8.44,6.7,1.57,Placed
14659,21,85.72,3.59,58.17,53.45,91.58,9.68,6.92,4.51,Placed
14660,21,100.0,0.2,81.38,42.79,80.98,8.46,8.25,4.74,Placed
14661,24,82.85,1.56,54.68,72.35,96.72,5.61,5.77,2.54,Placed
14662,22,68.82,4.73,58.01,59.2,90.43,7.91,7.41,3.94,Placed
14663,19,70.47,5.96,50.79,74.81,91.65,4.93,6.75,3.47,Not Placed
14664,21,78.01,5.11,86.12,75.05,91.81,7.09,7.28,3.51,Placed
14665,20,70.41,3.66,58.93,79.04,83.51,6.69,6.55,6.02,Placed
14666,24,71.3,7.27,91.01,53.11,100.0,7.97,6.37,5.42,Placed
14667,20,89.82,5.61,64.03,76.25,91.4,6.21,7.43,6.42,Placed
14668,19,90.31,3.09,73.92,52.71,75.33,6.25,5.14,8.66,Not Placed
14669,23,58.24,7.73,78.17,79.38,100.0,7.8,8.47,6.69,Placed
14670,21,68.18,1.83,47.75,87.56,90.17,8.61,6.93,1.43,Placed
14671,18,72.43,1.15,75.05,79.57,92.65,7.2,6.14,3.19,Placed
14672,23,85.19,3.04,77.25,65.17,98.11,9.99,7.24,7.18,Placed
14673,19,91.72,2.43,89.1,77.07,95.66,6.79,5.97,3.71,Placed
14674,24,100.0,3.14,57.61,43.47,95.13,8.02,6.89,3.58,Placed
14675,24,72.41,5.24,59.74,39.86,84.66,7.61,6.9,5.17,Placed
14676,20,73.01,3.74,81.89,75.47,88.51,6.79,8.31,3.93,Not Placed
14677,22,85.06,3.79,93.19,88.92,100.0,8.77,7.13,7.92,Placed
14678,22,69.81,3.91,63.11,48.3,72.59,6.13,5.46,4.18,Placed
14679,23,76.31,0.2,53.47,68.24,62.56,4.71,7.5,9.32,Placed
14680,18,73.02,1.07,67.25,75.02,87.0,7.05,7.67,3.38,Not Placed
14681,20,46.54,3.11,56.8,58.17,77.16,6.89,4.87,3.19,Not Placed
14682,19,79.48,2.28,77.97,62.57,100.0,8.48,5.37,2.83,Placed
14683,23,75.81,3.38,55.8,77.81,84.28,5.7,9.21,2.93,Not Placed
14684,18,93.25,6.33,86.59,69.73,100.0,7.83,6.4,5.95,Placed
14685,22,78.07,3.67,75.19,69.8,100.0,7.68,6.43,1.81,Not Placed
14686,23,62.94,1.42,87.06,52.28,87.63,7.59,6.76,2.49,Not Placed
14687,25,74.9,2.37,35.65,67.5,91.35,8.45,6.03,5.54,Placed
14688,20,52.91,6.88,45.63,61.63,91.1,7.17,4.67,0.5,Placed
14689,18,63.47,6.56,91.39,62.49,100.0,7.26,5.45,1.55,Placed
14690,23,85.63,4.87,61.21,59.34,93.99,7.74,6.03,4.4,Placed
14691,18,75.03,0.99,50.0,67.56,68.51,7.08,6.2,5.32,Placed
14692,18,89.07,4.35,68.96,54.11,90.62,5.58,5.88,3.83,Not Placed
14693,25,54.4,4.49,75.64,68.19,89.69,6.71,5.01,5.37,Not Placed
14694,24,75.09,3.85,69.63,62.16,90.85,6.89,6.14,2.78,Placed
14695,23,72.29,2.77,79.02,53.09,76.66,6.53,8.14,7.53,Placed
14696,24,89.47,3.15,76.99,36.82,93.34,6.82,5.99,6.32,Placed
14697,18,86.07,2.65,76.2,83.16,100.0,7.42,6.58,2.87,Not Placed
14698,18,85.71,1.74,92.23,79.94,93.17,6.87,8.53,4.12,Not Placed
14699,20,96.5,6.26,71.79,55.12,100.0,8.22,5.98,0.57,Not Placed
14700,18,73.58,5.39,71.35,78.91,100.0,8.24,10.0,6.36,Placed
14701,25,94.02,3.29,84.04,51.6,83.78,4.35,7.87,1.94,Placed
14702,18,65.47,4.43,80.29,63.09,81.58,5.48,6.89,3.42,Not Placed
14703,22,65.03,4.5,58.46,59.52,80.09,4.31,6.5,3.91,Not Placed
14704,24,87.03,8.02,70.62,63.56,100.0,6.87,8.41,1.75,Placed
14705,23,59.94,5.37,78.57,78.34,100.0,6.8,5.97,2.83,Placed
14706,19,84.87,5.3,63.2,61.57,88.4,7.38,6.28,5.24,Placed
14707,21,79.22,3.87,63.91,62.57,100.0,8.21,8.73,3.5,Not Placed
14708,22,90.86,3.02,51.13,79.89,88.19,7.15,6.35,6.24,Not Placed
14709,24,77.29,6.29,28.76,68.99,86.36,6.48,6.24,5.98,Not Placed
14710,21,78.67,4.97,66.39,58.53,88.17,12.0,6.01,2.8,Not Placed
14711,20,84.11,2.31,73.91,71.85,88.41,6.61,4.48,3.59,Placed
14712,24,70.05,4.62,55.57,83.88,84.8,5.43,8.02,3.59,Not Placed
14713,25,69.53,5.31,92.67,84.89,100.0,8.35,6.75,3.69,Placed
14714,21,83.69,0.2,56.3,46.81,67.44,7.71,8.08,7.45,Placed
14715,18,77.65,2.14,85.69,47.61,78.2,8.94,6.6,4.88,Not Placed
14716,22,73.11,4.45,78.28,83.99,95.02,5.72,6.29,1.18,Placed
14717,25,77.01,0.34,100.0,63.4,88.98,5.26,6.0,3.19,Not Placed
14718,25,97.13,0.62,80.1,32.8,78.8,6.08,7.62,3.58,Placed
14719,21,72.68,3.31,50.31,56.32,82.52,7.68,5.83,5.35,Placed
14720,19,72.34,4.68,87.82,60.98,100.0,8.23,7.26,8.1,Placed
14721,22,57.51,4.77,97.46,63.0,80.17,7.54,6.85,6.07,Placed
14722,24,77.49,6.65,45.42,80.24,100.0,7.37,5.55,4.3,Placed
14723,25,85.88,3.95,81.59,53.13,92.19,8.23,6.26,2.8,Placed
14724,18,88.03,3.13,84.9,82.97,96.36,6.65,6.81,7.34,Placed
14725,20,79.3,1.45,68.81,72.56,87.19,8.47,6.43,3.91,Not Placed
14726,21,89.47,3.11,35.67,47.42,90.75,9.58,9.07,1.66,Not Placed
14727,18,86.77,5.07,67.56,62.89,93.57,5.92,7.08,5.22,Placed
14728,25,91.36,5.15,63.28,75.91,100.0,6.9,6.56,2.03,Placed
14729,18,89.81,4.28,94.95,68.63,88.94,5.53,6.36,5.82,Placed
14730,23,96.84,4.78,70.67,74.06,88.15,6.04,6.52,3.71,Placed
14731,25,75.96,6.1,65.82,58.6,100.0,7.67,6.07,3.89,Placed
14732,23,62.08,3.94,63.2,76.88,83.94,5.18,5.81,0.5,Placed
14733,24,85.96,6.26,76.89,61.62,88.67,6.26,7.52,6.66,Not Placed
14734,20,87.37,2.49,72.85,100.0,98.08,8.46,8.65,2.14,Placed
14735,24,96.84,3.67,60.15,46.89,92.32,7.47,6.26,3.06,Placed
14736,21,93.38,2.93,75.96,100.0,100.0,8.12,7.32,4.88,Not Placed
14737,18,100.0,5.23,63.64,52.78,90.72,5.65,6.0,4.21,Not Placed
14738,20,85.44,1.97,33.12,88.34,100.0,7.28,6.92,9.09,Placed
14739,20,80.75,3.22,82.02,81.24,100.0,9.46,5.23,1.05,Placed
14740,22,61.38,0.45,80.6,53.45,73.96,6.41,5.78,3.73,Placed
14741,20,81.7,4.87,75.0,77.59,84.31,6.61,5.73,6.07,Placed
14742,21,71.37,6.04,65.36,60.07,100.0,7.9,6.63,3.61,Placed
14743,21,80.54,5.44,70.92,72.4,94.7,6.12,5.4,4.49,Placed
14744,20,78.65,5.26,84.29,70.37,100.0,8.06,4.11,9.67,Placed
14745,23,83.66,5.31,62.52,62.41,79.56,5.04,5.16,4.63,Placed
14746,20,76.83,5.06,84.89,61.08,74.77,4.29,6.59,7.3,Not Placed
14747,24,89.22,4.91,49.88,73.45,100.0,7.58,5.85,5.8,Placed
14748,20,45.32,5.02,74.52,53.54,82.37,6.02,6.11,5.97,Placed
14749,24,80.28,2.62,72.39,54.14,93.58,6.52,7.12,4.1,Placed
14750,20,92.43,3.44,87.04,83.28,99.93,,5.81,1.24,Placed
14751,18,100.0,3.93,58.22,74.85,90.2,7.95,6.7,6.68,Placed
14752,19,86.78,3.2,59.85,47.09,74.55,5.73,9.36,5.61,Placed
14753,24,98.22,0.98,51.08,51.95,62.33,7.82,6.34,5.57,Placed
14754,24,80.03,1.58,63.5,33.82,71.11,6.84,6.55,4.2,Not Placed
14755,19,78.03,4.21,75.83,82.56,90.36,7.7,7.26,3.2,Not Placed
14756,22,84.35,5.43,45.03,79.02,94.79,7.18,5.82,7.15,Placed
14757,22,77.96,3.82,65.36,50.58,78.37,5.4,6.09,5.15,Not Placed
14758,19,68.61,8.78,81.16,78.39,100.0,6.34,6.69,0.84,Placed
14759,21,71.82,2.14,70.46,99.77,88.54,4.31,7.03,4.39,Placed
14760,23,64.65,4.6,73.13,43.37,88.01,7.42,5.68,3.89,Placed
14761,25,84.34,6.12,49.41,58.16,100.0,7.68,7.47,0.5,Placed
14762,24,78.14,5.72,70.5,43.02,100.0,6.35,8.66,3.0,Placed
14763,18,73.68,4.98,72.43,83.18,94.27,7.06,4.5,9.69,Placed
14764,19,71.2,,69.54,66.46,99.41,6.03,7.27,0.5,Placed
14765,21,84.06,3.9,74.29,61.63,100.0,8.71,6.69,2.19,Placed
14766,19,87.37,6.79,67.36,71.64,100.0,5.66,6.44,0.5,Placed
14767,22,64.43,6.11,65.16,59.09,85.8,6.83,7.19,1.33,Not Placed
14768,18,62.55,2.27,56.4,61.57,75.9,5.64,8.46,0.82,Placed
14769,18,89.45,4.38,86.62,72.4,95.72,7.48,7.11,2.13,Placed
14770,18,61.5,1.01,53.6,58.24,74.94,8.45,7.95,7.93,Placed
14771,20,84.57,6.54,74.37,60.5,87.52,4.71,6.75,6.31,Not Placed
14772,24,97.4,4.2,99.2,65.5,100.0,7.98,7.24,3.98,Placed
14773,19,97.43,6.23,88.52,69.46,100.0,9.16,6.15,7.85,Placed
14774,25,86.85,3.6,79.64,77.63,100.0,7.35,6.85,3.55,Placed
14775,20,86.51,0.46,75.75,77.33,86.68,6.39,6.47,2.59,Placed
14776,18,100.0,8.55,70.08,44.01,100.0,7.15,6.93,3.63,Placed
14777,20,49.99,4.04,58.48,90.53,100.0,6.55,4.81,1.33,Placed
14778,23,72.43,2.0,68.19,68.95,100.0,9.56,5.46,0.73,Placed
14779,18,88.18,5.86,80.62,62.69,97.59,8.2,8.23,5.82,Placed
14780,18,73.95,7.46,77.85,53.54,100.0,8.28,8.47,5.16,Placed
14781,24,92.88,3.44,83.83,99.83,100.0,9.79,4.72,1.93,Placed
14782,22,77.53,3.62,90.3,100.0,100.0,8.81,6.12,5.43,Placed
14783,20,79.58,4.23,69.62,97.86,97.28,7.05,5.9,5.51,Placed
14784,24,74.7,1.8,74.88,69.94,82.5,7.23,7.1,3.29,Not Placed
14785,24,71.73,2.56,43.51,73.51,89.26,10.0,6.7,2.59,Not Placed
14786,20,71.43,7.01,100.0,91.86,100.0,6.31,7.62,6.08,Placed
14787,22,81.25,3.56,65.79,64.15,83.62,6.99,5.18,5.4,Placed
14788,18,68.71,2.29,81.78,76.66,79.31,5.98,7.22,7.98,Not Placed
14789,20,89.44,2.99,65.78,71.64,89.64,5.02,6.4,5.37,Placed
14790,22,85.84,5.73,65.43,98.7,100.0,6.14,5.92,0.95,Placed
14791,19,91.19,0.24,68.44,90.98,89.88,6.17,7.33,1.44,Not Placed
14792,25,64.45,4.26,53.32,65.79,90.34,6.45,6.5,4.06,Placed
14793,25,57.61,8.23,34.8,92.4,100.0,7.93,6.68,6.12,Placed
14794,20,77.95,7.46,89.4,67.94,100.0,7.19,8.4,5.14,Not Placed
14795,21,100.0,4.83,80.19,59.27,100.0,8.41,6.89,3.27,Placed
14796,19,93.19,6.17,58.26,63.43,100.0,7.38,9.13,1.13,Placed
14797,22,71.35,6.15,78.78,70.36,92.56,7.41,4.0,7.44,Placed
14798,18,83.09,3.57,84.36,55.44,95.79,6.85,6.79,7.34,Placed
14799,21,86.73,5.46,61.6,59.72,100.0,9.54,5.47,1.69,Placed
14800,22,61.58,7.02,78.18,44.91,92.57,6.69,5.69,5.83,Placed
14801,22,94.44,1.53,87.1,54.84,90.11,8.3,6.01,5.01,Placed
14802,22,75.99,4.84,50.42,71.75,87.8,5.78,7.91,5.87,Not Placed
14803,19,76.91,4.45,80.0,84.67,92.51,6.91,6.31,7.54,Not Placed
14804,24,78.29,3.99,77.47,82.62,100.0,9.61,5.43,7.35,Placed
14805,23,91.73,3.83,100.0,74.88,100.0,8.02,7.59,5.51,Placed
14806,24,68.94,4.22,80.36,43.53,81.73,5.52,5.38,4.01,Not Placed
14807,21,57.52,4.37,65.84,54.22,95.02,5.96,8.81,3.9,Not Placed
14808,25,81.88,5.81,67.57,64.84,100.0,9.12,5.25,4.06,Placed
14809,21,53.48,4.66,100.0,83.41,100.0,7.31,6.46,9.96,Not Placed
14810,24,74.39,3.48,66.68,59.09,90.87,6.87,9.11,4.59,Not Placed
14811,19,92.24,2.29,80.79,48.48,90.98,6.27,6.41,6.06,Not Placed
14812,19,84.95,2.95,68.42,91.17,100.0,6.82,7.31,5.33,Placed
14813,22,90.51,4.27,88.22,56.24,100.0,8.9,6.67,2.52,Not Placed
14814,22,85.44,2.53,88.96,49.95,73.74,6.36,6.8,5.46,Placed
14815,23,100.0,5.5,71.66,71.64,92.53,6.48,5.82,3.18,Not Placed
14816,20,70.94,4.57,65.9,67.2,100.0,7.92,7.34,2.61,Placed
14817,24,82.78,5.86,65.54,60.0,95.6,5.95,8.39,5.69,Placed
14818,20,72.74,2.65,46.09,68.01,72.02,6.08,4.47,1.97,Not Placed
14819,22,89.48,2.3,73.51,53.18,96.27,7.21,5.69,6.26,Not Placed
14820,25,77.26,5.84,73.21,59.81,93.95,7.24,6.14,5.64,Not Placed
14821,22,98.63,4.03,59.76,67.42,86.32,6.23,5.74,7.03,Placed
14822,23,71.63,3.44,44.48,35.43,77.19,7.77,7.57,5.46,Placed
14823,25,94.89,5.06,75.09,83.28,100.0,7.46,6.07,2.59,Placed
14824,25,85.12,4.99,76.99,46.03,77.15,4.83,6.9,6.73,Placed
14825,21,77.61,1.54,77.92,52.98,96.91,8.14,8.59,6.83,Not Placed
14826,21,84.51,6.29,57.15,84.0,100.0,6.52,4.65,6.29,Placed
14827,19,81.14,3.06,77.95,77.11,100.0,8.17,7.18,5.97,Not Placed
14828,22,82.27,6.86,69.32,69.4,100.0,9.7,6.65,1.54,Placed
14829,25,75.52,1.4,84.97,40.67,81.64,7.12,6.66,6.21,Placed
14830,21,69.58,4.37,57.38,58.31,90.67,6.43,5.71,2.0,Placed
14831,20,73.98,3.47,89.25,64.54,100.0,8.85,6.34,3.26,Placed
14832,18,57.8,0.24,94.65,65.7,75.34,6.19,6.79,2.84,Placed
14833,21,88.1,4.98,73.74,86.26,100.0,9.47,6.58,1.36,Placed
14834,19,63.18,0.34,78.06,99.91,88.58,6.64,7.64,4.85,Placed
14835,25,75.39,3.27,83.76,77.84,100.0,6.45,5.49,4.44,Placed
14836,22,85.78,5.79,56.61,59.45,100.0,10.0,5.12,7.16,Placed
14837,19,88.07,2.85,64.71,87.43,97.95,7.64,4.39,6.91,Placed
14838,18,56.7,2.17,74.76,58.57,97.22,9.15,6.97,4.85,Placed
14839,24,76.9,5.24,100.0,26.02,94.9,7.17,7.71,6.08,Placed
14840,25,83.52,3.35,54.06,48.01,85.9,7.08,5.39,4.29,Placed
14841,24,78.62,3.07,96.57,30.05,67.15,4.0,5.28,4.28,Not Placed
14842,18,94.13,6.09,69.1,61.86,100.0,8.41,9.07,4.75,Placed
14843,18,68.14,1.7,71.48,65.15,91.67,7.66,8.33,4.2,Placed
14844,19,53.41,2.97,90.27,42.52,86.54,7.07,8.4,4.92,Placed
14845,24,87.72,5.36,100.0,54.33,100.0,7.91,7.22,5.83,Placed
14846,24,71.55,1.58,78.34,45.18,85.37,7.25,7.65,2.06,Not Placed
14847,24,56.9,7.0,89.47,65.97,100.0,6.07,6.46,3.68,Placed
14848,18,76.1,3.41,58.2,54.34,85.06,7.64,5.09,6.05,Placed
14849,19,92.77,5.37,64.06,84.16,100.0,6.97,5.15,3.39,Placed
14850,25,62.84,5.37,51.71,70.71,96.82,8.09,6.8,3.43,Not Placed
14851,25,100.0,3.53,64.27,93.68,100.0,6.86,7.91,6.53,Not Placed
14852,23,67.95,2.94,80.48,60.72,81.65,6.64,6.6,3.02,Placed
14853,18,79.04,3.72,75.18,100.0,96.96,6.55,7.53,5.37,Placed
14854,18,63.37,5.08,97.91,68.04,92.0,6.14,6.69,4.8,Not Placed
14855,18,78.5,2.02,100.0,59.54,78.65,6.57,7.17,6.28,Placed
14856,23,76.4,1.63,69.95,100.0,99.81,7.72,7.73,4.37,Placed
14857,24,60.13,6.47,61.8,38.74,81.48,6.3,8.4,2.92,Placed
14858,23,100.0,2.48,89.4,59.16,83.66,5.79,7.14,3.2,Placed
14859,20,72.06,4.44,90.96,41.36,100.0,8.15,9.13,7.81,Placed
14860,24,72.07,3.44,78.62,38.59,92.71,7.03,6.52,3.43,Placed
14861,18,89.63,3.52,82.58,34.93,100.0,8.12,8.39,3.3,Placed
14862,24,99.77,6.37,80.24,77.87,100.0,6.94,7.5,3.58,Placed
14863,25,91.52,3.65,57.17,46.74,80.34,6.51,4.6,3.96,Not Placed
14864,23,63.59,3.16,53.72,63.92,81.61,5.11,8.5,3.68,Not Placed
14865,25,80.57,3.31,71.24,82.27,92.07,5.84,5.7,5.63,Not Placed
14866,22,55.42,2.89,68.99,75.41,81.32,6.15,6.5,4.7,Not Placed
14867,21,88.82,2.59,76.15,74.62,93.67,7.54,7.85,3.32,Placed
14868,20,58.38,2.9,70.03,87.42,94.05,7.07,5.91,5.95,Not Placed
14869,25,68.36,6.79,46.45,93.75,86.82,5.97,6.71,5.06,Placed
14870,23,77.96,5.08,40.32,47.97,76.21,4.0,7.59,7.15,Placed
14871,19,83.34,3.18,83.06,75.73,96.24,7.76,5.81,5.13,Placed
14872,25,74.87,5.57,62.06,63.64,100.0,8.25,6.52,4.24,Placed
14873,18,96.23,0.94,68.52,65.65,99.91,8.36,6.38,4.09,Not Placed
14874,22,86.68,6.28,63.63,43.82,95.48,6.04,7.96,4.79,Placed
14875,19,85.74,6.13,58.3,59.49,96.07,8.43,8.68,5.23,Placed
14876,23,63.25,7.83,57.9,61.24,89.24,7.88,5.48,4.5,Not Placed
14877,21,98.39,5.62,87.3,90.88,100.0,7.87,6.89,3.62,Placed
14878,21,68.36,4.59,68.41,49.52,80.53,6.47,6.17,5.75,Placed
14879,23,98.85,6.12,81.52,29.83,84.85,7.04,6.84,5.37,Placed
14880,24,100.0,2.67,83.54,67.9,100.0,9.4,8.92,4.54,Placed
14881,21,84.15,3.09,76.75,47.89,89.67,9.21,7.26,5.84,Placed
14882,25,90.38,3.68,84.03,65.77,92.95,7.14,6.12,4.35,Placed
14883,21,41.0,6.26,72.21,78.57,95.8,7.43,5.16,4.52,Placed
14884,19,75.66,2.26,92.46,66.4,85.11,4.57,8.0,5.76,Placed
14885,18,91.23,2.07,84.35,61.1,90.13,8.64,6.25,6.1,Placed
14886,19,89.09,4.23,86.35,65.5,97.98,8.09,5.87,5.81,Placed
14887,23,63.36,5.09,57.92,81.56,100.0,7.61,7.16,2.97,Placed
14888,22,74.48,2.53,75.95,49.53,81.46,6.48,7.49,5.25,Placed
14889,20,47.56,5.01,44.47,79.66,87.81,7.28,6.36,4.59,Placed
14890,21,82.96,6.26,93.02,51.93,100.0,8.96,5.66,5.28,Placed
14891,24,55.4,5.96,62.65,77.63,91.15,7.63,8.44,8.15,Placed
14892,22,91.57,4.44,64.73,43.31,100.0,10.0,7.62,4.08,Placed
14893,18,92.19,3.64,51.49,76.68,100.0,8.17,7.98,4.54,Placed
14894,18,72.31,6.92,71.46,66.37,99.46,6.1,6.37,3.37,Placed
14895,21,84.26,3.83,67.98,69.54,88.81,6.71,5.8,4.12,Placed
14896,21,75.39,5.49,99.34,83.34,94.93,6.35,6.16,3.15,Placed
14897,24,80.9,7.32,84.89,54.86,100.0,8.23,4.97,2.35,Placed
14898,22,64.23,5.3,64.28,67.6,100.0,8.58,6.4,0.59,Placed
14899,24,85.47,2.01,47.01,72.85,93.85,9.26,5.99,3.11,Not Placed
14900,22,58.31,1.57,37.74,63.22,73.91,6.8,6.71,3.25,Not Placed
14901,20,56.04,3.26,56.61,79.47,89.59,7.76,6.86,4.38,Not Placed
14902,23,76.54,5.08,52.03,73.28,98.5,8.74,6.91,3.42,Placed
14903,22,75.47,4.6,77.23,58.72,98.69,9.06,6.1,6.56,Placed
14904,23,81.27,7.77,69.83,88.17,97.95,5.72,5.37,4.95,Placed
14905,19,70.21,4.58,72.26,76.99,97.57,7.94,5.07,5.98,Placed
14906,23,100.0,3.21,57.77,54.52,83.89,5.77,7.03,6.47,Placed
14907,20,79.93,1.76,74.28,54.36,89.58,6.48,6.96,7.27,Not Placed
14908,24,80.79,5.92,50.69,64.49,80.28,5.63,5.13,6.45,Placed
14909,24,80.37,3.79,70.68,75.16,100.0,6.45,8.51,2.73,Not Placed
14910,22,90.03,1.09,84.45,32.58,79.45,5.46,7.8,6.22,Placed
14911,25,84.91,3.84,66.52,55.19,81.21,5.78,5.57,5.14,Placed
14912,22,83.3,2.01,78.65,58.76,77.44,6.11,7.12,7.19,Not Placed
14913,18,86.83,3.03,42.35,45.0,91.47,7.56,6.64,4.55,Not Placed
14914,22,56.1,3.81,41.14,51.65,68.31,7.24,7.12,6.79,Placed
14915,24,56.56,2.17,76.91,70.2,72.73,5.23,7.01,4.7,Placed
14916,18,77.09,2.92,87.71,60.18,96.37,10.0,7.61,4.78,Not Placed
14917,18,75.63,2.46,68.43,61.43,80.74,6.61,8.58,5.83,Placed
14918,20,84.96,2.51,100.0,45.94,83.65,5.6,7.16,3.87,Placed
14919,24,78.24,1.99,50.35,64.58,96.18,7.9,7.44,5.61,Placed
14920,22,84.98,2.93,61.8,43.93,85.38,7.19,8.56,1.46,Placed
14921,25,63.05,2.19,74.1,91.34,100.0,6.22,6.15,5.47,Not Placed
14922,24,77.87,4.86,78.97,95.89,100.0,7.67,5.68,1.96,Placed
14923,22,61.91,4.16,63.24,60.43,81.12,6.39,7.61,5.61,Not Placed
14924,23,82.64,5.95,56.11,50.04,89.54,6.85,5.33,0.5,Placed
14925,20,55.46,7.2,81.3,81.67,100.0,8.96,5.83,0.87,Placed
14926,18,82.18,5.02,74.0,77.48,100.0,7.35,8.61,4.61,Placed
14927,21,60.37,4.61,66.83,98.0,92.28,7.94,4.74,4.64,Placed
14928,22,73.4,5.13,79.48,100.0,100.0,6.57,7.16,3.99,Not Placed
14929,19,88.74,4.64,69.95,35.57,75.65,7.38,5.07,5.94,Placed
14930,19,80.73,3.89,69.9,86.54,100.0,6.28,7.29,6.37,Placed
14931,18,58.25,3.75,69.35,64.44,83.82,6.22,9.0,9.56,Not Placed
14932,23,69.93,1.96,59.68,76.79,80.98,6.71,5.58,4.59,Placed
14933,25,59.98,5.31,58.16,80.45,82.74,6.37,4.28,6.57,Not Placed
14934,24,57.66,3.74,64.11,79.77,94.2,8.45,7.23,2.84,Not Placed
14935,21,79.41,6.41,72.48,84.01,98.98,7.89,6.05,3.41,Placed
14936,22,84.72,5.45,43.93,59.04,83.15,4.45,6.58,2.86,Not Placed
14937,25,83.29,2.67,86.17,52.75,100.0,9.27,7.24,4.28,Not Placed
14938,22,85.23,6.04,72.28,86.99,100.0,7.97,7.48,4.95,Placed
14939,20,77.86,0.2,56.02,54.05,86.07,8.57,7.49,6.58,Placed
14940,20,74.72,7.27,96.25,97.78,100.0,6.99,6.77,5.19,Not Placed
14941,23,65.12,1.39,72.63,55.77,80.18,5.41,7.32,7.17,Placed
14942,21,72.72,4.69,51.97,61.91,79.82,5.61,6.57,7.21,Placed
14943,24,62.14,4.57,95.58,64.95,95.07,9.25,6.41,4.58,Placed
14944,24,67.86,5.82,92.32,43.34,92.78,5.25,6.78,4.29,Placed
14945,18,79.07,3.21,58.37,43.39,73.95,5.47,7.49,1.45,Not Placed
14946,23,76.59,0.2,67.16,82.59,83.06,6.68,6.02,3.41,Placed
14947,20,100.0,3.21,65.14,40.48,75.23,5.54,7.06,2.88,Not Placed
14948,22,61.85,3.41,43.66,100.0,100.0,7.84,6.25,2.97,Placed
14949,20,76.5,0.2,76.87,66.49,91.75,7.93,5.92,3.65,Not Placed
14950,20,60.92,3.88,84.68,51.53,81.39,7.7,8.06,5.55,Placed
14951,20,73.35,1.86,81.85,74.72,88.75,6.46,7.25,5.08,Not Placed
14952,18,73.83,4.97,72.49,28.61,93.18,7.55,7.26,6.48,Placed
14953,24,88.14,3.36,86.13,62.66,100.0,9.34,5.67,5.27,Placed
14954,19,72.6,7.33,54.97,64.71,92.59,5.48,6.5,3.32,Placed
14955,21,75.7,3.34,99.27,47.74,100.0,8.54,7.52,6.01,Placed
14956,19,72.84,4.57,60.42,57.89,94.7,8.17,7.25,1.76,Placed
14957,19,61.19,3.42,62.08,92.42,95.16,7.07,9.88,6.45,Placed
14958,20,70.17,0.88,63.37,70.93,90.41,7.4,7.06,2.97,Placed
14959,25,73.42,3.43,62.28,74.39,88.53,7.63,6.0,0.5,Placed
14960,25,78.89,5.16,69.11,55.41,82.97,6.03,6.28,5.59,Placed
14961,21,84.71,4.88,68.53,46.83,71.22,5.24,5.77,3.88,Placed
14962,22,75.18,3.27,73.94,64.14,100.0,8.29,6.02,6.85,Not Placed
14963,25,74.97,1.18,59.72,28.68,65.31,5.71,6.92,6.43,Placed
14964,19,57.35,4.96,74.5,50.45,91.75,5.89,6.24,2.53,Placed
14965,25,84.48,4.56,55.64,47.96,77.14,6.58,8.4,7.55,Placed
14966,18,69.65,5.32,82.99,35.38,100.0,7.54,7.86,0.73,Placed
14967,19,86.97,3.31,82.8,78.39,95.22,,7.84,5.43,Not Placed
14968,20,93.8,0.77,71.91,65.91,90.78,6.33,6.5,7.35,Not Placed
14969,18,75.75,4.76,62.25,58.09,97.61,8.34,7.9,2.47,Placed
14970,24,65.72,3.78,76.67,78.74,84.14,6.8,8.03,8.72,Not Placed
14971,24,77.8,6.31,58.69,41.69,97.06,6.24,8.72,4.82,Placed
14972,21,82.18,3.85,72.52,46.5,89.81,7.67,6.15,5.25,Placed
14973,24,74.21,3.72,69.72,85.88,87.56,7.27,6.81,6.85,Placed
14974,24,71.23,4.55,100.0,100.0,96.13,7.23,5.9,5.34,Placed
14975,24,84.76,2.73,53.59,78.95,100.0,7.73,9.97,1.85,Not Placed
14976,24,83.97,2.64,31.99,75.55,87.68,7.04,6.56,0.5,Placed
14977,22,73.84,3.62,62.44,58.69,96.82,8.21,8.33,2.55,Placed
14978,18,58.15,2.14,46.27,59.06,73.64,5.49,6.99,2.73,Placed
14979,25,83.48,3.39,61.1,71.64,100.0,8.69,7.86,2.6,Placed
14980,22,68.79,7.29,52.54,89.97,100.0,6.1,6.78,3.23,Placed
14981,25,80.57,5.68,58.43,74.82,100.0,5.24,7.91,0.5,Placed
14982,25,79.81,4.35,56.03,83.33,94.4,6.25,7.13,2.12,Placed
14983,19,55.33,6.59,86.44,53.34,99.97,6.78,8.85,5.59,Placed
14984,21,78.97,2.32,71.27,77.87,91.41,6.32,7.17,6.58,Placed
14985,19,84.17,8.28,88.13,57.26,100.0,6.04,5.93,3.04,Placed
14986,18,85.65,2.97,72.61,70.24,82.46,8.41,7.42,5.88,Not Placed
14987,25,79.41,7.41,85.93,77.85,100.0,6.16,6.81,0.5,Placed
14988,25,54.27,7.4,67.47,59.5,87.73,4.49,5.62,5.04,Placed
14989,25,93.32,0.64,95.92,51.73,99.26,6.78,7.26,6.87,Placed
14990,25,82.93,6.44,79.06,73.8,100.0,9.65,6.06,5.53,Placed
14991,23,63.56,3.29,60.3,65.84,89.45,5.92,6.52,4.45,Placed
14992,22,68.55,2.78,81.29,70.18,100.0,6.12,6.85,0.5,Placed
14993,25,80.77,4.74,72.41,78.51,91.74,6.72,4.37,8.28,Placed
14994,22,86.16,1.99,68.96,88.92,100.0,9.05,6.28,8.38,Placed
14995,23,72.14,4.7,73.44,78.61,100.0,6.77,7.91,5.9,Placed
14996,19,87.91,2.11,83.27,76.51,81.16,5.97,6.57,7.16,Placed
14997,23,56.49,4.12,40.24,59.99,68.89,7.64,4.52,4.5,Placed
14998,24,65.49,6.2,66.74,62.45,94.37,7.55,6.7,6.02,Not Placed
14999,23,53.23,4.5,82.24,75.27,100.0,7.78,7.38,6.18,Placed
15000,21,67.23,3.15,75.72,62.19,81.54,5.93,6.44,4.37,Placed
15001,19,96.1,4.77,55.1,75.21,98.04,6.52,6.48,2.85,Placed
15002,18,100.0,1.27,36.48,54.95,96.63,8.55,6.26,6.25,Placed
15003,23,80.82,2.29,97.51,98.87,100.0,7.69,7.54,8.26,Placed
15004,23,70.34,3.03,69.19,71.1,100.0,8.17,5.81,6.98,Placed
15005,24,75.34,5.22,94.71,70.05,100.0,7.14,7.46,5.18,Placed
15006,25,83.68,4.53,83.92,60.28,100.0,8.47,6.48,5.03,Placed
15007,21,59.24,4.76,60.1,98.61,100.0,7.55,8.3,5.14,Not Placed
15008,24,71.13,3.75,34.48,47.95,78.63,6.57,6.22,0.5,Placed
15009,23,95.22,2.38,65.07,56.75,90.72,8.09,5.47,4.29,Placed
15010,20,65.45,6.48,71.44,81.66,99.46,6.15,7.54,4.07,Placed
15011,24,69.01,2.54,78.76,71.83,100.0,9.05,7.39,2.09,Not Placed
15012,18,78.16,4.55,55.34,58.77,100.0,8.41,7.29,6.61,Not Placed
15013,22,81.4,3.6,74.67,59.23,100.0,6.85,7.82,5.06,Not Placed
15014,25,70.5,4.81,74.66,63.35,90.55,6.98,5.6,0.5,Placed
15015,23,78.92,2.71,86.79,69.63,93.24,7.36,5.85,4.97,Placed
15016,25,85.3,5.69,67.4,92.86,100.0,6.99,8.38,7.05,Not Placed
15017,18,100.0,6.28,78.64,77.68,100.0,8.78,7.32,3.31,Placed
15018,22,76.49,5.58,76.33,84.37,93.63,6.55,6.25,2.45,Not Placed
15019,24,77.5,4.08,85.13,61.05,93.11,5.4,4.68,1.92,Placed
15020,23,96.33,3.02,59.7,76.25,86.15,6.89,5.31,4.7,Not Placed
15021,25,71.41,8.88,25.94,43.12,96.31,8.1,5.65,3.05,Placed
15022,21,62.11,2.02,68.45,70.91,100.0,8.42,6.13,1.56,Placed
15023,23,,5.39,68.54,69.89,100.0,7.34,7.17,7.74,Not Placed
15024,21,90.91,4.4,54.64,97.14,100.0,6.44,5.16,4.91,Placed
15025,24,82.33,3.69,49.38,92.92,100.0,7.15,6.17,3.45,Not Placed
15026,18,76.84,4.13,63.38,63.86,83.17,6.41,5.28,7.85,Placed
15027,20,60.62,2.88,70.28,54.93,73.85,4.43,6.29,5.05,Not Placed
15028,18,77.3,4.57,73.43,55.36,91.03,6.18,9.66,4.23,Placed
15029,23,92.8,4.37,37.72,63.29,99.61,7.81,8.23,4.94,Placed
15030,19,63.19,8.62,45.7,88.83,96.92,6.88,7.49,3.44,Not Placed
15031,20,75.06,5.73,88.94,74.64,96.02,6.83,6.17,4.22,Placed
15032,24,73.35,4.73,69.16,76.29,100.0,8.53,5.51,5.67,Not Placed
15033,20,69.63,4.84,71.96,80.98,95.64,6.04,6.7,7.86,Placed
15034,19,80.98,7.11,52.0,52.09,100.0,6.16,4.94,3.4,Placed
15035,18,83.32,2.05,71.93,56.66,81.7,7.6,7.58,5.76,Not Placed
15036,19,83.19,3.47,66.36,76.32,93.26,6.35,6.56,1.55,Not Placed
15037,25,66.28,0.37,62.72,55.54,73.31,6.34,6.77,5.51,Placed
15038,22,58.25,4.81,50.07,43.58,75.75,9.06,4.8,8.11,Not Placed
15039,25,81.15,5.33,58.97,50.68,81.2,5.91,6.86,4.55,Placed
15040,19,71.93,2.01,100.0,84.87,82.03,6.32,6.51,3.35,Placed
15041,20,100.0,6.38,66.76,62.01,100.0,7.73,5.65,3.44,Placed
15042,19,100.0,2.51,83.84,71.61,91.38,7.14,7.07,5.47,Not Placed
15043,21,100.0,3.18,69.05,51.48,92.46,5.55,6.32,4.62,Not Placed
15044,22,66.72,4.02,67.32,74.07,100.0,9.34,7.15,3.69,Placed
15045,24,84.83,6.67,62.46,63.69,95.35,6.25,7.54,5.81,Placed
15046,20,88.45,2.26,92.18,75.14,90.7,6.91,5.5,2.74,Placed
15047,24,87.1,4.32,77.6,60.35,99.73,7.72,6.93,6.23,Not Placed
15048,23,73.75,5.19,60.16,76.07,100.0,9.79,6.91,3.87,Not Placed
15049,20,93.35,4.82,66.09,59.57,98.94,6.71,8.29,5.82,Placed
15050,25,78.01,4.89,88.14,66.71,100.0,6.1,7.81,6.18,Not Placed
15051,21,79.54,5.17,29.42,63.65,88.17,7.8,6.38,0.62,Placed
15052,19,59.55,2.8,76.66,68.42,94.65,9.71,6.29,4.36,Placed
15053,25,85.74,6.84,80.06,72.47,100.0,7.36,6.98,1.44,Placed
15054,25,74.88,3.6,60.75,60.08,97.62,6.86,5.45,1.04,Placed
15055,18,83.58,3.36,74.32,66.09,87.62,7.67,5.63,4.03,Placed
15056,25,80.82,6.23,79.53,70.98,86.98,4.71,6.24,5.11,Placed
15057,25,80.17,2.66,53.53,76.12,79.55,6.46,3.94,1.41,Not Placed
15058,24,77.45,4.38,84.63,66.78,88.65,5.01,5.61,5.04,Placed
15059,20,87.44,2.5,76.46,53.81,78.16,6.77,6.4,2.75,Placed
15060,23,75.61,8.33,69.71,69.38,100.0,6.58,10.0,4.64,Placed
15061,22,60.54,7.96,73.57,78.73,88.18,4.03,6.03,9.56,Not Placed
15062,22,84.83,3.6,82.61,46.67,88.74,7.42,7.59,3.87,Placed
15063,22,68.29,4.74,100.0,46.86,99.48,7.94,6.56,2.22,Not Placed
15064,23,62.11,3.81,81.15,57.4,89.87,6.97,7.33,4.46,Placed
15065,22,65.73,3.17,84.16,64.92,79.94,5.37,5.5,4.12,Placed
15066,23,81.4,4.02,74.9,32.85,100.0,8.72,4.95,3.81,Placed
15067,22,76.84,3.73,100.0,77.19,100.0,9.48,8.45,4.57,Placed
15068,18,52.41,1.06,50.01,65.08,75.85,7.68,5.2,4.13,Not Placed
15069,18,73.4,4.27,45.94,30.38,76.76,6.78,8.58,2.02,Placed
15070,25,92.03,3.72,74.3,50.19,95.15,6.79,6.35,6.15,Placed
15071,25,72.58,4.36,81.9,63.19,85.89,7.72,5.81,7.13,Placed
15072,22,76.01,3.66,33.38,39.64,78.64,7.31,6.18,3.76,Placed
15073,19,90.52,3.15,71.95,83.53,96.18,7.72,8.72,5.2,Placed
15074,24,87.55,5.37,69.29,70.99,93.08,7.74,5.96,0.5,Placed
15075,19,90.26,4.76,83.16,78.85,95.65,6.31,6.34,4.46,Placed
15076,21,44.73,6.31,78.43,51.54,81.29,6.21,7.97,8.35,Placed
15077,20,98.8,4.69,44.88,74.58,98.87,6.86,7.37,6.1,Not Placed
15078,18,85.64,3.44,55.8,57.43,87.13,7.76,9.29,4.81,Placed
15079,24,100.0,4.91,59.9,64.92,77.99,5.33,8.2,4.41,Not Placed
15080,22,68.61,0.23,83.08,73.65,69.49,6.93,5.96,3.9,Placed
15081,20,56.84,7.59,77.62,66.88,100.0,7.16,8.36,5.34,Placed
15082,22,78.09,4.29,62.69,80.93,93.58,6.62,4.49,6.56,Not Placed
15083,18,74.7,7.73,74.17,70.23,100.0,8.88,7.72,3.5,Placed
15084,21,85.84,2.24,56.13,60.59,86.22,8.68,6.01,6.0,Placed
15085,22,90.9,,100.0,81.49,100.0,7.7,7.51,2.88,Placed
15086,20,76.95,4.46,80.62,84.86,100.0,9.32,9.16,3.63,Not Placed
15087,24,75.11,4.45,83.79,69.4,87.43,8.25,4.8,2.28,Placed
15088,19,84.27,4.41,92.65,89.38,98.51,7.36,7.91,4.82,Not Placed
15089,19,74.92,4.13,87.24,64.23,93.71,6.63,7.81,4.67,Not Placed
15090,22,73.92,2.67,72.47,65.95,93.0,6.73,7.59,5.29,Placed
15091,25,90.45,1.13,69.23,68.07,80.61,7.66,5.62,5.12,Placed
15092,21,93.12,4.31,91.32,65.92,92.31,6.75,6.69,5.95,Placed
15093,18,91.01,1.49,72.4,63.03,80.58,5.38,5.64,8.67,Placed
15094,25,75.98,1.32,60.76,56.56,75.21,6.74,7.32,5.97,Placed
15095,21,52.32,3.11,100.0,52.09,95.23,8.43,5.23,0.55,Placed
15096,19,76.22,4.58,57.96,69.77,81.56,4.11,6.28,4.0,Placed
15097,22,68.9,7.38,45.98,87.17,100.0,8.88,7.56,4.43,Not Placed
15098,20,76.44,5.56,86.89,81.03,100.0,7.89,5.92,1.33,Placed
15099,25,69.95,6.38,61.03,74.21,90.26,6.92,6.32,6.16,Placed
15100,20,77.75,4.98,78.53,87.99,100.0,7.55,5.71,8.08,Placed
15101,22,65.53,4.46,99.26,68.31,100.0,8.35,7.11,2.77,Placed
15102,22,62.63,8.31,51.38,52.18,95.55,7.24,6.63,7.03,Placed
15103,19,92.67,1.42,71.39,62.41,79.25,8.34,5.92,6.65,Not Placed
15104,21,66.36,3.06,94.25,67.03,98.55,8.22,6.04,5.05,Placed
15105,18,78.0,3.2,82.23,59.8,90.92,7.41,6.99,6.16,Placed
15106,23,89.45,5.41,69.3,77.76,95.89,5.87,5.53,2.97,Not Placed
15107,24,88.97,2.04,100.0,82.97,89.01,7.08,6.75,6.8,Not Placed
15108,25,87.54,5.17,70.57,40.29,86.14,4.75,6.84,7.03,Placed
15109,20,81.63,4.84,77.95,65.67,100.0,7.73,6.99,5.45,Placed
15110,20,86.69,5.26,96.74,21.55,76.63,6.7,6.16,5.11,Placed
15111,22,94.48,5.23,86.71,66.53,98.91,6.46,7.53,2.91,Not Placed
15112,23,83.1,6.57,91.83,66.36,100.0,7.99,7.95,6.39,Placed
15113,25,55.95,3.71,58.51,96.42,91.57,5.68,7.58,4.53,Not Placed
15114,18,71.66,4.75,90.42,91.62,100.0,7.33,7.05,4.23,Placed
15115,19,86.36,2.47,74.54,82.92,90.48,6.79,5.09,6.39,Placed
15116,20,70.47,2.06,60.81,52.64,85.96,6.98,8.81,3.92,Placed
15117,20,97.44,6.98,75.33,51.72,100.0,7.54,6.87,3.09,Placed
15118,21,77.24,2.34,74.85,50.46,90.32,9.39,7.17,6.68,Not Placed
15119,24,79.02,4.95,100.0,92.43,100.0,7.68,5.95,1.48,Placed
15120,18,91.5,4.76,77.72,53.43,100.0,8.83,6.54,5.96,Placed
15121,24,75.81,5.91,60.29,61.83,100.0,8.87,8.22,2.04,Placed
15122,22,80.12,0.82,56.83,53.6,90.53,8.12,7.74,0.88,Placed
15123,22,88.79,5.4,71.29,47.87,89.22,4.99,6.43,5.81,Placed
15124,23,60.33,3.7,51.8,73.32,90.95,6.91,8.63,5.15,Placed
15125,18,74.58,2.72,61.27,70.45,94.58,5.89,5.59,3.24,Placed
15126,23,87.95,3.35,68.34,32.41,91.66,10.0,4.78,2.19,Placed
15127,19,78.79,5.67,65.67,47.17,81.7,6.0,4.49,5.18,Placed
15128,22,95.61,5.12,82.9,72.08,94.69,5.4,7.75,3.56,Placed
15129,23,59.09,3.57,60.93,66.84,88.8,4.0,5.96,6.08,Placed
15130,22,57.72,1.75,34.95,61.59,80.87,5.96,6.63,3.35,Placed
15131,20,87.24,1.88,46.71,77.69,86.16,7.35,8.11,3.65,Not Placed
15132,21,88.39,5.16,71.73,44.91,88.91,8.5,7.19,6.72,Placed
15133,21,75.68,1.5,63.2,58.48,75.42,5.92,5.38,2.44,Placed
15134,18,82.8,3.59,53.45,76.29,100.0,8.61,8.75,1.59,Placed
15135,23,86.94,8.63,100.0,57.61,100.0,7.12,6.45,2.63,Placed
15136,18,68.23,4.63,84.43,73.0,84.64,6.62,6.72,4.98,Placed
15137,21,69.52,5.14,71.12,49.66,82.37,7.41,5.94,8.32,Placed
15138,23,80.28,1.89,75.5,54.82,99.0,8.9,5.46,4.8,Not Placed
15139,18,88.85,1.59,68.02,39.48,86.82,7.26,7.08,2.76,Not Placed
15140,25,64.01,5.23,53.19,35.09,71.36,5.87,5.07,2.84,Placed
15141,21,75.62,3.29,87.46,60.38,100.0,7.71,6.7,5.32,Placed
15142,18,75.07,5.91,84.77,75.2,100.0,7.69,8.7,1.03,Placed
15143,23,83.02,4.06,42.34,66.16,100.0,6.97,7.7,0.74,Not Placed
15144,22,77.9,10.0,75.4,86.56,100.0,8.43,7.04,4.89,Placed
15145,23,71.45,2.95,77.05,61.72,70.49,4.45,5.48,6.27,Placed
15146,24,92.98,4.5,67.17,34.08,87.56,7.63,6.73,6.32,Not Placed
15147,21,71.53,2.37,100.0,73.51,100.0,8.14,5.84,5.19,Not Placed
15148,24,74.49,5.84,100.0,50.74,84.41,5.46,8.53,6.89,Not Placed
15149,20,58.9,4.77,66.34,70.01,84.86,5.42,6.23,4.12,Placed
15150,22,69.44,2.25,68.66,31.43,81.07,8.4,5.86,3.74,Placed
15151,19,84.19,3.41,66.9,63.6,100.0,8.61,6.54,4.4,Placed
15152,22,81.85,6.45,62.83,79.24,100.0,8.83,5.86,5.09,Placed
15153,20,85.19,6.23,58.19,77.29,92.36,6.37,7.08,12.0,Not Placed
15154,23,84.61,1.43,79.6,63.99,95.98,7.44,8.99,4.11,Not Placed
15155,24,100.0,3.14,100.0,67.18,98.61,7.6,6.81,4.86,Placed
15156,24,69.03,7.26,95.25,60.05,86.92,5.15,5.69,7.97,Not Placed
15157,25,58.57,3.68,83.84,63.23,100.0,7.39,6.61,5.61,Placed
15158,18,65.39,4.31,35.89,78.03,93.82,7.37,5.27,1.14,Not Placed
15159,19,69.56,5.83,44.03,56.0,100.0,8.09,10.0,7.94,Not Placed
15160,25,66.31,1.58,87.96,57.57,89.5,6.51,8.96,5.15,Not Placed
15161,21,79.12,2.29,96.29,42.73,97.45,8.7,8.3,0.5,Placed
15162,18,93.03,3.4,80.31,78.35,98.04,7.3,7.7,3.69,Placed
15163,20,96.48,6.15,67.42,62.88,100.0,9.25,6.6,3.06,Placed
15164,24,84.05,5.82,92.28,47.79,98.45,8.1,6.63,3.55,Placed
15165,20,100.0,5.28,83.3,81.16,100.0,7.53,6.54,4.43,Placed
15166,18,73.72,3.73,89.06,66.38,86.83,5.78,9.65,5.95,Placed
15167,23,58.41,6.01,44.15,55.25,84.21,5.62,6.57,7.03,Placed
15168,19,90.64,3.71,77.15,81.41,98.89,9.12,6.12,7.11,Placed
15169,20,55.94,5.02,98.62,61.66,100.0,8.25,6.67,7.71,Placed
15170,18,68.94,5.62,79.91,42.02,96.73,6.86,7.42,4.1,Placed
15171,22,84.24,7.03,86.22,82.46,100.0,6.7,3.0,0.5,Placed
15172,21,76.77,3.88,72.55,53.69,96.39,7.47,7.27,0.5,Not Placed
15173,24,75.71,3.33,73.59,100.0,92.76,5.59,3.75,6.05,Not Placed
15174,20,63.83,6.31,93.04,60.0,97.48,6.64,8.57,4.38,Not Placed
15175,19,77.87,6.45,61.95,34.88,82.6,7.94,4.73,7.49,Placed
15176,19,90.04,3.0,60.49,95.2,97.7,8.1,5.84,5.43,Placed
15177,19,78.24,1.99,64.83,66.23,75.59,6.76,4.5,0.99,Not Placed
15178,21,68.04,6.17,72.35,71.22,100.0,9.12,8.96,3.29,Placed
15179,18,63.03,1.02,47.85,73.24,76.44,8.45,6.79,5.36,Placed
15180,21,68.28,0.93,82.97,45.36,84.97,6.28,9.47,2.27,Placed
15181,24,82.71,3.5,69.54,32.46,82.48,5.67,9.19,7.51,Not Placed
15182,24,82.12,3.98,84.81,98.39,100.0,7.91,8.3,3.62,Not Placed
15183,23,68.39,1.89,40.21,42.12,65.34,6.66,5.12,3.86,Not Placed
15184,25,51.47,4.2,84.86,93.34,93.17,6.43,7.0,1.29,Not Placed
15185,24,83.04,4.28,92.05,75.55,97.07,7.47,8.44,8.58,Placed
15186,23,67.23,2.94,78.58,69.93,88.76,8.06,7.27,4.11,Placed
15187,24,86.27,7.46,72.45,59.64,100.0,8.15,6.36,5.08,Placed
15188,18,68.93,4.57,84.98,100.0,100.0,7.27,7.22,2.95,Placed
15189,24,66.15,5.83,91.07,56.05,100.0,4.45,7.34,3.71,Placed
15190,20,79.84,1.18,79.84,56.5,99.62,8.35,5.03,5.12,Placed
15191,23,100.0,1.16,80.96,77.9,100.0,6.23,6.12,5.37,Not Placed
15192,25,86.99,4.63,96.85,56.37,99.9,7.57,7.58,5.65,Placed
15193,21,79.63,7.14,83.42,50.95,90.8,7.05,7.85,6.52,Not Placed
15194,18,82.31,1.98,60.0,66.22,97.61,9.89,7.09,5.89,Placed
15195,20,56.99,4.06,91.0,78.15,100.0,9.67,6.31,5.59,Placed
15196,21,64.53,1.58,70.14,97.22,91.09,6.65,6.57,3.18,Placed
15197,25,47.87,2.51,72.5,100.0,88.8,5.59,5.89,4.05,Not Placed
15198,25,98.76,4.15,73.6,38.5,91.72,5.68,6.68,2.04,Placed
15199,22,96.33,,86.53,83.84,93.03,7.53,7.82,3.5,Not Placed
15200,25,82.71,1.45,98.23,51.41,97.59,6.55,9.71,5.35,Placed
15201,21,79.62,1.41,72.37,52.21,81.6,5.87,5.35,5.3,Placed
15202,21,59.38,0.41,97.97,58.53,76.67,,8.32,5.83,Not Placed
15203,24,75.37,4.66,74.47,57.51,99.99,7.74,7.26,7.44,Placed
15204,23,99.51,4.88,93.03,50.05,98.17,7.11,4.88,1.87,Placed
15205,22,79.58,4.87,74.98,29.96,88.03,6.62,6.68,0.77,Placed
15206,21,71.22,2.16,64.61,90.32,89.72,6.77,6.58,3.97,Placed
15207,23,56.9,5.61,100.0,81.55,96.2,7.01,6.8,7.45,Not Placed
15208,24,94.56,5.07,63.18,66.92,90.35,7.47,8.06,7.38,Placed
15209,21,77.16,3.81,62.18,51.7,100.0,7.54,9.17,4.9,Placed
15210,18,56.92,3.52,53.16,86.94,89.08,5.22,8.35,3.93,Placed
15211,18,66.91,2.63,91.01,66.17,93.02,7.4,7.06,5.02,Placed
15212,19,62.67,4.15,94.55,57.98,100.0,6.77,7.19,6.74,Placed
15213,21,76.42,6.71,77.6,40.88,83.35,5.98,9.29,2.94,Placed
15214,22,80.49,5.85,57.24,75.8,95.56,6.75,5.53,3.36,Placed
15215,24,71.96,3.34,71.9,61.83,92.33,8.59,8.29,4.69,Placed
15216,19,87.32,4.77,67.46,71.36,95.59,8.17,5.42,6.74,Placed
15217,24,78.95,1.82,56.54,69.88,82.63,7.32,4.97,6.17,Placed
15218,23,90.75,5.11,64.67,77.36,98.13,6.12,7.56,0.56,Placed
15219,18,73.71,2.3,79.59,70.67,68.0,5.57,4.81,6.18,Not Placed
15220,20,100.0,5.04,62.92,62.31,86.35,6.07,6.33,4.47,Not Placed
15221,20,71.23,9.14,76.38,76.07,100.0,7.21,8.45,5.77,Placed
15222,25,67.16,2.77,45.36,82.41,83.34,7.24,5.7,4.07,Placed
15223,25,65.68,9.06,97.19,91.94,100.0,6.42,8.96,5.5,Not Placed
15224,24,75.47,4.68,66.13,49.27,89.17,8.25,4.09,4.59,Not Placed
15225,22,57.37,2.45,85.05,84.99,96.18,7.66,8.05,3.41,Placed
15226,21,81.53,2.37,74.83,41.79,54.85,4.02,5.14,2.98,Not Placed
15227,20,55.14,8.06,78.04,83.43,100.0,7.33,6.57,4.12,Placed
15228,24,79.94,4.69,55.02,57.75,98.11,8.11,7.06,1.91,Placed
15229,18,61.78,2.78,60.59,80.66,89.26,7.44,6.46,3.61,Not Placed
15230,20,73.42,3.43,60.93,91.08,86.67,7.9,6.49,3.86,Placed
15231,19,85.25,4.58,72.38,70.87,99.08,6.88,5.06,6.57,Not Placed
15232,21,100.0,3.78,91.89,67.24,100.0,7.12,8.5,5.83,Placed
15233,20,65.06,4.42,78.5,66.43,100.0,7.15,5.32,8.53,Placed
15234,19,76.2,6.99,58.49,60.47,100.0,7.42,5.32,1.14,Placed
15235,21,69.31,1.77,73.31,85.99,82.79,6.51,6.68,3.99,Not Placed
15236,24,67.56,4.96,70.79,66.28,95.84,8.51,5.96,6.97,Placed
15237,22,69.42,3.67,66.74,33.2,88.71,8.91,7.81,5.05,Not Placed
15238,24,87.89,2.9,71.77,82.15,100.0,6.56,6.16,4.06,Placed
15239,25,72.14,5.73,83.46,81.31,98.31,5.8,6.8,2.64,Placed
15240,25,100.0,1.17,61.2,68.69,90.36,5.59,6.94,5.89,Placed
15241,20,82.99,0.2,66.81,55.39,84.46,7.69,7.97,4.87,Placed
15242,25,65.88,4.2,86.73,49.44,87.35,7.91,6.17,3.82,Placed
15243,25,73.6,3.55,79.03,55.43,79.75,7.69,4.79,6.52,Placed
15244,25,68.38,1.36,91.19,71.18,94.05,7.79,5.83,8.98,Not Placed
15245,20,87.6,0.72,93.54,38.5,89.64,6.52,8.16,2.72,Placed
15246,19,,7.28,51.59,74.79,95.78,4.81,7.22,5.67,Placed
15247,22,61.91,4.63,76.32,69.16,73.06,6.6,6.36,4.78,Placed
15248,25,70.9,3.84,64.38,88.6,100.0,9.18,6.87,5.8,Placed
15249,25,86.2,7.75,54.02,79.22,100.0,7.52,6.48,7.14,Placed
15250,22,92.8,5.64,60.16,56.43,87.55,7.71,7.75,7.34,Not Placed
15251,19,94.57,6.98,67.49,40.95,100.0,8.29,7.2,3.5,Placed
15252,21,84.36,1.68,67.58,54.86,78.48,6.19,6.47,1.18,Placed
15253,23,77.01,1.61,62.9,90.1,87.35,7.47,7.9,4.31,Not Placed
15254,22,87.54,4.91,71.8,72.71,99.52,7.81,8.21,4.32,Not Placed
15255,20,64.27,4.55,100.0,77.56,100.0,6.08,5.7,0.5,Not Placed
15256,20,55.86,6.05,46.12,57.93,93.22,7.64,5.72,6.53,Placed
15257,18,83.24,0.86,89.06,75.76,100.0,8.75,9.68,3.45,Placed
15258,20,65.93,5.07,71.72,43.68,100.0,6.72,7.55,4.4,Placed
15259,23,77.22,5.58,65.43,82.96,84.37,5.13,8.8,3.36,Not Placed
15260,19,79.44,5.49,41.73,49.51,85.88,7.41,7.87,4.08,Not Placed
15261,25,80.98,3.07,83.44,36.41,92.31,6.41,7.35,7.05,Placed
15262,18,89.25,4.73,50.39,100.0,99.89,7.42,4.24,4.67,Placed
15263,22,87.98,2.4,84.42,70.16,84.05,6.19,5.33,8.74,Placed
15264,21,80.34,3.27,98.12,69.72,97.77,7.27,7.58,5.76,Not Placed
15265,24,72.7,1.92,52.76,38.08,75.14,8.67,5.71,5.9,Placed
15266,25,79.29,2.43,89.53,77.96,100.0,7.17,6.62,4.09,Not Placed
15267,22,70.85,3.37,72.38,82.18,82.82,5.22,7.89,4.38,Placed
15268,23,75.64,2.92,40.59,64.81,100.0,7.65,6.96,6.56,Placed
15269,23,100.0,2.43,53.93,82.24,83.34,7.22,7.28,6.87,Placed
15270,22,80.19,1.46,74.67,86.73,100.0,7.46,8.47,5.03,Placed
15271,19,83.4,7.33,78.02,76.41,100.0,8.37,8.58,5.61,Placed
15272,21,69.53,2.9,48.29,33.34,67.8,6.57,6.73,4.22,Placed
15273,19,90.24,4.39,72.48,49.57,94.87,6.85,8.33,4.94,Placed
15274,21,87.12,0.63,84.35,94.99,95.6,5.96,5.65,4.67,Placed
15275,22,87.21,6.24,86.98,69.32,100.0,7.43,7.07,4.58,Placed
15276,19,80.58,4.1,65.81,69.39,81.07,7.4,7.48,6.5,Placed
15277,19,90.41,3.0,78.58,54.69,92.86,6.89,6.67,4.4,Placed
15278,24,93.26,3.02,88.09,57.8,89.42,8.1,6.53,3.24,Placed
15279,21,81.4,5.36,84.79,87.08,100.0,5.96,5.46,3.96,Not Placed
15280,19,76.62,0.2,85.37,91.98,100.0,7.35,6.76,3.93,Not Placed
15281,23,88.73,2.32,73.7,80.76,85.69,7.92,4.87,5.38,Not Placed
15282,23,67.15,3.59,70.58,76.83,77.44,6.55,6.64,3.38,Placed
15283,24,69.38,3.56,76.08,78.03,84.55,5.55,6.87,6.75,Not Placed
15284,24,77.36,8.31,60.54,66.87,96.27,5.17,7.69,3.96,Placed
15285,25,57.1,3.19,88.68,48.74,82.34,7.39,5.39,7.64,Placed
15286,22,87.93,5.58,49.04,45.28,100.0,9.23,7.21,4.55,Placed
15287,20,66.45,7.06,64.44,89.04,100.0,6.47,7.48,5.56,Placed
15288,24,72.34,5.01,71.46,67.47,97.3,7.74,6.77,6.49,Placed
15289,20,75.44,2.59,79.05,75.63,74.41,4.29,7.34,6.95,Not Placed
15290,20,78.47,1.49,81.86,71.37,83.86,7.65,7.12,5.75,Not Placed
15291,24,73.88,5.14,94.33,72.18,93.7,5.89,3.68,9.74,Placed
15292,25,77.19,6.76,73.17,73.52,100.0,6.73,5.69,4.51,Placed
15293,20,77.28,4.78,61.23,79.16,100.0,7.29,9.37,1.48,Placed
15294,23,72.64,6.02,69.82,55.72,81.17,5.21,7.59,4.43,Not Placed
15295,25,68.72,8.47,67.21,86.92,100.0,10.0,6.08,6.09,Placed
15296,24,90.98,5.31,79.8,56.2,100.0,6.47,7.24,5.41,Not Placed
15297,18,52.75,1.82,56.0,71.83,94.22,7.93,7.65,2.46,Placed
15298,23,75.53,3.89,69.37,49.07,100.0,8.99,8.65,3.82,Placed
15299,19,72.37,6.27,96.34,65.33,98.71,7.55,6.33,2.88,Not Placed
15300,24,83.03,3.35,74.7,57.44,94.32,5.73,6.08,3.17,Placed
15301,18,60.55,6.51,56.21,68.39,99.37,7.32,6.2,4.31,Placed
15302,25,72.0,3.68,66.9,79.77,76.95,4.99,6.11,5.43,Not Placed
15303,19,76.77,4.4,38.51,69.22,92.65,6.8,6.07,3.04,Not Placed
15304,21,90.84,3.17,71.12,99.37,100.0,9.21,7.02,3.23,Placed
15305,19,81.99,4.09,96.72,80.73,100.0,5.51,6.29,5.92,Placed
15306,24,63.8,4.18,54.2,64.34,92.86,6.21,6.73,2.79,Placed
15307,21,72.15,0.9,50.16,66.62,95.86,9.42,9.05,2.7,Placed
15308,23,88.63,3.01,62.2,74.04,81.7,6.99,5.65,8.9,Placed
15309,18,63.59,1.58,85.82,79.27,91.54,6.13,7.2,3.45,Not Placed
15310,21,77.06,3.07,97.57,48.26,98.08,7.67,5.44,0.85,Placed
15311,25,77.89,2.37,78.72,78.19,89.84,6.64,7.91,2.02,Placed
15312,25,73.37,5.62,52.71,48.67,78.68,4.0,8.14,0.51,Placed
15313,19,100.0,5.64,71.67,76.64,100.0,5.57,5.76,7.8,Placed
15314,21,73.05,4.81,98.84,85.6,100.0,9.67,5.96,4.36,Placed
15315,21,83.4,1.52,67.34,72.8,88.81,7.59,7.6,2.42,Not Placed
15316,22,68.8,3.62,74.11,30.79,73.01,8.96,6.47,5.62,Placed
15317,22,84.33,1.38,75.61,39.48,85.27,5.96,8.5,7.92,Placed
15318,18,88.45,3.53,48.81,77.0,100.0,7.13,5.36,4.16,Not Placed
15319,24,70.94,4.97,86.97,28.74,97.03,7.0,8.09,7.77,Not Placed
15320,19,77.34,5.59,84.81,77.76,100.0,6.54,9.49,3.83,Placed
15321,20,67.26,4.65,42.1,83.76,100.0,7.45,7.27,2.15,Placed
15322,24,64.27,6.07,52.04,86.16,83.31,5.86,6.04,8.12,Placed
15323,23,90.44,4.27,57.45,64.14,100.0,8.65,5.87,3.06,Placed
15324,21,71.35,3.38,83.23,75.02,94.26,7.76,6.61,3.37,Placed
15325,25,49.04,5.37,60.73,71.34,85.44,6.99,7.61,6.58,Placed
15326,21,99.18,5.43,78.02,44.43,95.37,7.36,5.01,4.57,Placed
15327,22,68.37,2.86,69.27,79.92,86.19,6.84,6.43,4.28,Not Placed
15328,19,75.04,4.48,73.07,90.25,99.17,5.13,6.96,3.99,Not Placed
15329,19,97.69,3.27,79.44,79.03,93.3,6.01,8.66,3.17,Placed
15330,21,76.3,0.2,76.09,59.96,100.0,6.98,9.03,4.86,Placed
15331,22,76.04,4.59,71.72,79.84,100.0,6.78,6.64,5.47,Placed
15332,24,63.26,1.47,76.91,88.76,90.08,7.98,5.47,4.05,Placed
15333,21,58.38,4.39,75.25,86.66,92.67,7.87,6.97,5.63,Not Placed
15334,25,76.0,1.04,68.85,84.43,83.81,6.53,7.01,5.32,Placed
15335,22,82.35,2.5,65.53,42.53,77.4,6.05,8.22,5.27,Not Placed
15336,18,81.67,3.02,100.0,74.37,100.0,8.11,6.27,3.93,Placed
15337,23,72.22,5.96,65.36,78.33,97.31,7.43,5.61,3.76,Not Placed
15338,22,78.24,2.84,92.5,84.62,90.37,6.45,6.79,5.24,Placed
15339,21,55.95,1.87,61.72,76.25,86.14,5.83,6.39,2.1,Placed
15340,21,83.52,4.46,84.15,92.83,100.0,6.39,6.36,10.3,Not Placed
15341,20,79.94,3.41,98.76,38.75,87.97,7.67,5.76,0.5,Not Placed
15342,22,100.0,5.22,66.94,76.93,100.0,9.22,5.29,3.38,Placed
15343,22,78.09,1.98,61.99,75.66,74.94,6.95,7.53,5.53,Placed
15344,21,66.69,4.18,65.56,82.44,86.83,6.2,7.12,5.96,Placed
15345,20,77.39,8.25,71.71,92.67,100.0,9.79,5.84,2.81,Placed
15346,21,74.07,3.37,76.83,53.79,97.54,6.75,7.78,3.2,Placed
15347,21,83.22,4.14,71.4,92.14,100.0,6.25,4.59,4.6,Placed
15348,21,78.32,0.81,65.7,81.04,78.82,6.71,6.31,1.78,Placed
15349,20,62.88,2.26,100.0,65.01,86.09,6.65,7.06,2.1,Placed
15350,22,58.37,4.63,68.99,53.46,90.36,8.72,8.13,6.25,Placed
15351,19,81.15,3.21,62.7,71.14,88.68,5.19,6.13,6.13,Placed
15352,22,94.6,4.91,84.46,72.57,100.0,7.91,8.15,4.52,Not Placed
15353,18,78.95,4.56,84.7,73.46,98.19,7.19,6.02,6.04,Not Placed
15354,21,87.76,1.43,93.19,57.97,94.79,6.53,7.79,4.69,Placed
15355,24,90.15,5.63,100.0,77.75,100.0,6.8,8.82,2.95,Placed
15356,24,81.2,1.56,77.19,61.51,88.48,6.9,5.6,2.18,Placed
15357,23,68.23,2.42,67.68,87.47,99.36,7.31,6.98,5.75,Placed
15358,23,80.34,4.21,43.47,95.36,100.0,6.66,7.45,3.15,Placed
15359,18,92.48,6.62,57.93,55.0,87.27,7.12,5.31,6.12,Placed
15360,20,84.36,1.99,75.13,68.96,98.17,6.27,7.32,3.89,Not Placed
15361,23,86.98,4.07,54.29,83.55,100.0,9.82,6.12,7.1,Placed
15362,24,72.45,4.08,48.22,72.41,85.34,8.41,5.79,2.59,Placed
15363,22,75.57,4.98,72.99,46.36,83.59,7.79,6.29,2.22,Placed
15364,24,76.58,5.93,83.65,81.84,100.0,6.67,6.2,4.91,Not Placed
15365,20,77.38,3.07,68.3,58.31,91.22,8.19,7.76,3.8,Placed
15366,19,92.02,5.62,85.45,71.21,100.0,7.56,6.8,4.8,Placed
15367,18,49.83,6.19,81.25,52.1,100.0,7.34,9.57,4.35,Placed
15368,22,78.37,7.01,89.24,80.71,100.0,6.56,6.16,3.47,Not Placed
15369,23,77.05,4.7,100.0,61.26,100.0,7.53,7.37,3.96,Placed
15370,20,61.54,4.08,100.0,82.41,100.0,9.22,6.62,0.5,Placed
15371,24,86.06,2.95,82.98,64.56,96.91,7.3,5.27,7.48,Not Placed
15372,23,69.31,1.17,65.1,60.3,89.33,6.88,8.71,3.22,Placed
15373,20,73.72,3.3,72.93,74.6,95.25,7.32,6.94,5.37,Placed
15374,19,100.0,4.0,95.6,50.81,100.0,7.25,5.86,0.5,Placed
15375,23,90.12,3.6,58.6,96.77,100.0,6.54,7.28,2.73,Placed
15376,23,84.89,4.88,93.71,70.97,100.0,6.31,8.04,5.0,Placed
15377,19,82.57,1.18,69.45,58.94,83.62,8.15,5.78,8.11,Placed
15378,20,76.02,3.47,75.41,61.61,100.0,8.65,6.86,5.38,Placed
15379,21,100.0,7.39,59.88,68.28,100.0,9.92,8.05,5.6,Placed
15380,22,87.63,5.59,52.14,83.93,100.0,7.75,7.0,3.5,Placed
15381,19,69.01,4.91,67.82,53.69,,7.34,7.47,4.46,Placed
15382,25,61.2,4.5,91.55,62.1,100.0,8.28,6.48,4.09,Not Placed
15383,21,84.8,3.14,61.47,67.21,86.15,6.11,4.91,5.09,Not Placed
15384,21,77.33,0.64,96.19,92.68,97.4,7.97,6.5,6.96,Placed
15385,18,60.85,4.62,63.41,83.99,100.0,8.45,6.13,3.78,Placed
15386,25,83.14,0.2,55.98,93.44,84.57,8.43,6.67,4.53,Not Placed
15387,19,74.77,3.21,75.8,68.5,93.31,9.2,6.14,3.69,Placed
15388,25,84.37,3.79,82.19,90.92,100.0,6.48,7.0,3.96,Placed
15389,21,83.3,3.0,74.82,88.28,95.18,6.61,6.38,6.75,Placed
15390,24,70.7,7.71,74.26,79.15,100.0,6.94,7.77,5.37,Not Placed
15391,19,85.59,7.08,96.04,80.43,100.0,5.86,7.54,5.12,Placed
15392,19,72.03,5.66,73.42,58.49,100.0,7.85,5.69,4.23,Not Placed
15393,24,72.81,2.13,64.94,97.25,82.88,8.01,8.31,2.75,Not Placed
15394,24,71.61,7.26,55.01,64.08,100.0,7.87,5.93,5.87,Not Placed
15395,22,91.57,4.91,91.1,76.96,100.0,7.38,5.45,6.16,Placed
15396,18,74.63,2.1,65.61,78.83,100.0,8.41,8.07,6.24,Placed
15397,25,94.47,3.86,67.08,46.06,100.0,7.89,6.09,4.45,Not Placed
15398,21,99.4,5.53,87.78,67.18,96.1,6.48,6.92,2.93,Placed
15399,25,69.14,2.72,100.0,71.25,90.38,4.0,5.25,5.76,Placed
15400,24,42.95,4.05,75.77,66.19,89.86,6.8,6.36,6.64,Not Placed
15401,24,90.53,4.37,69.95,67.37,100.0,7.25,6.66,6.16,Placed
15402,23,73.9,1.82,71.92,91.88,95.79,7.26,6.33,2.92,Placed
15403,23,67.61,3.31,65.17,54.77,83.6,6.98,6.18,5.24,Placed
15404,22,70.94,1.95,66.66,47.7,76.13,6.56,6.85,0.59,Not Placed
15405,18,73.02,5.36,66.74,58.62,84.73,6.18,7.99,7.16,Placed
15406,21,93.57,2.17,85.66,79.91,91.67,5.96,5.67,4.83,Not Placed
15407,23,79.92,4.33,70.68,81.47,100.0,7.72,3.77,4.88,Placed
15408,24,93.4,1.3,92.39,77.7,100.0,8.51,8.29,7.58,Placed
15409,22,83.93,1.76,70.26,82.59,80.14,5.7,6.01,3.31,Placed
15410,23,74.29,1.67,66.49,72.1,85.32,7.13,6.11,4.73,Not Placed
15411,18,73.32,3.28,91.17,59.71,99.39,8.15,6.15,2.78,Not Placed
15412,21,84.74,4.12,72.32,52.88,77.06,6.97,5.21,1.51,Placed
15413,22,87.85,4.46,70.1,47.81,100.0,8.06,6.33,5.06,Placed
15414,25,89.96,0.61,72.5,64.37,88.88,8.49,6.46,4.97,Placed
15415,20,74.86,3.5,94.0,80.61,100.0,7.67,7.32,0.5,Placed
15416,19,80.1,2.45,76.59,71.79,98.59,6.61,6.14,5.96,Not Placed
15417,20,85.01,4.76,90.74,68.37,98.42,8.78,3.87,4.42,Placed
15418,19,73.39,3.32,68.48,51.11,76.07,6.88,5.2,6.0,Placed
15419,22,64.38,3.65,88.34,100.0,87.36,,8.14,4.97,Not Placed
15420,23,68.32,2.46,75.57,54.79,84.47,7.82,5.79,6.59,Placed
15421,24,75.11,6.9,85.24,69.93,100.0,6.84,7.45,6.82,Placed
15422,25,85.95,1.49,86.5,84.05,79.16,6.93,5.94,4.9,Placed
15423,18,93.11,3.08,57.88,68.68,83.17,6.75,7.78,6.35,Not Placed
15424,19,61.73,3.99,73.08,55.09,87.22,6.98,6.92,6.26,Not Placed
15425,20,70.83,3.35,86.36,80.94,95.49,7.44,5.06,2.14,Placed
15426,19,73.71,2.42,88.75,46.57,73.73,4.83,5.39,2.73,Placed
15427,24,87.54,0.54,90.8,95.87,98.03,7.08,5.01,2.48,Not Placed
15428,19,71.66,2.56,73.57,72.52,95.48,5.08,7.89,5.83,Not Placed
15429,18,72.84,2.07,95.1,63.95,89.2,6.71,5.29,3.09,Placed
15430,24,61.06,6.82,62.14,45.34,97.6,7.61,6.36,0.5,Placed
15431,25,83.8,7.88,49.58,49.57,100.0,6.81,6.7,2.48,Not Placed
15432,19,76.06,3.71,67.84,67.17,83.21,8.04,7.07,3.73,Placed
15433,20,70.15,1.27,89.94,98.28,99.72,7.62,6.25,5.42,Placed
15434,22,74.89,5.13,55.71,71.73,69.94,4.61,4.91,7.09,Placed
15435,22,91.52,2.03,49.95,73.55,91.5,8.64,5.35,6.4,Not Placed
15436,25,65.94,2.81,46.19,74.18,92.52,7.5,5.54,4.86,Placed
15437,21,67.9,2.67,83.04,100.0,91.88,6.52,3.62,2.85,Not Placed
15438,18,93.03,2.9,50.29,60.94,97.34,6.64,7.32,0.5,Placed
15439,21,78.91,3.16,80.24,93.05,80.61,4.7,7.41,3.53,Placed
15440,22,86.04,1.44,67.08,61.62,87.91,7.46,5.51,3.93,Placed
15441,22,82.82,2.54,60.44,56.74,92.87,7.98,8.37,4.7,Placed
15442,22,77.58,5.64,57.02,66.73,72.61,6.38,6.67,6.29,Not Placed
15443,25,73.82,3.74,75.09,66.65,92.88,6.11,7.82,5.84,Placed
15444,24,87.98,4.03,60.69,76.99,77.93,7.37,7.73,4.69,Placed
15445,20,91.95,0.2,71.93,30.82,83.19,8.63,6.64,3.7,Placed
15446,20,91.01,5.51,78.02,70.37,100.0,8.51,4.36,1.45,Placed
15447,23,63.77,2.57,81.19,58.42,89.41,8.19,7.04,2.9,Placed
15448,21,93.66,5.82,86.01,56.42,100.0,9.62,7.43,2.57,Placed
15449,21,73.7,4.08,74.47,47.27,100.0,8.31,6.02,9.69,Placed
15450,19,68.94,2.79,56.25,62.16,83.35,8.59,6.99,8.49,Placed
15451,20,75.97,0.78,78.99,59.73,78.04,7.3,6.77,1.98,Not Placed
15452,23,87.97,7.71,81.84,61.17,100.0,6.78,5.66,5.29,Placed
15453,24,84.49,5.25,69.28,41.78,100.0,8.56,6.68,1.8,Not Placed
15454,24,74.94,5.35,67.68,69.57,100.0,6.02,6.19,4.95,Placed
15455,20,88.05,7.07,100.0,55.33,99.94,7.71,7.25,3.52,Placed
15456,19,79.68,4.2,52.6,41.84,63.62,6.47,6.09,4.22,Not Placed
15457,19,71.12,6.23,79.41,59.23,91.84,7.61,5.95,6.6,Placed
15458,21,69.5,2.94,87.69,55.61,86.5,7.52,4.83,5.24,Not Placed
15459,22,82.92,5.13,66.88,68.66,97.06,7.4,9.45,6.24,Placed
15460,25,77.01,2.67,69.47,59.02,82.19,7.18,6.26,5.51,Placed
15461,25,61.49,2.89,65.98,44.81,69.28,7.84,5.44,3.04,Not Placed
15462,18,88.17,3.97,72.0,53.79,100.0,8.03,7.52,1.88,Placed
15463,23,72.24,1.52,85.49,40.37,73.16,5.52,7.02,3.9,Not Placed
15464,20,97.11,4.39,69.03,86.19,89.73,7.15,7.46,3.9,Placed
15465,19,61.16,3.24,100.0,88.77,97.95,6.7,7.58,3.45,Placed
15466,22,75.83,0.22,65.21,90.7,90.51,7.43,8.12,3.09,Placed
15467,18,69.6,2.98,92.66,58.56,95.09,6.7,5.52,4.63,Placed
15468,20,66.29,3.18,80.16,88.75,97.66,8.73,6.98,7.14,Not Placed
15469,22,72.16,5.34,73.63,74.51,100.0,7.12,4.91,0.5,Placed
15470,20,99.25,4.31,94.06,54.85,100.0,8.38,6.43,2.01,Placed
15471,22,79.72,6.41,48.0,57.94,84.72,6.06,7.6,5.02,Not Placed
15472,21,68.5,4.74,78.38,65.25,100.0,6.86,5.73,0.79,Placed
15473,24,56.06,2.8,61.25,69.64,95.45,6.46,9.48,1.61,Not Placed
15474,19,57.34,3.69,65.46,73.81,96.0,7.67,6.82,8.73,Placed
15475,18,71.56,3.17,64.75,67.97,82.57,5.78,4.63,5.62,Not Placed
15476,22,70.4,4.68,57.54,62.42,78.37,5.15,7.65,9.84,Placed
15477,20,75.31,3.91,47.21,89.63,88.15,6.45,9.46,1.08,Not Placed
15478,23,50.73,2.67,77.83,66.18,90.15,7.87,4.12,8.67,Placed
15479,18,76.9,3.82,71.01,65.26,81.75,6.23,7.66,1.88,Not Placed
15480,22,90.33,4.63,67.49,64.52,94.22,7.52,5.61,6.29,Not Placed
15481,25,97.47,1.99,83.39,66.19,100.0,6.42,6.74,0.5,Placed
15482,18,55.27,4.37,78.78,46.2,68.52,5.1,5.23,5.08,Not Placed
15483,20,68.38,0.96,68.0,51.95,82.8,8.22,7.82,5.22,Placed
15484,24,67.75,5.79,100.0,100.0,100.0,7.98,6.42,3.6,Placed
15485,22,79.75,4.75,87.27,41.59,93.87,7.15,8.19,1.72,Not Placed
15486,19,63.36,6.73,100.0,72.35,98.71,7.25,5.56,3.94,Placed
15487,19,98.19,1.79,65.78,73.48,84.95,6.95,6.55,4.98,Not Placed
15488,24,78.52,5.84,75.75,84.2,100.0,5.96,4.02,2.2,Not Placed
15489,24,76.52,5.48,53.43,73.87,100.0,8.77,9.92,4.09,Placed
15490,20,97.11,3.47,67.04,98.25,100.0,7.08,9.1,4.37,Placed
15491,21,77.81,3.12,63.24,71.83,97.16,7.63,9.42,5.4,Placed
15492,24,82.8,1.85,100.0,89.57,99.73,6.6,8.64,1.32,Not Placed
15493,19,68.99,1.38,61.61,84.64,87.11,7.73,6.09,3.31,Not Placed
15494,19,61.55,2.45,68.49,92.67,89.77,8.57,6.75,4.85,Placed
15495,24,70.68,1.54,50.19,68.4,79.56,7.4,7.15,3.7,Not Placed
15496,19,100.0,6.67,80.01,74.37,100.0,7.63,7.25,2.3,Not Placed
15497,24,85.6,1.1,58.5,62.09,98.79,8.25,5.49,6.37,Placed
15498,21,81.29,4.07,85.78,70.56,100.0,8.05,5.43,6.44,Placed
15499,25,66.28,4.58,45.18,71.44,100.0,8.45,5.2,6.01,Placed
15500,18,88.94,4.44,70.18,34.76,97.74,7.59,6.29,3.77,Not Placed
15501,25,61.71,4.6,44.31,65.71,90.39,7.58,6.42,4.09,Placed
15502,19,59.2,5.5,64.64,82.24,80.92,7.49,6.26,7.0,Placed
15503,18,71.29,3.0,67.69,46.4,93.71,8.24,7.1,6.1,Placed
15504,23,100.0,3.96,63.01,52.22,95.89,6.68,5.14,7.03,Placed
15505,22,100.0,3.27,64.5,86.49,93.6,7.84,5.77,4.67,Not Placed
15506,24,72.59,6.14,86.57,89.49,100.0,9.96,5.89,5.72,Placed
15507,18,69.91,7.58,100.0,58.07,100.0,7.63,7.78,5.83,Not Placed
15508,18,58.32,1.65,77.09,70.78,77.05,5.76,7.04,7.39,Not Placed
15509,22,78.94,0.2,59.1,66.75,86.5,6.85,7.21,0.5,Not Placed
15510,25,79.94,4.82,72.96,86.83,100.0,7.94,5.68,4.75,Placed
15511,21,87.47,5.73,66.69,59.47,86.47,6.4,6.85,6.41,Placed
15512,24,88.93,7.32,85.34,61.94,100.0,6.03,5.87,6.85,Placed
15513,25,75.63,5.13,76.32,89.45,87.1,5.54,5.91,3.59,Placed
15514,24,84.67,6.31,48.33,51.95,95.86,6.95,7.24,5.28,Placed
15515,22,69.59,6.79,88.47,60.03,100.0,9.13,6.02,5.97,Placed
15516,23,84.44,6.44,86.5,70.13,96.61,6.56,6.67,7.01,Placed
15517,22,71.91,5.39,94.43,92.38,100.0,8.25,6.48,5.21,Placed
15518,23,83.51,1.49,64.25,48.9,64.48,6.87,5.39,5.01,Placed
15519,22,82.54,3.78,76.51,56.63,92.1,6.74,6.11,3.96,Not Placed
15520,22,78.83,4.34,54.23,77.48,96.02,7.82,6.13,6.74,Not Placed
15521,21,87.53,3.62,71.23,79.95,99.61,5.36,6.34,6.99,Placed
15522,23,59.16,3.73,77.95,71.38,100.0,9.2,4.64,6.59,Placed
15523,24,65.22,6.62,62.46,66.13,82.13,7.84,5.92,5.98,Placed
15524,25,74.76,2.44,77.14,70.07,93.45,8.46,7.89,4.99,Placed
15525,22,60.68,5.24,74.52,43.88,100.0,6.89,7.32,3.33,Placed
15526,18,73.12,4.37,65.25,69.62,95.55,7.8,6.32,3.02,Not Placed
15527,22,73.5,2.26,92.96,91.71,92.47,8.32,5.38,6.56,Placed
15528,20,93.72,1.86,68.48,46.88,82.06,7.09,6.92,6.77,Placed
15529,18,79.71,0.74,73.99,55.46,90.4,6.15,7.96,4.99,Placed
15530,18,90.35,4.67,50.0,61.65,84.04,6.07,8.62,4.99,Placed
15531,22,81.62,3.69,79.79,62.66,83.78,6.69,6.17,4.93,Placed
15532,25,71.57,2.31,64.85,97.46,90.93,7.47,5.53,6.9,Placed
15533,22,79.6,0.42,86.36,53.09,76.84,7.0,7.38,6.01,Not Placed
15534,21,86.75,4.58,52.33,49.89,92.9,6.61,7.23,3.64,Placed
15535,18,125.0,3.49,78.46,80.34,100.0,8.01,6.81,5.52,Placed
15536,23,76.41,2.52,39.27,57.65,82.05,6.65,6.04,1.33,Placed
15537,18,58.23,2.06,81.24,80.6,97.66,6.48,5.23,3.27,Not Placed
15538,24,57.39,3.37,69.38,64.85,88.62,8.33,7.61,1.0,Placed
15539,24,74.08,4.65,77.99,75.34,100.0,7.86,7.88,2.79,Placed
15540,25,49.95,3.21,63.0,42.91,78.74,5.73,6.37,2.97,Placed
15541,20,99.54,1.66,57.76,75.29,81.47,5.6,8.85,0.5,Placed
15542,19,85.16,3.7,65.48,71.48,97.38,5.87,7.08,6.84,Placed
15543,20,70.37,5.68,74.88,63.91,89.16,7.16,6.59,3.48,Not Placed
15544,24,64.68,3.87,80.65,48.28,81.84,8.61,5.38,3.85,Placed
15545,19,90.34,3.92,76.56,71.47,98.51,8.94,4.76,2.78,Placed
15546,25,64.64,3.21,57.95,79.58,86.13,8.1,6.19,5.63,Placed
15547,19,65.78,2.2,99.57,59.5,94.77,9.5,7.24,7.26,Not Placed
15548,18,68.81,2.14,76.99,59.82,81.42,7.44,9.6,5.55,Placed
15549,19,79.37,0.81,62.66,80.7,95.63,8.53,6.88,5.2,Not Placed
15550,24,85.45,5.93,78.36,95.36,100.0,6.51,7.51,0.55,Placed
15551,22,92.31,4.63,75.84,83.03,96.93,5.33,5.81,4.3,Placed
15552,20,90.54,3.95,69.37,71.67,99.79,6.83,7.05,5.79,Placed
15553,23,78.01,4.33,67.61,64.11,100.0,7.05,6.89,6.9,Placed
15554,23,90.25,4.41,86.77,67.56,100.0,10.0,5.67,5.71,Placed
15555,22,69.95,2.48,97.92,46.79,81.75,7.2,8.41,8.68,Placed
15556,22,56.15,3.21,41.46,65.53,82.56,5.98,6.64,3.04,Placed
15557,18,69.95,2.95,90.46,85.92,100.0,8.36,8.13,3.04,Not Placed
15558,20,68.32,8.32,72.3,68.63,100.0,6.29,6.81,5.27,Placed
15559,22,70.42,5.64,75.55,57.99,94.36,7.37,6.4,7.06,Placed
15560,19,66.49,4.1,92.27,56.51,92.56,8.25,5.86,7.38,Placed
15561,21,72.47,6.26,32.18,67.49,85.87,6.08,6.38,0.5,Not Placed
15562,18,85.44,6.03,84.22,48.25,100.0,9.02,8.56,4.72,Placed
15563,24,98.58,1.32,91.24,53.46,92.26,8.55,5.72,6.4,Not Placed
15564,18,57.3,3.4,61.67,92.53,99.07,7.62,7.6,6.35,Not Placed
15565,18,62.55,3.77,51.09,51.42,94.72,9.3,6.43,5.63,Placed
15566,23,68.5,4.9,96.6,55.18,89.27,6.74,7.51,4.33,Placed
15567,19,87.19,3.4,45.65,72.66,98.22,8.15,7.05,0.5,Placed
15568,20,75.54,3.62,78.28,60.93,83.16,7.53,5.2,8.61,Placed
15569,20,69.31,2.97,87.35,69.42,87.44,6.43,7.0,5.72,Not Placed
15570,19,86.6,5.69,77.95,81.81,100.0,6.47,9.4,2.74,Placed
15571,24,89.48,1.2,80.47,43.25,100.0,9.64,7.17,3.85,Not Placed
15572,23,77.77,3.03,68.02,80.07,99.05,8.47,7.91,5.02,Placed
15573,19,68.21,0.48,78.94,58.68,87.71,8.27,7.16,5.45,Not Placed
15574,23,81.24,1.95,61.37,63.42,78.36,6.45,7.75,1.72,Not Placed
15575,23,75.2,4.37,63.32,98.75,97.83,8.05,5.94,2.52,Placed
15576,22,75.11,4.41,72.53,45.56,84.3,6.76,6.65,5.5,Not Placed
15577,22,71.85,3.24,48.9,77.45,100.0,9.24,7.86,3.35,Placed
15578,25,89.1,5.82,80.66,86.05,100.0,8.66,6.38,0.94,Placed
15579,21,81.0,6.24,34.79,57.06,99.5,8.3,8.09,2.92,Placed
15580,21,90.43,3.68,77.44,57.32,99.37,8.18,5.6,4.48,Not Placed
15581,22,94.04,4.25,78.85,62.1,100.0,7.09,6.87,1.22,Placed
15582,24,83.51,2.99,60.08,56.97,82.15,7.78,6.49,7.77,Placed
15583,23,71.92,4.93,53.49,69.06,100.0,9.05,9.97,6.88,Placed
15584,18,90.48,1.65,65.88,82.28,86.46,7.76,6.33,6.33,Placed
15585,21,83.59,7.03,81.6,62.19,100.0,6.19,7.3,4.68,Not Placed
15586,23,100.0,5.85,77.19,82.86,100.0,8.71,4.41,2.03,Placed
15587,19,81.72,1.64,55.33,90.42,94.38,6.38,5.4,2.82,Placed
15588,25,86.37,2.38,73.59,74.9,79.12,7.16,7.17,7.15,Not Placed
15589,24,81.49,4.56,75.93,76.41,97.76,6.63,6.48,2.91,Placed
15590,24,76.81,3.19,75.29,58.5,69.08,4.07,6.51,4.43,Placed
15591,18,74.89,4.78,57.2,26.03,88.03,7.41,6.41,3.92,Placed
15592,22,81.53,3.15,74.34,77.37,100.0,9.81,6.58,4.19,Placed
15593,22,84.25,6.54,85.77,80.74,90.49,7.58,4.75,4.25,Placed
15594,23,91.85,3.81,80.05,71.88,,10.0,6.7,4.02,Not Placed
15595,24,81.71,8.16,78.17,82.56,100.0,7.02,6.54,3.6,Placed
15596,20,72.45,4.88,96.64,59.23,100.0,7.47,8.08,3.86,Placed
15597,22,74.08,1.37,74.52,76.3,93.86,7.07,7.8,4.08,Not Placed
15598,23,62.12,7.56,59.37,91.55,100.0,7.27,3.41,2.61,Placed
15599,24,97.93,5.78,59.42,78.65,100.0,7.64,5.92,1.7,Placed
15600,24,71.51,4.48,74.64,89.48,100.0,9.01,8.96,3.76,Placed
15601,20,89.61,4.96,50.44,89.59,91.68,6.19,7.89,2.75,Placed
15602,25,81.32,1.66,67.34,48.46,79.4,7.21,7.39,4.37,Placed
15603,18,81.64,0.55,78.96,79.51,86.09,7.94,6.2,2.37,Placed
15604,21,76.59,3.72,89.57,57.89,100.0,8.74,7.69,0.72,Not Placed
15605,22,68.55,6.28,48.84,50.28,65.74,4.61,4.98,7.41,Placed
15606,18,66.38,4.51,73.49,63.43,92.58,5.52,6.12,3.23,Placed
15607,21,98.74,6.88,70.98,96.07,100.0,7.25,7.21,0.5,Placed
15608,22,79.37,6.18,72.56,59.3,100.0,8.54,7.53,5.99,Placed
15609,22,91.5,3.84,74.12,39.87,82.77,6.62,7.06,3.52,Placed
15610,18,94.62,5.93,71.52,44.89,100.0,8.0,7.27,4.36,Placed
15611,20,73.07,6.54,92.88,75.65,100.0,9.57,7.0,4.73,Not Placed
15612,19,83.08,3.66,90.66,55.86,98.17,7.21,6.42,6.34,Placed
15613,23,78.54,3.42,100.0,35.31,83.52,6.93,8.41,4.93,Placed
15614,20,64.11,4.05,71.84,45.52,100.0,7.77,9.02,1.52,Not Placed
15615,22,75.77,0.2,65.84,70.67,89.76,7.42,6.74,1.92,Placed
15616,23,85.05,4.3,57.48,80.47,94.84,7.51,5.39,1.44,Placed
15617,24,72.01,5.1,64.21,60.87,94.63,6.98,6.52,3.32,Placed
15618,19,74.1,4.06,82.72,78.38,100.0,6.89,6.9,5.1,Not Placed
15619,25,75.92,4.42,85.03,82.64,89.12,5.99,4.15,2.69,Placed
15620,19,100.0,3.72,82.13,55.46,96.11,7.94,8.41,2.96,Placed
15621,18,55.99,0.21,62.03,66.06,70.56,5.95,6.03,2.88,Not Placed
15622,18,84.02,6.79,62.11,58.39,85.48,6.22,5.81,3.15,Placed
15623,19,74.96,3.14,100.0,76.62,92.8,5.76,6.39,5.68,Not Placed
15624,24,70.31,2.69,59.52,58.2,87.15,6.81,6.23,3.75,Placed
15625,19,74.67,6.24,93.25,48.59,99.04,7.23,6.87,6.55,Placed
15626,23,86.01,5.56,78.07,68.84,93.9,5.88,7.75,3.27,Placed
15627,21,86.69,4.29,61.01,85.77,100.0,6.88,8.33,4.4,Placed
15628,18,80.23,5.18,54.23,76.17,98.29,7.39,7.75,3.96,Placed
15629,21,91.11,1.72,61.67,84.11,77.87,5.32,5.67,4.92,Placed
15630,18,93.23,3.65,78.26,82.7,99.05,6.29,6.67,5.42,Not Placed
15631,21,87.8,6.13,58.36,68.67,100.0,9.37,6.93,4.41,Placed
15632,22,71.45,2.58,95.32,58.44,79.6,6.35,7.17,9.75,Placed
15633,22,83.93,2.0,68.88,54.08,98.05,8.05,7.39,7.42,Placed
15634,20,83.99,3.94,82.51,42.61,89.6,6.59,6.89,3.29,Placed
15635,24,68.21,3.98,81.3,87.03,99.25,7.44,6.7,7.08,Placed
15636,22,59.17,4.97,96.33,62.71,93.32,6.24,7.89,6.86,Placed
15637,20,53.73,1.32,65.43,40.72,61.51,4.92,6.64,1.81,Not Placed
15638,21,78.84,0.2,73.59,87.75,82.61,6.67,7.95,0.5,Placed
15639,18,81.58,5.46,50.98,69.51,100.0,7.73,7.78,4.87,Placed
15640,25,63.82,1.85,73.55,83.48,87.11,8.01,8.54,4.18,Placed
15641,24,90.55,2.7,89.1,63.82,100.0,7.37,7.06,0.5,Not Placed
15642,20,79.83,0.2,75.29,55.31,90.76,6.27,8.53,4.7,Not Placed
15643,23,94.19,5.64,100.0,75.13,,8.3,6.44,4.54,Placed
15644,23,82.45,4.43,79.8,76.46,100.0,6.33,7.21,3.23,Placed
15645,22,65.2,4.36,63.89,63.52,90.32,6.41,7.72,7.6,Placed
15646,18,83.5,4.35,78.84,89.02,100.0,6.02,5.59,4.0,Placed
15647,25,86.04,0.2,50.05,83.13,78.11,6.69,6.33,3.66,Not Placed
15648,25,71.43,2.03,60.02,77.04,82.25,6.85,6.0,4.45,Placed
15649,25,60.69,2.99,53.74,50.24,88.45,7.55,6.73,1.72,Not Placed
15650,25,79.2,2.45,72.24,47.99,67.21,5.58,6.16,2.62,Not Placed
15651,25,65.99,3.31,71.09,87.18,82.26,6.65,6.93,0.5,Not Placed
15652,23,91.45,4.24,90.08,32.99,87.83,6.24,6.71,5.22,Placed
15653,18,73.11,5.61,70.51,66.54,96.87,7.71,6.46,6.28,Not Placed
15654,21,98.7,1.14,56.96,70.35,89.96,7.56,6.98,5.01,Placed
15655,19,52.51,3.78,95.39,60.16,79.87,5.96,5.98,4.86,Placed
15656,19,79.62,5.08,27.83,67.43,95.78,7.79,5.77,4.27,Placed
15657,24,95.15,2.14,72.58,74.72,95.85,7.14,5.37,7.45,Not Placed
15658,24,67.32,3.45,75.26,58.6,91.32,8.15,4.65,4.13,Placed
15659,22,76.09,4.64,71.85,82.1,85.15,6.42,5.98,6.21,Not Placed
15660,23,73.16,3.82,79.5,77.32,100.0,7.91,7.45,6.01,Not Placed
15661,19,69.79,5.01,73.66,65.12,89.16,8.24,6.56,1.66,Placed
15662,19,80.94,3.97,79.49,54.78,83.23,7.28,6.81,5.73,Placed
15663,24,62.45,3.24,62.97,66.55,100.0,9.72,6.31,2.18,Not Placed
15664,21,76.67,1.69,50.11,100.0,90.01,7.79,9.12,3.29,Not Placed
15665,22,84.19,4.24,71.3,55.88,96.74,9.32,7.0,4.05,Placed
15666,21,75.42,3.98,56.6,92.49,100.0,10.0,6.12,6.92,Placed
15667,19,66.0,2.01,61.07,39.92,74.1,5.19,5.53,2.98,Not Placed
15668,24,90.36,4.85,89.42,54.23,100.0,8.58,8.86,5.08,Placed
15669,24,86.76,6.08,95.37,59.32,100.0,7.82,5.12,1.29,Placed
15670,23,65.51,2.61,89.14,83.19,92.66,7.49,5.85,4.04,Not Placed
15671,20,62.47,2.49,86.36,68.89,80.34,6.41,5.85,3.46,Placed
15672,23,66.58,2.42,72.9,88.96,78.18,6.13,6.76,6.94,Placed
15673,25,84.54,0.78,87.23,62.68,85.11,5.94,7.23,2.92,Not Placed
15674,23,81.31,7.41,77.33,67.14,100.0,9.87,6.88,1.29,Placed
15675,21,87.48,2.99,100.0,62.74,100.0,7.78,6.36,3.55,Placed
15676,20,74.09,2.25,58.23,100.0,91.39,5.57,5.12,3.19,Placed
15677,22,66.9,1.77,82.09,50.08,67.79,5.94,9.03,4.91,Placed
15678,20,89.03,3.1,53.04,59.87,84.5,4.77,7.12,7.06,Not Placed
15679,22,71.36,2.55,82.18,52.35,87.59,8.63,7.48,3.75,Not Placed
15680,18,80.24,6.39,46.21,77.17,88.95,7.25,5.99,5.16,Placed
15681,19,59.4,1.55,53.8,49.74,84.06,7.81,6.44,4.23,Not Placed
15682,24,71.16,1.03,52.76,97.15,95.28,7.2,8.21,5.43,Placed
15683,21,90.11,4.79,75.78,69.29,100.0,8.34,4.15,2.48,Not Placed
15684,21,69.4,3.61,77.32,74.6,89.33,6.72,7.72,4.38,Not Placed
15685,22,87.77,3.4,100.0,75.41,100.0,7.55,6.5,6.32,Placed
15686,21,50.03,4.81,70.63,67.68,100.0,7.53,7.3,2.91,Placed
15687,24,71.29,4.05,83.59,69.95,86.57,5.81,8.8,4.08,Placed
15688,19,75.94,3.72,74.41,69.36,100.0,6.33,6.23,4.29,Not Placed
15689,24,98.91,1.27,82.33,76.31,95.91,6.84,3.56,1.46,Placed
15690,19,63.97,0.8,74.15,54.84,77.49,7.59,5.49,5.87,Placed
15691,20,86.05,2.54,88.49,52.13,94.22,8.87,6.82,3.29,Placed
15692,22,90.68,1.85,56.21,81.14,71.56,7.34,8.78,4.34,Placed
15693,25,69.34,4.28,35.29,67.97,89.62,7.09,6.33,5.66,Not Placed
15694,19,73.52,0.56,78.26,35.9,73.74,7.57,8.66,5.86,Placed
15695,22,79.7,3.0,44.92,60.4,80.39,7.01,4.01,2.05,Not Placed
15696,18,60.22,3.49,91.68,92.48,97.97,7.17,6.2,5.26,Placed
15697,18,72.54,3.73,63.78,65.43,91.34,9.02,8.05,6.4,Not Placed
15698,24,93.31,4.52,56.43,59.5,98.54,6.93,7.93,3.12,Placed
15699,23,84.27,3.21,100.0,44.08,83.53,7.51,4.45,6.02,Not Placed
15700,21,76.12,2.6,71.72,58.91,71.09,6.43,5.79,5.26,Not Placed
15701,22,79.36,6.04,68.85,49.38,100.0,8.71,6.63,5.42,Placed
15702,21,84.97,3.22,83.22,74.87,86.91,6.11,6.0,6.16,Placed
15703,20,87.27,6.35,84.23,68.79,95.08,7.11,8.2,2.67,Placed
15704,21,71.32,3.21,89.09,62.18,90.19,8.38,6.82,2.55,Not Placed
15705,20,96.42,3.77,52.01,55.8,83.1,6.16,5.07,6.77,Placed
15706,24,93.8,3.55,80.04,92.42,100.0,8.24,7.35,3.83,Placed
15707,21,86.13,4.22,67.6,56.71,95.64,4.74,7.42,1.55,Not Placed
15708,20,67.88,3.04,58.18,56.77,85.22,5.89,5.42,4.14,Not Placed
15709,22,65.76,3.97,72.72,64.11,92.47,7.09,5.73,4.25,Not Placed
15710,24,74.08,6.56,44.83,66.35,100.0,10.0,5.95,4.96,Placed
15711,20,78.73,5.69,85.84,75.71,100.0,7.37,8.44,3.7,Not Placed
15712,25,56.78,5.7,67.64,82.89,99.53,7.4,6.69,7.95,Placed
15713,21,83.94,1.38,64.84,81.69,100.0,8.58,4.15,2.68,Placed
15714,23,93.45,1.68,69.93,100.0,99.05,,5.36,0.59,Not Placed
15715,25,84.92,4.19,69.49,40.91,75.59,4.0,7.66,1.54,Not Placed
15716,21,69.89,5.19,89.11,71.69,100.0,9.28,6.31,3.0,Not Placed
15717,19,68.47,2.87,55.56,59.67,82.07,7.93,5.33,5.42,Not Placed
15718,23,81.6,2.54,66.27,100.0,81.44,6.67,6.35,4.06,Placed
15719,18,76.16,6.31,68.75,70.81,100.0,7.27,7.98,5.16,Placed
15720,21,83.32,5.03,56.02,35.53,92.69,8.46,9.41,3.13,Placed
15721,25,85.22,5.7,74.39,74.95,100.0,7.04,6.73,5.29,Placed
15722,21,91.1,3.01,61.14,72.27,89.3,7.37,7.39,1.3,Placed
15723,23,64.41,2.86,50.94,80.12,89.94,9.64,6.68,4.78,Placed
15724,22,80.66,5.51,79.89,56.42,98.61,5.71,7.06,5.66,Placed
15725,19,73.64,3.33,95.21,73.25,93.83,7.82,5.69,2.62,Placed
15726,20,76.82,2.7,72.73,63.67,77.93,5.73,8.53,7.82,Placed
15727,22,88.37,2.16,70.45,57.26,100.0,9.08,6.25,0.71,Placed
15728,18,89.68,2.88,70.13,73.48,98.27,7.55,5.48,5.86,Not Placed
15729,21,94.78,5.38,64.26,70.44,100.0,6.38,5.88,6.13,Placed
15730,21,83.11,1.08,89.55,84.8,87.58,5.4,7.6,2.73,Placed
15731,24,76.68,4.93,73.41,68.43,92.09,6.78,5.96,5.09,Placed
15732,18,74.97,2.53,39.32,77.66,88.88,7.42,8.62,2.74,Placed
15733,24,57.18,3.42,89.98,48.68,88.52,8.59,7.57,5.04,Placed
15734,21,94.08,3.54,86.31,90.31,100.0,5.89,7.83,4.01,Placed
15735,23,74.14,3.4,81.02,55.56,83.33,6.21,6.3,4.46,Placed
15736,22,84.07,3.28,30.67,82.45,78.38,6.6,6.05,3.28,Placed
15737,20,86.15,3.0,71.96,72.21,79.12,6.27,6.84,3.3,Not Placed
15738,25,63.06,2.77,85.4,70.18,87.23,6.58,5.38,2.91,Placed
15739,19,66.92,6.18,77.69,80.17,100.0,6.07,7.37,5.74,Not Placed
15740,18,96.56,3.85,75.08,33.76,84.56,7.7,7.9,7.79,Placed
15741,24,81.49,3.57,85.43,58.82,77.87,6.62,5.97,9.01,Not Placed
15742,22,71.03,2.64,74.09,79.94,100.0,7.21,7.63,6.33,Placed
15743,25,76.48,3.07,90.05,98.75,100.0,7.57,7.11,4.45,Placed
15744,21,91.03,2.65,74.43,67.61,93.04,5.54,8.14,6.45,Placed
15745,18,89.21,5.18,73.23,29.0,100.0,7.91,8.77,5.16,Not Placed
15746,18,60.41,2.44,85.39,62.92,100.0,7.45,7.74,3.77,Placed
15747,21,97.61,0.2,66.02,67.04,82.86,7.45,6.73,8.4,Placed
15748,19,89.59,3.9,55.54,85.75,87.67,7.04,8.25,6.42,Not Placed
15749,25,76.17,3.3,72.06,68.77,78.76,6.88,6.86,2.98,Placed
15750,18,63.7,2.75,80.86,47.57,80.33,7.26,6.48,6.39,Placed
15751,25,90.65,5.44,85.88,83.42,100.0,7.31,6.07,5.62,Placed
15752,19,83.72,0.2,85.96,77.09,86.0,5.78,6.92,2.6,Placed
15753,18,60.51,6.64,70.97,56.81,100.0,9.09,8.01,4.62,Placed
15754,20,75.22,5.7,69.43,79.52,90.14,6.37,5.56,4.36,Placed
15755,19,100.0,2.67,63.12,59.25,100.0,7.28,5.31,0.5,Placed
15756,21,78.2,2.99,75.75,63.23,100.0,8.6,5.34,1.66,Placed
15757,20,69.1,4.71,47.38,59.52,86.46,6.79,8.03,6.66,Not Placed
15758,22,65.9,4.76,72.34,63.04,100.0,7.48,7.28,3.04,Placed
15759,22,99.27,2.66,100.0,82.51,90.98,4.57,8.57,5.66,Placed
15760,18,88.17,0.89,49.44,39.43,65.55,4.82,6.18,7.03,Placed
15761,18,94.89,7.6,74.35,85.67,100.0,7.17,5.33,0.5,Placed
15762,19,80.98,5.52,77.67,70.82,97.78,7.43,8.67,7.72,Placed
15763,19,93.05,4.08,79.6,61.76,95.53,8.53,5.92,4.15,Placed
15764,18,67.82,4.12,57.5,68.33,87.85,8.16,7.61,5.27,Not Placed
15765,20,79.95,4.92,79.73,53.46,70.2,5.29,5.2,8.37,Not Placed
15766,22,81.44,5.13,63.98,41.89,100.0,8.72,7.02,6.43,Placed
15767,20,94.59,0.2,50.59,53.91,64.01,5.77,6.6,4.14,Placed
15768,20,81.83,3.17,86.28,37.67,97.21,8.24,5.09,3.43,Placed
15769,21,70.49,2.98,81.97,46.36,75.24,6.66,9.07,3.6,Not Placed
15770,22,78.77,3.51,57.5,42.04,89.7,10.0,5.73,3.37,Placed
15771,20,57.88,5.19,63.84,87.58,89.08,6.49,5.68,7.02,Not Placed
15772,19,50.15,0.58,63.3,47.45,78.86,7.11,6.01,5.58,Not Placed
15773,21,87.98,1.37,47.35,67.34,83.0,7.39,4.19,4.92,Not Placed
15774,18,73.5,2.57,83.44,85.87,87.72,6.91,6.41,4.06,Placed
15775,21,74.86,4.08,84.0,81.6,91.61,6.0,6.02,5.96,Placed
15776,25,87.97,5.3,67.01,63.28,100.0,9.84,7.99,0.73,Placed
15777,21,94.76,6.74,71.58,63.35,100.0,6.47,7.18,8.23,Placed
15778,18,84.41,3.28,73.72,70.88,85.51,6.42,5.28,3.96,Placed
15779,23,100.0,5.29,75.67,100.0,100.0,7.07,6.02,2.6,Placed
15780,19,84.03,5.08,51.79,74.61,94.35,7.43,9.39,6.79,Placed
15781,19,81.63,4.78,79.33,78.69,100.0,6.38,5.71,6.75,Placed
15782,19,80.88,3.76,54.37,100.0,93.27,8.34,7.79,4.35,Placed
15783,25,62.57,3.08,82.22,72.45,88.26,7.38,5.98,7.15,Placed
15784,25,89.47,1.88,56.03,86.37,80.8,7.22,5.6,6.51,Placed
15785,22,48.65,1.76,52.5,75.64,77.95,7.87,6.15,5.26,Not Placed
15786,22,70.96,4.42,71.58,75.41,100.0,6.18,8.56,1.22,Placed
15787,23,78.28,3.7,71.24,52.59,83.52,6.5,5.04,4.75,Not Placed
15788,22,68.52,3.05,73.56,49.93,90.61,7.17,7.59,4.52,Placed
15789,22,72.58,5.0,58.61,59.8,100.0,8.32,8.26,4.0,Not Placed
15790,25,100.0,3.44,75.04,82.11,100.0,6.91,6.14,3.76,Placed
15791,23,91.25,2.16,76.45,81.35,100.0,6.82,8.0,6.0,Placed
15792,18,69.77,3.32,89.49,89.33,97.48,4.67,7.81,2.01,Placed
15793,21,72.37,5.28,74.78,67.82,86.62,6.37,5.83,6.89,Placed
15794,25,62.68,1.96,63.01,76.6,82.87,5.22,5.66,4.4,Placed
15795,21,86.46,4.18,51.79,76.67,100.0,5.52,6.62,2.82,Placed
15796,19,75.0,3.7,49.05,66.28,85.48,7.64,6.93,3.92,Placed
15797,24,54.4,2.43,76.84,62.86,90.93,10.0,6.36,4.9,Placed
15798,22,79.21,3.27,83.9,44.24,83.09,7.43,7.48,7.38,Placed
15799,22,83.27,0.97,58.65,65.56,73.1,7.6,5.87,5.92,Placed
15800,21,89.56,4.0,75.83,66.34,90.04,6.29,5.71,6.86,Placed
15801,18,77.12,1.34,69.39,86.15,76.45,5.94,6.8,4.37,Not Placed
15802,21,73.53,5.73,82.77,87.73,100.0,9.67,7.07,4.08,Placed
15803,21,100.0,3.63,84.99,70.33,98.25,6.23,8.37,8.21,Placed
15804,25,78.08,2.77,38.01,100.0,86.14,4.8,7.35,4.22,Placed
15805,20,86.63,5.89,87.48,71.04,100.0,7.49,7.65,3.4,Placed
15806,19,71.53,1.94,75.78,84.53,79.95,6.68,6.39,3.2,Placed
15807,21,86.28,2.45,64.03,66.4,99.81,7.92,6.39,5.09,Placed
15808,25,60.53,0.51,64.45,49.76,69.78,9.08,6.04,2.33,Placed
15809,21,72.46,6.16,72.48,61.2,100.0,7.64,7.02,4.87,Placed
15810,21,63.5,7.17,64.44,91.58,100.0,7.47,6.97,4.83,Placed
15811,23,70.74,0.79,57.94,63.77,82.32,7.99,6.92,5.68,Placed
15812,23,93.01,2.33,61.38,60.54,100.0,10.0,6.56,1.0,Placed
15813,20,70.65,3.93,56.4,67.93,100.0,9.93,6.75,0.5,Placed
15814,25,86.62,2.87,92.2,61.77,86.85,6.82,8.79,3.62,Not Placed
15815,22,96.21,3.74,72.84,87.1,100.0,8.34,7.13,4.22,Not Placed
15816,18,77.67,3.59,100.0,98.17,100.0,9.34,7.5,2.27,Placed
15817,21,89.93,4.53,77.57,68.09,100.0,8.03,7.36,1.76,Placed
15818,25,84.37,2.07,80.83,76.65,97.6,7.12,6.59,5.36,Not Placed
15819,21,79.4,4.15,56.08,83.55,88.54,6.6,7.44,3.88,Placed
15820,22,87.0,1.79,68.73,69.74,95.19,7.32,6.82,6.12,Placed
15821,22,100.0,3.06,73.09,53.95,90.14,5.83,5.3,1.75,Placed
15822,23,70.35,0.67,62.44,61.45,94.36,8.27,6.1,4.28,Placed
15823,24,66.49,3.07,65.03,74.59,100.0,8.87,9.19,7.84,Placed
15824,19,65.79,2.77,78.3,74.3,90.1,6.72,8.2,3.91,Placed
15825,22,89.93,5.5,78.6,39.32,90.0,6.66,6.44,3.33,Placed
15826,22,91.55,3.69,51.95,61.01,79.54,5.93,7.61,6.32,Placed
15827,19,71.56,4.02,76.26,56.21,89.58,7.76,7.06,6.94,Placed
15828,23,52.37,3.76,80.3,82.12,91.32,7.19,8.89,3.23,Placed
15829,18,69.9,0.2,63.15,56.83,68.1,5.47,6.64,3.38,Not Placed
15830,21,84.57,0.21,61.62,60.62,81.47,10.0,7.07,6.23,Placed
15831,20,77.2,3.23,78.62,60.06,74.04,5.07,5.84,5.1,Placed
15832,19,80.16,4.3,33.4,80.66,93.52,5.47,6.64,5.15,Not Placed
15833,24,71.72,3.38,72.03,83.5,86.42,8.33,3.51,4.97,Placed
15834,19,90.17,2.24,96.52,75.9,92.29,7.99,7.11,4.4,Placed
15835,20,82.12,3.37,33.05,85.7,81.83,6.34,8.0,6.51,Placed
15836,24,85.04,3.21,84.34,87.77,100.0,6.27,8.83,7.28,Placed
15837,25,79.91,5.2,80.17,39.04,89.86,7.75,7.38,2.44,Placed
15838,18,84.29,5.1,50.43,77.47,95.01,7.65,6.36,6.27,Placed
15839,20,83.5,2.8,79.81,62.08,89.29,6.36,5.81,4.41,Not Placed
15840,23,66.86,3.71,87.02,47.89,98.5,8.39,6.23,1.93,Not Placed
15841,24,82.48,4.3,54.35,62.88,92.37,7.89,4.88,2.65,Placed
15842,25,87.5,4.56,61.39,79.69,100.0,8.8,6.5,3.68,Placed
15843,22,91.86,6.77,72.39,91.28,100.0,7.14,5.33,6.62,Placed
15844,18,82.99,3.75,86.67,46.48,87.21,8.17,6.08,2.43,Not Placed
15845,24,66.42,5.9,63.88,77.89,95.65,6.93,6.55,0.9,Placed
15846,19,68.26,1.71,71.37,99.45,91.87,7.85,7.2,3.97,Placed
15847,18,72.78,2.65,62.03,97.29,93.03,7.63,4.82,3.55,Placed
15848,23,80.27,0.2,72.37,15.0,79.23,8.22,6.39,6.64,Not Placed
15849,22,76.53,4.07,87.7,100.0,100.0,7.82,7.62,5.01,Placed
15850,18,64.52,4.97,73.59,83.38,90.43,4.93,8.48,5.92,Placed
15851,19,64.44,0.2,66.64,31.08,72.02,6.45,6.71,3.71,Not Placed
15852,22,52.82,4.14,71.51,55.75,100.0,7.3,9.44,2.06,Placed
15853,20,40.57,4.89,59.99,88.12,85.23,7.76,7.64,7.12,Placed
15854,23,76.42,4.79,57.08,73.76,95.41,8.19,6.87,3.32,Placed
15855,21,100.0,1.65,90.05,58.82,94.27,7.86,8.29,5.79,Placed
15856,22,99.56,5.19,96.57,69.06,100.0,6.35,6.19,3.76,Placed
15857,21,66.26,3.82,45.13,76.73,94.03,8.3,5.54,5.82,Not Placed
15858,20,79.8,4.86,80.73,58.73,86.04,6.23,7.91,5.1,Not Placed
15859,20,60.43,3.57,84.88,65.97,99.49,8.72,7.44,4.76,Not Placed
15860,23,62.25,4.49,53.82,82.35,100.0,8.8,8.05,5.33,Placed
15861,22,63.63,5.8,64.92,56.79,85.63,7.19,8.03,4.02,Placed
15862,22,75.29,3.43,63.34,46.29,87.91,6.42,9.21,1.09,Placed
15863,22,75.81,4.31,100.0,57.8,87.45,6.36,5.06,5.08,Placed
15864,19,81.03,6.05,96.79,53.78,84.43,5.89,6.37,6.79,Placed
15865,25,85.96,3.56,58.18,58.32,91.3,6.09,6.45,4.41,Not Placed
15866,22,73.96,1.77,50.11,40.36,79.37,6.98,8.2,3.87,Placed
15867,23,78.43,5.02,83.59,71.77,92.06,6.53,7.25,5.02,Placed
15868,25,64.87,6.38,80.16,81.88,100.0,5.27,8.2,6.46,Placed
15869,25,61.87,6.12,90.66,55.01,100.0,6.62,7.14,3.94,Placed
15870,23,60.01,5.09,56.11,57.57,91.52,7.31,6.78,1.51,Not Placed
15871,24,85.79,0.2,82.85,65.0,75.31,6.79,7.62,4.82,Not Placed
15872,21,73.95,2.66,61.02,53.42,76.67,6.13,7.11,5.23,Not Placed
15873,23,55.55,2.75,81.35,83.74,67.65,4.33,7.27,4.85,Not Placed
15874,20,77.24,3.88,71.44,53.78,96.19,8.57,7.58,3.51,Placed
15875,23,63.01,6.84,100.0,59.59,100.0,7.15,7.32,5.17,Placed
15876,18,97.92,,78.71,55.79,98.67,7.58,7.98,4.04,Placed
15877,25,71.05,7.84,67.29,84.12,100.0,7.42,6.86,3.63,Placed
15878,19,86.18,3.11,74.07,64.3,100.0,7.8,7.0,3.93,Not Placed
15879,23,91.07,2.42,70.49,99.89,94.73,7.49,5.6,4.85,Placed
15880,18,66.54,5.32,54.68,73.66,94.8,7.32,7.98,5.06,Placed
15881,19,78.91,5.46,100.0,86.53,100.0,8.12,8.85,3.47,Not Placed
15882,25,84.64,4.97,95.98,62.81,96.28,8.37,4.64,4.9,Placed
15883,24,79.39,2.41,69.36,52.92,97.61,8.86,7.57,5.26,Placed
15884,19,82.33,4.7,82.5,67.47,100.0,6.2,6.62,5.61,Not Placed
15885,19,62.04,1.94,100.0,57.14,83.17,7.5,6.58,5.46,Not Placed
15886,24,84.65,2.36,90.55,36.02,80.33,5.27,7.55,7.11,Placed
15887,25,72.17,3.63,67.39,84.22,97.75,6.62,6.76,5.87,Not Placed
15888,19,82.19,2.32,70.68,68.52,79.03,6.96,7.27,8.51,Placed
15889,23,89.04,5.69,46.24,56.8,97.95,8.09,6.37,6.56,Not Placed
15890,20,86.03,2.76,83.62,74.02,96.38,7.06,8.61,6.5,Placed
15891,23,82.18,3.4,90.64,68.75,100.0,8.01,6.52,2.05,Placed
15892,21,85.71,2.22,90.75,90.56,95.84,6.79,5.89,6.01,Placed
15893,19,86.26,5.67,82.52,74.93,86.55,6.51,7.22,6.2,Placed
15894,20,95.95,2.6,77.29,65.49,90.33,6.24,5.8,4.41,Placed
15895,22,77.59,5.86,57.03,79.09,100.0,8.03,7.08,0.5,Placed
15896,24,79.97,5.72,76.8,67.42,100.0,6.75,8.78,0.5,Placed
15897,18,89.18,3.0,62.53,70.94,69.8,4.29,6.75,3.94,Not Placed
15898,25,72.12,3.85,79.88,87.62,100.0,7.96,5.17,3.42,Placed
15899,23,61.98,2.95,60.54,49.3,78.12,6.08,6.3,1.52,Placed
15900,25,83.92,4.78,79.78,54.19,82.94,7.43,7.77,5.27,Placed
15901,25,75.53,3.45,91.85,61.29,100.0,5.85,6.93,2.23,Placed
15902,19,63.51,3.05,77.66,63.63,95.29,7.22,7.64,1.17,Not Placed
15903,18,84.01,3.88,76.93,86.5,90.86,4.0,6.04,8.63,Placed
15904,24,95.17,0.95,85.7,45.36,81.45,7.16,6.31,5.51,Placed
15905,19,58.44,3.66,98.56,67.53,91.96,6.15,7.56,3.65,Placed
15906,19,90.27,4.97,70.39,59.19,100.0,5.68,8.73,1.67,Not Placed
15907,21,47.56,4.05,79.82,95.21,100.0,8.12,6.34,2.73,Placed
15908,25,73.2,5.51,94.67,82.14,,7.06,6.84,3.25,Placed
15909,24,100.0,3.12,82.04,71.82,96.06,6.91,8.12,3.41,Placed
15910,22,74.06,2.97,41.96,83.5,68.16,6.33,6.96,3.85,Not Placed
15911,19,79.08,1.79,61.27,46.89,93.42,8.27,7.57,2.14,Not Placed
15912,20,87.15,3.07,83.27,100.0,100.0,6.68,5.91,2.75,Placed
15913,23,57.4,7.34,66.0,54.53,100.0,8.99,6.8,1.08,Placed
15914,19,78.87,4.3,93.61,88.11,100.0,8.68,6.05,0.54,Placed
15915,22,78.77,2.75,99.87,76.83,99.22,8.91,4.78,1.43,Placed
15916,18,100.0,1.99,63.15,72.23,94.11,8.36,5.74,3.28,Placed
15917,20,63.17,0.92,56.51,87.44,79.45,6.47,7.34,3.88,Placed
15918,19,73.42,2.31,66.58,83.95,78.38,7.26,7.46,5.43,Placed
15919,23,66.86,5.17,65.72,69.72,90.18,6.96,7.72,5.33,Placed
15920,25,65.59,3.03,95.04,61.25,96.68,8.21,7.41,5.75,Placed
15921,19,91.53,2.08,56.47,69.97,96.23,7.19,6.53,3.89,Placed
15922,24,78.32,2.27,83.14,66.36,89.83,6.91,4.6,5.81,Not Placed
15923,23,71.33,4.97,92.82,73.66,100.0,9.19,5.43,0.5,Placed
15924,25,71.79,3.65,84.29,84.33,100.0,6.81,8.13,5.71,Not Placed
15925,25,,2.67,78.55,75.5,90.47,6.45,5.79,4.42,Placed
15926,18,72.31,3.24,69.57,70.96,76.34,6.72,6.71,6.42,Placed
15927,23,62.83,7.77,99.73,57.54,100.0,8.49,6.88,0.5,Placed
15928,22,74.9,6.0,68.32,73.19,100.0,7.43,5.14,6.32,Placed
15929,18,73.69,6.44,86.22,40.87,100.0,7.75,7.2,1.25,Placed
15930,20,68.91,0.65,69.62,55.24,72.01,7.48,8.63,6.74,Placed
15931,25,79.86,3.53,44.37,77.7,74.97,4.57,6.78,2.81,Not Placed
15932,22,80.88,,67.96,82.16,100.0,5.92,6.48,5.33,Placed
15933,20,71.32,4.78,69.66,67.67,85.88,6.87,5.41,4.33,Placed
15934,20,76.27,5.71,69.85,71.22,99.79,7.58,6.47,6.53,Placed
15935,24,100.0,4.39,62.1,73.92,78.04,6.02,7.45,4.8,Placed
15936,20,100.0,2.23,81.39,78.9,100.0,5.98,6.79,7.64,Placed
15937,19,,2.61,83.06,64.78,93.83,6.83,6.27,3.06,Not Placed
15938,22,67.03,4.92,67.41,52.27,100.0,8.79,8.01,2.43,Placed
15939,25,65.29,5.1,67.29,74.19,79.16,4.62,6.49,3.19,Placed
15940,19,90.68,4.05,56.24,99.33,97.16,4.02,6.29,5.77,Placed
15941,20,73.22,4.03,75.82,53.24,90.61,9.28,6.97,5.85,Placed
15942,21,80.88,3.89,92.67,65.97,100.0,5.36,8.37,1.93,Placed
15943,19,100.0,4.28,92.68,61.82,84.64,6.71,6.61,2.8,Not Placed
15944,23,77.87,5.09,63.01,100.0,100.0,5.4,5.74,5.08,Placed
15945,20,86.47,4.93,100.0,52.63,98.06,6.84,7.45,6.99,Placed
15946,19,84.25,3.84,66.57,65.43,98.4,7.04,6.4,3.1,Placed
15947,20,70.94,3.71,56.76,62.17,100.0,9.13,7.47,1.65,Not Placed
15948,25,90.71,-3.0,51.57,47.93,88.54,8.06,4.34,6.51,Placed
15949,25,67.8,2.4,55.86,47.06,92.44,5.66,6.84,1.0,Placed
15950,22,94.08,2.37,77.01,77.09,99.05,4.91,6.5,5.58,Placed
15951,21,70.95,4.78,68.14,79.34,100.0,7.8,5.65,0.5,Not Placed
15952,24,72.26,2.52,62.52,59.05,82.15,6.58,5.34,4.26,Placed
15953,19,64.94,5.27,59.29,90.54,100.0,6.33,6.46,3.79,Placed
15954,23,66.91,3.71,55.71,31.99,94.6,8.62,5.52,2.94,Placed
15955,23,72.88,5.28,58.65,47.86,75.06,5.09,3.24,7.38,Placed
15956,23,48.82,4.95,87.23,54.8,88.27,6.76,5.39,4.33,Not Placed
15957,19,75.2,5.32,99.05,67.86,98.39,7.96,5.34,4.16,Not Placed
15958,23,71.9,2.94,99.98,60.79,90.97,5.78,6.84,3.99,Placed
15959,22,87.48,4.54,82.31,64.78,100.0,8.76,5.37,2.96,Not Placed
15960,25,83.08,5.13,64.62,75.76,99.01,5.99,6.8,8.16,Placed
15961,19,69.51,1.01,61.98,91.31,100.0,7.12,5.66,3.75,Placed
15962,22,72.5,6.86,83.34,80.84,100.0,6.37,7.74,8.21,Placed
15963,24,75.18,7.88,68.3,68.9,100.0,4.0,7.25,2.85,Placed
15964,20,95.83,5.51,78.18,66.72,99.71,6.7,6.44,4.54,Placed
15965,23,68.13,5.25,100.0,85.62,100.0,8.15,6.97,3.54,Placed
15966,18,69.36,4.86,75.25,98.15,100.0,5.96,7.49,2.89,Not Placed
15967,23,64.46,3.22,100.0,78.21,99.66,6.45,6.87,4.12,Not Placed
15968,22,60.22,3.6,55.1,60.16,84.45,6.58,6.97,7.83,Placed
15969,19,81.68,5.54,78.71,72.15,93.26,7.84,4.27,7.08,Placed
15970,18,80.43,2.05,76.71,77.28,83.55,6.77,6.18,4.55,Placed
15971,23,93.39,1.89,57.24,59.12,83.66,7.23,5.87,1.77,Placed
15972,19,90.5,3.08,84.02,81.85,100.0,7.24,8.06,5.14,Placed
15973,21,100.0,4.98,94.96,72.22,100.0,6.57,6.33,3.44,Placed
15974,18,77.11,2.24,100.0,86.63,100.0,9.23,5.99,2.57,Not Placed
15975,25,74.87,3.39,78.17,52.37,76.91,5.97,7.5,5.78,Placed
15976,22,62.4,3.61,43.5,40.14,73.13,8.04,4.98,1.94,Placed
15977,25,86.36,1.98,79.15,61.72,94.23,8.73,6.7,4.71,Placed
15978,19,79.42,0.2,83.13,68.38,77.76,7.03,4.43,5.39,Placed
15979,19,85.82,1.95,68.47,39.19,73.74,7.27,5.94,5.82,Placed
15980,22,64.33,4.27,75.23,58.26,95.03,7.84,6.24,1.93,Not Placed
15981,22,82.22,4.68,64.75,88.54,100.0,6.75,8.55,7.84,Placed
15982,24,80.46,4.69,69.99,76.53,80.49,4.92,6.62,5.03,Placed
15983,25,79.67,4.9,87.26,70.21,94.6,6.9,5.73,4.45,Placed
15984,24,69.8,2.67,92.84,51.11,100.0,9.17,6.64,1.79,Placed
15985,19,92.27,2.29,52.94,88.0,98.25,7.88,8.53,2.8,Not Placed
15986,20,100.0,4.48,64.33,61.32,89.17,7.29,4.33,3.73,Placed
15987,25,64.68,3.42,48.17,69.52,88.03,8.11,7.73,4.39,Placed
15988,22,86.65,5.43,99.57,74.52,98.6,7.03,7.26,5.13,Not Placed
15989,24,43.47,4.49,85.06,70.74,100.0,7.24,6.66,3.73,Placed
15990,22,86.02,6.11,41.98,91.87,100.0,6.68,6.43,7.34,Not Placed
15991,18,55.56,2.96,71.03,77.2,100.0,7.77,8.52,3.68,Placed
15992,21,71.7,5.72,67.75,73.41,97.88,6.56,7.66,4.83,Not Placed
15993,24,62.24,7.46,60.66,66.62,91.77,6.82,5.55,6.71,Not Placed
15994,23,75.41,3.9,87.54,74.91,97.77,8.25,6.83,3.34,Placed
15995,19,88.07,4.7,87.2,64.64,100.0,6.97,8.29,1.71,Placed
15996,19,55.71,2.13,76.04,71.03,87.04,7.88,7.45,3.61,Not Placed
15997,24,73.69,5.41,62.38,62.53,89.67,7.98,7.11,6.26,Not Placed
15998,25,71.84,5.83,62.5,60.01,100.0,7.11,5.24,4.58,Placed
15999,24,96.97,2.91,72.66,53.34,91.85,6.78,9.58,5.79,Placed
16000,18,83.18,4.86,65.14,63.66,94.1,5.62,7.67,1.81,Placed
16001,22,63.87,4.3,71.91,62.61,92.44,5.88,8.94,1.21,Not Placed
16002,24,72.34,4.5,80.37,97.27,100.0,7.93,7.16,5.6,Not Placed
16003,23,96.67,5.26,49.0,83.87,91.82,7.91,6.78,5.14,Placed
16004,22,86.57,4.73,60.63,65.86,83.21,6.01,6.03,2.61,Not Placed
16005,21,66.98,3.55,71.49,61.23,100.0,7.68,7.97,2.15,Placed
16006,19,74.8,5.3,95.48,77.84,100.0,7.46,8.6,4.11,Placed
16007,20,75.18,5.8,84.68,99.08,100.0,8.32,8.05,4.35,Placed
16008,23,71.54,2.8,71.95,80.74,100.0,9.8,9.51,2.0,Placed
16009,18,57.48,3.8,78.03,40.48,83.67,7.89,6.96,4.3,Placed
16010,18,69.87,0.62,70.48,81.81,76.86,6.37,6.05,1.54,Placed
16011,21,94.67,4.85,88.16,84.65,100.0,8.09,7.11,3.17,Placed
16012,24,73.43,6.0,78.51,100.0,100.0,5.95,7.76,1.82,Placed
16013,23,76.76,3.34,91.18,64.03,100.0,9.87,6.48,4.23,Placed
16014,22,79.69,4.04,51.67,70.22,81.2,5.73,6.75,3.17,Placed
16015,22,100.0,3.4,59.91,75.2,87.89,7.73,7.06,7.14,Placed
16016,18,78.11,3.11,76.12,55.78,95.87,7.2,7.39,5.06,Placed
16017,20,91.13,4.22,79.4,54.33,100.0,6.7,6.96,1.82,Placed
16018,18,70.82,2.39,100.0,74.39,85.58,6.63,7.05,6.27,Not Placed
16019,24,74.89,3.38,44.88,43.31,75.4,8.83,7.56,4.05,Placed
16020,24,78.15,2.17,71.5,46.93,86.02,7.88,7.72,5.96,Not Placed
16021,20,68.71,4.86,70.83,81.05,100.0,7.02,6.21,1.86,Not Placed
16022,20,75.56,4.23,75.57,75.97,92.99,9.28,4.6,5.65,Placed
16023,20,88.66,3.02,98.0,88.0,89.98,7.06,5.55,8.54,Placed
16024,25,68.4,3.87,85.14,75.41,83.51,8.08,7.35,5.61,Placed
16025,21,78.0,3.4,47.94,68.17,83.16,5.59,5.92,3.26,Placed
16026,24,86.5,5.86,95.01,88.63,97.46,5.66,7.12,6.75,Placed
16027,21,68.11,3.01,94.59,61.23,100.0,8.05,6.73,3.08,Placed
16028,23,91.14,4.94,75.95,62.67,100.0,7.57,6.88,5.41,Placed
16029,22,78.87,2.53,47.73,66.97,100.0,9.78,7.39,8.94,Placed
16030,20,76.02,5.27,69.73,75.21,100.0,6.35,8.23,3.29,Placed
16031,25,53.9,5.67,79.03,66.93,87.04,8.01,6.78,5.47,Not Placed
16032,23,73.52,5.75,86.95,44.24,87.3,6.91,5.55,8.46,Placed
16033,24,82.46,6.45,45.44,63.73,100.0,8.22,7.17,6.42,Placed
16034,25,98.94,4.33,60.46,67.5,91.16,8.12,7.66,5.88,Placed
16035,19,84.81,6.03,88.47,69.84,100.0,7.17,4.1,0.52,Placed
16036,18,91.51,6.72,94.53,60.81,100.0,6.31,5.93,2.52,Placed
16037,22,63.49,1.78,78.46,76.09,85.11,6.79,6.84,6.18,Placed
16038,20,76.48,2.71,89.23,42.23,83.04,5.86,6.22,3.83,Not Placed
16039,21,92.65,1.11,78.83,74.65,89.9,7.64,6.96,3.46,Placed
16040,19,67.35,5.71,86.45,96.69,86.22,4.0,6.05,6.8,Placed
16041,21,89.58,1.08,74.18,58.29,86.39,,7.92,5.77,Not Placed
16042,21,86.8,0.6,79.2,68.92,92.16,8.28,6.86,2.81,Placed
16043,20,81.3,1.82,53.67,64.05,99.01,8.26,4.64,5.97,Placed
16044,23,74.06,0.67,82.83,64.32,71.88,5.27,7.68,2.52,Not Placed
16045,22,66.16,4.29,53.21,51.54,90.66,7.9,7.75,1.27,Not Placed
16046,21,99.3,1.85,82.82,99.86,88.02,5.83,6.76,5.08,Placed
16047,18,85.58,0.76,65.42,74.17,86.73,6.75,4.59,1.96,Not Placed
16048,22,82.09,3.72,77.55,57.27,98.08,8.12,7.88,1.93,Placed
16049,19,73.05,3.83,57.71,55.45,85.73,6.03,5.57,2.39,Not Placed
16050,20,78.45,0.43,64.45,68.98,83.68,8.91,6.37,4.76,Not Placed
16051,21,79.98,2.52,77.52,33.32,68.07,7.51,6.11,6.0,Placed
16052,19,82.8,3.67,83.31,84.85,100.0,7.76,5.07,3.84,Placed
16053,21,86.81,3.16,88.41,59.78,100.0,8.49,6.81,2.01,Placed
16054,20,68.61,3.21,54.75,74.22,100.0,8.27,7.04,2.17,Placed
16055,24,60.4,5.92,49.48,74.97,100.0,8.16,6.94,1.31,Placed
16056,24,79.01,7.66,57.37,83.44,100.0,6.41,6.55,5.85,Placed
16057,18,57.03,3.24,56.02,75.88,86.31,5.87,5.91,2.61,Placed
16058,22,74.12,1.42,95.5,79.89,88.04,6.86,8.56,4.87,Placed
16059,23,71.89,3.38,92.1,84.31,100.0,7.77,7.02,0.8,Placed
16060,21,83.9,4.15,57.05,62.72,90.03,5.66,5.68,6.95,Placed
16061,21,100.0,3.7,97.65,100.0,100.0,7.9,7.33,4.39,Placed
16062,24,54.66,4.9,91.21,73.65,100.0,7.65,7.24,1.27,Placed
16063,21,100.0,7.78,47.56,67.55,83.04,6.98,7.54,3.2,Placed
16064,18,75.2,0.72,56.55,54.54,79.65,7.27,6.76,4.77,Not Placed
16065,20,82.17,2.89,47.11,64.69,96.83,7.28,6.05,2.64,Placed
16066,20,61.02,6.57,70.7,74.43,97.78,7.73,5.16,5.13,Placed
16067,21,89.96,2.86,72.26,69.52,87.67,8.1,6.16,6.96,Placed
16068,19,78.5,5.22,72.23,97.24,100.0,10.0,4.81,6.23,Placed
16069,19,77.26,4.94,41.6,61.76,88.11,7.4,7.16,4.36,Placed
16070,25,54.75,6.03,50.59,78.87,84.44,6.43,4.87,7.26,Not Placed
16071,19,78.89,7.24,75.9,49.99,78.46,4.91,6.37,4.79,Not Placed
16072,23,88.15,4.4,81.33,100.0,91.48,5.51,7.67,4.15,Not Placed
16073,23,75.16,0.66,41.7,48.9,74.5,6.29,6.51,4.2,Not Placed
16074,22,92.09,2.54,52.78,100.0,92.46,8.03,6.73,4.58,Placed
16075,25,91.59,7.73,87.34,65.83,100.0,6.73,7.33,5.27,Placed
16076,18,70.31,1.25,53.63,32.25,89.1,7.69,7.42,2.61,Placed
16077,20,97.14,4.69,71.78,89.63,95.26,6.32,8.05,6.67,Not Placed
16078,19,78.54,0.2,52.21,69.32,75.69,7.75,7.48,7.0,Placed
16079,22,78.6,1.37,84.47,60.74,92.85,8.25,7.23,9.34,Placed
16080,23,79.19,5.4,41.75,78.27,100.0,6.72,4.45,0.97,Placed
16081,25,78.83,3.86,67.43,78.63,99.87,7.72,7.09,4.47,Placed
16082,21,46.44,3.12,86.1,74.63,87.21,6.67,8.79,2.8,Placed
16083,19,75.77,2.33,81.15,86.16,87.23,5.72,7.58,5.7,Placed
16084,25,61.63,0.21,65.04,72.04,82.44,7.86,7.96,6.85,Not Placed
16085,23,97.52,5.05,61.52,78.4,99.52,7.7,5.99,4.49,Not Placed
16086,24,97.03,3.29,68.51,59.65,100.0,7.91,6.72,3.8,Placed
16087,21,88.22,1.06,52.66,80.25,88.57,8.35,7.48,3.45,Not Placed
16088,21,75.14,3.85,70.5,59.72,93.8,6.9,7.33,4.04,Placed
16089,21,65.9,4.85,70.76,50.01,94.32,6.99,7.75,5.18,Placed
16090,23,70.11,3.44,65.73,64.7,85.5,6.86,5.44,5.16,Not Placed
16091,19,100.0,4.01,87.01,63.59,97.19,7.61,5.85,7.42,Not Placed
16092,25,69.69,3.87,55.94,82.84,90.9,7.03,5.25,4.11,Placed
16093,19,49.73,2.53,46.43,44.75,66.18,7.35,7.11,6.26,Placed
16094,21,90.36,3.9,64.12,85.5,100.0,6.34,6.58,2.66,Placed
16095,20,96.01,5.12,73.86,58.03,94.89,5.97,6.57,1.91,Placed
16096,23,97.91,5.66,70.4,28.56,83.33,6.11,5.98,6.47,Placed
16097,23,90.46,5.22,69.73,48.68,87.19,7.7,5.79,5.29,Placed
16098,25,92.42,2.58,55.1,63.08,100.0,7.15,6.8,3.42,Placed
16099,24,78.64,4.95,57.26,75.11,100.0,6.61,8.13,2.64,Placed
16100,19,53.08,4.64,64.67,65.87,85.27,8.0,8.68,3.53,Placed
16101,19,78.33,2.52,63.49,48.65,95.8,8.95,8.69,4.92,Not Placed
16102,25,85.46,2.96,88.47,55.54,85.04,6.61,6.24,4.8,Not Placed
16103,21,76.38,5.02,75.96,48.91,81.65,5.9,5.38,1.59,Placed
16104,18,75.83,6.28,64.01,72.14,100.0,8.33,7.86,1.94,Placed
16105,24,66.43,0.54,88.43,66.55,89.91,7.22,8.33,4.76,Not Placed
16106,23,65.98,6.75,78.69,77.82,100.0,6.98,7.3,5.66,Placed
16107,18,100.0,5.9,51.64,39.68,98.25,8.42,6.77,2.91,Placed
16108,24,100.0,4.16,23.37,59.46,89.26,6.88,6.05,1.65,Not Placed
16109,22,77.97,3.37,52.11,100.0,100.0,7.68,7.53,4.56,Not Placed
16110,22,81.38,4.5,80.92,78.26,100.0,7.39,7.49,0.5,Placed
16111,24,66.23,2.65,85.37,63.26,99.72,10.0,7.14,3.72,Placed
16112,21,85.71,3.48,47.1,52.2,78.82,7.04,5.47,5.69,Placed
16113,21,99.12,-3.0,81.88,85.72,100.0,8.32,5.61,4.01,Placed
16114,22,59.65,0.67,81.31,92.52,95.56,6.9,6.69,1.36,Placed
16115,19,83.57,8.0,92.93,49.62,100.0,7.74,8.05,7.51,Placed
16116,19,84.47,3.91,86.26,51.13,86.96,6.96,7.89,4.51,Placed
16117,24,84.33,4.17,92.28,72.46,100.0,8.15,6.32,4.92,Placed
16118,19,97.71,3.74,79.33,73.96,87.97,7.09,4.61,6.26,Not Placed
16119,22,100.0,2.31,78.82,75.72,100.0,7.8,8.4,4.14,Placed
16120,20,75.2,3.25,66.94,97.49,100.0,6.29,8.29,3.95,Placed
16121,19,86.08,3.96,84.3,52.46,78.6,6.24,6.95,6.95,Placed
16122,22,79.01,3.45,52.01,68.64,82.66,4.94,6.28,2.86,Placed
16123,24,70.41,2.45,69.92,79.54,78.66,7.64,6.43,6.33,Placed
16124,21,81.25,4.66,80.1,79.37,96.07,6.42,7.92,2.24,Placed
16125,19,86.06,4.14,93.12,57.63,100.0,9.83,7.44,3.04,Placed
16126,19,80.6,4.51,64.83,58.27,89.92,6.63,6.29,5.08,Placed
16127,19,67.43,5.07,86.5,60.65,100.0,8.7,9.44,7.36,Placed
16128,25,72.44,3.49,69.04,95.26,97.01,8.57,4.96,4.79,Not Placed
16129,20,72.53,3.5,86.81,52.34,93.11,6.9,6.08,1.7,Placed
16130,20,67.89,6.47,59.98,62.81,96.9,6.32,6.1,5.92,Not Placed
16131,18,81.76,2.1,82.89,80.41,95.48,7.04,6.93,2.91,Placed
16132,21,83.02,0.43,70.57,50.58,85.55,8.56,8.16,5.77,Placed
16133,25,89.75,4.8,54.22,72.13,98.26,9.94,7.79,5.07,Not Placed
16134,21,67.71,2.67,69.7,37.61,64.71,5.72,6.95,1.5,Not Placed
16135,23,71.07,1.86,91.83,71.08,83.12,7.22,5.21,5.22,Placed
16136,19,96.65,5.39,56.71,68.84,100.0,6.47,7.95,2.03,Placed
16137,19,76.03,3.54,49.74,70.62,93.14,6.77,5.44,7.2,Not Placed
16138,23,78.36,1.53,77.98,54.1,100.0,9.25,6.32,1.35,Not Placed
16139,18,75.9,7.28,46.83,71.64,98.87,6.28,6.71,4.18,Placed
16140,21,91.6,0.9,95.45,67.38,88.63,5.27,5.83,2.61,Placed
16141,20,92.06,3.64,95.07,88.79,100.0,7.44,5.81,7.32,Placed
16142,18,91.36,0.4,87.57,78.21,95.21,7.66,7.86,1.4,Placed
16143,22,78.32,4.29,71.83,44.82,70.92,6.69,8.55,9.16,Placed
16144,25,67.53,2.65,96.97,54.68,88.18,6.38,6.71,3.78,Placed
16145,18,100.0,5.27,92.18,58.14,100.0,7.39,4.67,3.37,Placed
16146,24,88.28,3.77,64.01,70.89,83.34,5.58,7.14,6.05,Placed
16147,22,72.52,6.23,93.58,65.29,100.0,7.71,5.96,4.43,Placed
16148,23,95.09,3.03,58.32,65.23,100.0,6.78,7.23,2.8,Not Placed
16149,18,71.57,0.91,69.04,100.0,92.66,8.86,7.15,2.97,Placed
16150,24,94.93,4.23,45.1,59.79,100.0,7.58,4.54,3.51,Placed
16151,18,95.74,3.35,74.19,90.25,100.0,7.02,6.33,3.11,Placed
16152,25,66.94,0.53,67.58,65.64,89.57,6.92,7.54,6.12,Placed
16153,23,84.98,1.9,65.22,33.14,64.01,4.88,6.69,4.67,Placed
16154,20,87.39,2.47,69.52,71.06,99.3,7.05,5.48,5.43,Placed
16155,18,100.0,6.6,63.31,85.91,100.0,6.96,7.59,3.66,Placed
16156,22,69.09,5.07,72.63,78.14,93.57,7.26,4.8,5.79,Placed
16157,18,95.19,3.17,91.25,72.1,93.19,6.97,7.08,3.11,Placed
16158,22,78.21,4.65,56.07,68.38,100.0,8.91,6.15,2.66,Not Placed
16159,24,63.1,0.2,84.94,60.09,86.0,6.88,7.32,3.48,Placed
16160,20,76.56,2.78,75.23,82.34,89.0,6.19,6.53,7.35,Placed
16161,19,78.03,4.52,77.61,61.05,89.4,5.2,7.38,3.35,Placed
16162,19,65.29,4.1,71.54,57.75,86.45,6.66,8.43,3.44,Not Placed
16163,19,81.75,2.83,61.24,74.57,77.69,5.94,7.63,4.94,Not Placed
16164,18,89.49,3.73,78.67,63.2,92.08,5.64,7.61,4.24,Placed
16165,19,80.86,4.41,79.78,88.49,98.07,6.83,7.5,2.33,Placed
16166,23,71.5,3.78,59.99,75.48,100.0,8.57,4.74,2.14,Placed
16167,20,76.22,5.35,51.92,55.55,99.88,8.32,6.9,6.0,Placed
16168,24,77.95,4.37,73.28,49.68,98.46,5.66,7.12,2.12,Placed
16169,24,80.61,4.72,83.32,58.82,93.69,7.24,7.46,6.27,Placed
16170,24,91.32,6.88,87.08,100.0,100.0,7.71,6.7,3.57,Placed
16171,22,81.26,5.29,90.05,64.2,98.2,7.9,7.66,0.5,Placed
16172,20,61.17,6.93,77.57,80.13,100.0,9.12,5.65,5.79,Placed
16173,25,71.25,2.59,68.05,47.11,78.12,5.8,9.19,6.1,Placed
16174,19,79.99,0.93,71.97,50.67,76.91,6.14,7.47,5.66,Not Placed
16175,21,91.49,3.55,53.35,64.99,84.75,6.4,5.7,3.57,Not Placed
16176,21,93.57,3.39,61.76,95.22,100.0,7.64,8.43,3.79,Not Placed
16177,23,99.3,6.43,71.2,47.35,88.02,4.0,5.46,3.59,Placed
16178,22,79.57,1.77,68.0,57.92,82.37,6.93,6.81,3.06,Placed
16179,24,87.16,3.66,73.38,82.43,99.86,5.06,6.94,5.06,Placed
16180,25,60.55,4.53,51.38,93.48,97.0,7.2,6.31,4.09,Not Placed
16181,21,83.16,3.98,54.73,75.0,100.0,9.68,6.65,3.57,Not Placed
16182,24,65.1,3.49,83.63,78.81,100.0,8.28,6.88,3.08,Not Placed
16183,19,77.25,4.45,59.5,53.65,74.36,5.73,5.51,4.8,Not Placed
16184,25,100.0,5.74,61.86,46.83,89.69,6.7,7.13,7.04,Not Placed
16185,19,81.64,6.56,73.43,49.67,86.18,6.13,6.8,4.74,Placed
16186,24,67.63,3.86,58.03,54.03,94.6,8.75,9.13,1.79,Placed
16187,21,82.89,2.33,88.59,71.61,95.92,4.56,8.58,4.45,Not Placed
16188,25,71.8,6.56,53.15,48.49,88.99,6.67,5.92,5.46,Not Placed
16189,19,66.47,1.86,72.02,72.01,70.02,6.36,6.63,5.92,Placed
16190,21,100.0,7.02,60.77,62.96,94.07,5.79,5.97,5.53,Placed
16191,25,90.8,6.22,74.34,59.0,100.0,9.19,6.49,4.77,Placed
16192,18,82.15,6.48,64.54,82.16,96.56,5.32,7.83,9.92,Placed
16193,20,73.3,5.03,71.65,52.66,87.0,5.77,6.68,2.12,Placed
16194,18,74.27,0.2,90.32,90.97,100.0,9.11,6.2,7.48,Not Placed
16195,20,96.51,1.93,61.69,81.29,97.16,7.08,7.53,5.61,Placed
16196,21,81.68,4.35,61.56,52.16,81.31,6.99,4.48,9.09,Not Placed
16197,22,41.01,2.58,67.26,87.24,87.61,6.45,6.34,1.6,Placed
16198,20,100.0,3.23,94.11,50.27,94.47,7.2,8.44,7.57,Placed
16199,19,80.2,4.9,70.65,88.69,100.0,6.69,8.5,7.78,Placed
16200,19,82.12,3.49,90.51,73.33,98.84,6.32,8.37,4.19,Placed
16201,25,91.04,1.61,69.35,42.73,82.19,5.52,5.32,2.8,Not Placed
16202,25,83.58,5.39,89.84,47.27,95.78,7.25,5.31,8.75,Not Placed
16203,19,86.96,4.73,78.11,61.52,95.55,6.48,6.21,2.85,Placed
16204,19,72.92,3.35,80.32,81.88,90.25,6.64,6.82,6.59,Not Placed
16205,18,63.24,5.08,50.46,65.27,93.98,7.99,5.92,7.49,Not Placed
16206,25,81.36,3.97,48.24,64.87,86.99,6.59,4.78,4.18,Placed
16207,23,95.18,6.2,88.05,68.64,100.0,7.07,7.91,4.17,Placed
16208,24,70.23,4.07,87.87,36.08,91.47,9.21,7.71,8.03,Not Placed
16209,20,69.26,6.18,100.0,81.19,100.0,7.66,6.09,3.89,Placed
16210,23,92.65,0.43,49.71,89.43,82.81,6.55,7.65,3.38,Placed
16211,18,72.51,4.63,79.29,80.63,89.37,5.88,7.93,0.5,Placed
16212,23,73.07,3.08,56.64,61.22,90.85,7.04,3.94,6.74,Not Placed
16213,22,73.52,2.25,60.89,53.84,98.6,8.15,7.57,3.75,Not Placed
16214,20,77.22,5.89,64.47,50.69,90.43,6.49,6.73,6.07,Placed
16215,23,59.12,5.4,77.74,49.87,91.08,7.15,3.78,4.21,Not Placed
16216,23,71.53,0.2,62.04,100.0,83.55,6.46,8.02,7.17,Not Placed
16217,21,80.76,5.09,72.5,66.74,97.58,6.71,6.9,7.25,Placed
16218,19,80.68,4.87,84.48,82.47,98.13,5.67,4.88,2.51,Not Placed
16219,18,91.9,2.5,88.92,81.59,100.0,7.45,7.28,3.57,Placed
16220,25,100.0,2.3,82.39,70.28,89.39,7.3,7.02,5.66,Not Placed
16221,20,96.15,0.94,78.78,53.09,100.0,8.9,7.45,7.31,Placed
16222,20,88.98,3.19,69.88,76.3,85.7,7.25,4.48,4.73,Not Placed
16223,23,76.22,3.48,63.47,50.68,87.46,6.27,6.44,4.93,Not Placed
16224,20,70.52,5.23,80.09,77.64,100.0,8.86,5.62,5.2,Not Placed
16225,21,78.21,4.28,56.24,51.41,76.48,7.56,6.6,2.75,Not Placed
16226,23,85.03,1.89,73.79,61.02,93.54,7.35,4.76,3.59,Placed
16227,22,87.86,4.23,55.86,60.99,91.53,7.1,5.46,4.13,Placed
16228,23,85.48,3.34,71.38,90.38,91.74,7.3,8.65,6.5,Not Placed
16229,18,76.55,2.12,56.19,29.05,73.58,6.08,8.19,8.09,Not Placed
16230,21,87.44,0.94,65.99,100.0,94.68,7.02,7.97,2.68,Placed
16231,21,93.13,4.92,61.86,55.11,100.0,6.85,8.56,5.94,Placed
16232,23,88.56,4.6,60.05,66.03,84.08,7.54,4.56,4.94,Placed
16233,19,77.62,4.8,70.69,74.61,99.87,8.45,6.73,3.5,Placed
16234,19,67.99,2.49,35.64,73.24,94.23,8.27,7.09,2.58,Placed
16235,24,67.71,4.11,44.96,81.5,89.48,7.73,6.34,4.96,Not Placed
16236,23,69.83,1.32,84.06,77.77,74.05,5.05,4.57,3.33,Placed
16237,24,81.08,2.02,74.21,100.0,98.57,6.59,7.86,5.25,Placed
16238,20,84.24,3.86,61.15,79.71,97.68,4.93,7.54,2.5,Placed
16239,25,61.03,4.27,86.61,66.12,99.82,8.41,6.06,2.29,Placed
16240,20,71.95,0.87,62.41,59.15,76.72,6.97,7.81,6.65,Placed
16241,23,80.92,1.9,63.3,58.74,78.09,6.94,6.95,4.89,Placed
16242,19,67.2,3.14,60.25,88.69,87.19,6.29,7.56,4.84,Placed
16243,25,83.21,5.53,100.0,96.08,100.0,8.63,5.7,3.49,Not Placed
16244,20,74.31,2.34,75.53,84.07,100.0,7.24,7.09,6.02,Placed
16245,24,69.32,4.05,74.94,17.37,84.18,6.98,7.1,4.13,Not Placed
16246,20,78.64,4.24,79.0,32.05,76.48,7.27,6.52,6.06,Placed
16247,24,82.71,3.35,44.21,67.88,81.53,7.36,3.59,3.59,Placed
16248,21,67.82,4.28,63.09,65.33,97.1,6.95,7.01,2.38,Placed
16249,18,75.09,1.38,78.82,68.32,99.42,8.63,7.09,3.05,Placed
16250,19,83.61,2.62,71.94,88.03,100.0,8.62,5.67,5.35,Not Placed
16251,23,68.85,6.38,100.0,87.23,100.0,7.23,7.49,2.52,Not Placed
16252,19,58.11,6.51,63.97,70.8,90.69,6.18,7.09,8.12,Not Placed
16253,20,59.56,5.32,86.15,43.62,91.74,7.51,7.29,1.78,Not Placed
16254,22,72.98,5.78,84.09,48.33,99.88,6.4,6.35,4.2,Placed
16255,20,62.18,0.51,74.14,69.08,88.76,8.83,4.75,6.88,Not Placed
16256,19,73.83,2.09,76.87,74.67,97.22,9.0,4.78,5.07,Placed
16257,22,97.98,3.24,67.65,48.52,87.03,7.98,7.62,3.79,Placed
16258,23,61.46,8.15,42.4,78.57,87.16,5.72,5.49,6.8,Placed
16259,23,74.61,3.24,77.24,39.96,78.21,6.56,5.84,2.64,Placed
16260,25,100.0,5.14,78.43,25.39,89.59,6.88,7.81,3.92,Placed
16261,18,82.9,4.48,80.78,54.0,91.24,6.11,4.24,1.27,Placed
16262,21,73.59,4.44,72.95,89.97,100.0,6.75,4.87,6.27,Placed
16263,19,76.12,3.76,86.56,92.36,100.0,7.4,7.75,5.62,Placed
16264,25,83.15,1.64,59.01,42.48,70.57,7.75,6.9,5.63,Not Placed
16265,22,98.35,0.2,94.03,43.7,92.39,8.66,4.41,4.76,Placed
16266,18,71.63,6.11,57.18,80.17,89.44,7.09,6.27,4.66,Placed
16267,23,68.91,2.69,70.38,60.95,88.03,6.76,7.01,4.72,Not Placed
16268,18,61.45,0.44,82.21,89.86,77.11,5.57,5.48,5.11,Not Placed
16269,20,79.24,4.59,64.28,79.91,100.0,7.53,5.06,4.76,Placed
16270,23,61.13,4.55,83.24,82.66,99.46,6.57,4.77,2.64,Not Placed
16271,22,72.43,5.18,66.86,54.85,96.58,6.87,7.82,0.5,Placed
16272,24,67.1,5.81,73.77,75.1,87.97,6.44,8.05,8.68,Placed
16273,22,90.89,2.15,69.28,100.0,94.86,6.47,7.71,3.2,Placed
16274,24,71.9,2.23,63.35,70.28,95.68,7.98,8.28,4.15,Placed
16275,22,82.76,3.23,100.0,67.28,99.31,7.05,8.34,6.73,Placed
16276,18,58.75,5.28,59.4,61.03,100.0,8.99,4.98,5.17,Placed
16277,18,79.58,0.2,37.71,42.37,68.45,5.78,8.0,1.64,Placed
16278,24,63.56,4.03,59.95,50.42,97.56,8.62,6.93,2.17,Placed
16279,18,72.89,5.48,73.97,53.73,90.19,6.53,9.08,6.26,Not Placed
16280,21,100.0,,66.35,41.69,90.96,7.05,10.0,5.69,Placed
16281,18,89.19,5.08,87.28,43.3,100.0,7.71,6.57,3.47,Placed
16282,20,76.46,5.71,86.73,28.83,90.53,8.35,6.43,4.42,Placed
16283,22,100.0,0.2,67.22,55.48,77.22,8.4,6.34,4.58,Placed
16284,19,67.02,6.7,46.77,78.8,93.42,8.38,6.89,5.0,Placed
16285,21,91.98,4.39,52.75,62.94,94.04,6.87,7.08,5.34,Not Placed
16286,25,59.61,6.2,71.52,63.01,100.0,9.29,9.97,3.72,Placed
16287,18,75.07,1.69,48.53,80.27,76.76,7.86,6.97,5.9,Placed
16288,18,61.83,0.64,66.48,95.02,86.66,4.0,6.28,5.69,Not Placed
16289,20,81.09,7.02,93.32,100.0,100.0,7.19,6.82,6.24,Placed
16290,24,78.67,2.13,77.14,70.31,83.29,6.69,5.81,6.04,Not Placed
16291,21,74.31,3.24,72.69,63.49,96.31,6.78,4.79,5.99,Not Placed
16292,23,91.1,4.75,56.39,61.39,98.09,7.92,6.62,3.59,Not Placed
16293,18,71.19,5.19,74.73,77.46,100.0,7.52,9.6,4.25,Not Placed
16294,23,81.92,5.74,68.12,65.5,100.0,6.34,7.87,2.8,Placed
16295,18,87.85,4.2,75.58,65.56,94.77,8.96,6.22,4.9,Not Placed
16296,23,60.2,1.9,82.91,66.62,87.02,5.61,7.22,2.9,Placed
16297,19,69.02,5.07,85.47,52.93,86.51,5.53,9.82,5.44,Not Placed
16298,24,78.65,5.1,73.93,30.68,78.95,5.85,7.04,6.9,Not Placed
16299,20,85.56,0.53,79.68,57.29,77.68,7.69,5.73,4.5,Not Placed
16300,19,95.05,6.35,64.32,91.32,100.0,7.59,6.88,3.42,Placed
16301,20,75.41,0.2,88.99,90.57,93.32,6.18,7.57,5.49,Placed
16302,18,74.2,5.66,58.69,83.04,89.73,6.44,7.3,6.56,Placed
16303,19,67.53,2.66,68.89,60.1,74.98,7.15,8.54,3.0,Placed
16304,22,81.96,5.07,90.55,55.35,96.08,5.87,6.92,4.73,Not Placed
16305,20,74.43,4.72,64.78,93.99,99.73,8.11,3.99,5.13,Placed
16306,20,74.71,3.73,51.89,50.67,98.96,9.03,7.37,3.94,Not Placed
16307,24,76.87,4.61,65.84,68.63,88.3,6.94,7.28,5.53,Placed
16308,18,84.62,3.64,92.88,95.03,100.0,7.57,7.21,1.22,Placed
16309,21,71.24,5.09,37.94,69.98,93.61,7.28,5.78,5.19,Placed
16310,19,68.73,7.73,73.54,63.3,100.0,8.79,9.19,8.09,Placed
16311,21,83.18,1.39,62.49,86.56,88.1,9.48,5.5,5.62,Placed
16312,20,41.69,0.2,69.49,69.15,71.76,6.72,5.62,4.58,Not Placed
16313,18,70.76,3.05,66.77,71.14,97.84,7.19,6.53,2.07,Placed
16314,18,64.18,2.93,86.41,92.24,100.0,8.18,8.39,3.81,Placed
16315,24,92.44,3.12,72.81,27.28,71.67,7.57,8.44,5.12,Not Placed
16316,18,72.71,2.13,87.16,73.74,83.84,6.06,7.57,4.69,Placed
16317,24,71.27,5.37,91.26,55.74,85.33,4.98,7.87,2.03,Placed
16318,25,77.42,1.31,72.45,64.68,75.8,6.44,5.24,5.0,Placed
16319,21,70.86,4.61,66.61,69.81,84.43,7.55,4.76,2.79,Placed
16320,20,73.17,4.95,77.66,57.19,98.11,6.68,6.35,3.35,Placed
16321,24,79.17,4.37,80.55,71.66,97.32,5.89,7.86,6.29,Placed
16322,25,72.94,4.68,54.7,74.17,86.05,6.46,7.89,4.02,Placed
16323,18,72.85,5.51,75.54,71.26,100.0,9.35,5.76,3.21,Placed
16324,25,65.88,3.9,68.2,69.78,79.85,,5.63,2.53,Not Placed
16325,25,64.15,3.18,65.69,66.12,91.9,6.77,8.2,3.07,Placed
16326,19,78.73,4.68,61.64,66.43,85.52,6.53,7.03,3.42,Placed
16327,18,81.68,4.88,62.61,69.27,95.11,9.5,4.31,6.22,Not Placed
16328,23,60.86,5.4,90.83,52.92,86.6,5.39,5.45,4.44,Not Placed
16329,18,87.12,0.72,66.54,88.32,79.85,6.21,7.38,6.91,Placed
16330,22,87.17,3.47,89.16,66.54,100.0,7.23,5.38,2.16,Placed
16331,18,89.7,1.88,73.97,61.55,81.07,7.36,5.62,7.08,Placed
16332,23,81.6,4.81,55.01,74.33,100.0,8.5,5.66,4.2,Placed
16333,19,85.64,5.11,74.86,66.16,100.0,8.38,7.85,4.05,Placed
16334,18,100.0,3.31,54.18,87.88,85.7,6.31,6.79,4.02,Placed
16335,18,74.38,2.49,81.11,82.31,93.25,7.53,8.81,9.02,Placed
16336,19,65.45,4.87,68.88,69.49,87.34,6.95,6.29,3.55,Not Placed
16337,22,59.59,3.56,84.83,83.02,96.51,6.6,6.55,8.64,Placed
16338,18,99.07,6.37,93.5,71.76,100.0,8.37,7.2,6.23,Placed
16339,24,99.23,6.99,45.97,49.53,100.0,7.46,6.05,2.29,Not Placed
16340,22,66.9,5.6,65.08,82.24,100.0,9.07,4.88,2.58,Placed
16341,20,69.27,4.22,53.86,37.59,94.54,7.73,6.38,4.88,Placed
16342,25,74.11,7.09,100.0,15.0,89.15,8.27,5.9,4.71,Placed
16343,23,92.69,4.23,65.4,79.17,79.24,4.0,6.65,3.7,Placed
16344,23,62.55,2.94,52.27,75.1,78.14,7.26,6.08,3.43,Not Placed
16345,19,54.4,2.58,100.0,74.03,100.0,7.68,7.34,7.6,Not Placed
16346,23,100.0,2.53,61.11,90.23,100.0,7.79,6.38,4.81,Placed
16347,22,81.75,3.79,47.67,67.6,98.47,9.01,4.86,5.44,Placed
16348,25,83.45,4.63,54.62,61.95,97.78,7.9,6.05,4.73,Placed
16349,21,75.54,1.25,74.15,80.75,79.01,5.7,5.36,4.59,Not Placed
16350,23,83.59,2.99,72.69,56.58,91.81,7.81,9.11,8.81,Placed
16351,20,59.83,4.18,59.46,64.19,93.1,8.17,6.86,5.65,Placed
16352,18,67.91,4.96,64.72,72.04,89.39,6.43,7.6,9.76,Placed
16353,19,79.26,3.75,72.8,73.32,87.52,6.67,6.68,6.06,Placed
16354,24,50.75,4.24,91.86,62.67,100.0,8.11,9.0,3.2,Not Placed
16355,23,74.37,1.57,77.0,60.15,72.85,7.17,5.29,6.99,Not Placed
16356,20,73.63,2.16,63.55,50.08,82.46,8.48,5.85,4.35,Placed
16357,23,74.37,3.69,68.57,55.41,98.68,7.39,8.14,7.55,Placed
16358,18,71.39,4.72,83.55,97.11,100.0,4.55,6.18,3.15,Not Placed
16359,18,66.05,4.22,97.2,63.75,89.23,7.24,5.9,1.33,Not Placed
16360,22,56.14,2.27,55.43,71.03,64.02,6.69,6.13,4.7,Placed
16361,22,79.74,3.37,88.71,44.14,85.58,7.91,9.12,7.44,Placed
16362,25,74.4,6.52,67.31,100.0,100.0,7.68,9.25,3.24,Placed
16363,24,61.5,4.78,47.64,54.22,80.15,6.04,7.29,5.66,Placed
16364,20,78.75,3.51,44.67,49.2,84.3,7.41,7.04,3.15,Not Placed
16365,24,74.46,1.95,92.01,67.02,97.38,7.81,7.74,6.39,Placed
16366,21,72.47,2.52,93.8,53.72,92.55,7.7,7.27,3.77,Placed
16367,24,52.12,3.81,63.46,73.84,99.65,8.34,7.01,5.04,Not Placed
16368,19,86.19,4.3,68.82,43.81,89.68,5.94,6.26,3.83,Placed
16369,18,63.2,4.82,45.26,86.19,77.98,6.98,6.06,3.0,Not Placed
16370,18,78.76,4.5,83.43,83.04,96.14,4.5,7.4,0.65,Not Placed
16371,25,68.3,3.13,71.57,66.1,95.56,8.59,6.97,1.9,Placed
16372,18,73.34,2.88,48.72,41.51,82.98,7.32,8.56,3.94,Not Placed
16373,25,91.83,7.48,75.07,55.0,100.0,7.07,6.49,5.4,Not Placed
16374,23,84.38,2.8,51.16,69.0,71.99,7.05,5.69,8.21,Not Placed
16375,19,91.56,1.47,80.36,48.63,90.03,7.78,5.05,3.46,Not Placed
16376,24,81.96,0.85,55.76,51.23,87.57,8.45,5.88,3.23,Placed
16377,19,82.75,3.16,77.06,84.79,84.29,6.85,5.07,1.85,Placed
16378,19,56.63,5.49,62.2,70.48,100.0,7.69,8.18,6.21,Placed
16379,22,74.19,2.76,36.51,69.97,90.34,7.68,6.29,5.64,Not Placed
16380,20,75.3,6.46,86.94,76.44,87.92,4.56,5.88,5.39,Not Placed
16381,20,92.68,3.79,87.76,65.38,88.17,6.35,7.38,5.19,Not Placed
16382,19,71.93,5.8,64.17,67.05,100.0,7.72,9.14,3.75,Not Placed
16383,22,81.18,2.44,76.12,75.3,97.25,8.68,6.29,7.22,Placed
16384,18,80.71,2.46,78.57,80.94,100.0,8.83,5.44,2.95,Placed
16385,19,91.89,3.96,79.06,75.97,98.46,5.73,6.33,3.55,Placed
16386,22,76.4,4.67,97.88,91.37,100.0,8.4,4.57,2.47,Placed
16387,21,87.93,3.48,78.25,68.39,94.31,8.44,7.42,4.24,Placed
16388,23,57.54,4.33,66.64,46.45,87.25,7.7,7.49,2.95,Placed
16389,19,58.63,4.86,78.42,85.41,92.35,4.78,6.27,3.24,Placed
16390,23,50.6,1.24,65.55,64.08,74.33,6.56,5.46,2.1,Placed
16391,24,87.43,3.19,56.02,55.7,97.24,7.33,9.68,2.58,Not Placed
16392,21,86.08,2.87,90.3,79.4,100.0,6.92,5.32,1.28,Placed
16393,20,88.76,2.95,80.01,73.93,78.81,4.6,5.9,5.22,Placed
16394,22,69.87,4.53,44.08,47.54,82.99,6.89,6.84,2.78,Placed
16395,22,71.24,2.89,61.75,78.73,81.17,6.08,7.83,7.72,Placed
16396,18,76.55,0.2,83.36,97.99,91.51,7.91,6.62,6.39,Placed
16397,22,95.32,3.37,48.54,73.18,83.49,7.78,6.84,4.64,Placed
16398,19,98.33,1.88,60.71,63.9,94.08,7.83,7.53,5.64,Placed
16399,22,87.53,4.69,100.0,41.29,100.0,6.76,10.0,6.22,Placed
16400,25,81.97,5.25,67.03,100.0,100.0,7.22,6.1,3.51,Placed
16401,22,94.02,0.2,88.24,59.73,100.0,7.1,6.19,4.09,Not Placed
16402,24,74.93,2.41,94.51,45.47,98.74,8.3,6.67,6.66,Placed
16403,20,73.31,4.44,58.37,69.77,83.86,6.56,7.61,6.79,Placed
16404,25,76.45,1.26,76.0,84.13,95.4,6.29,9.83,2.96,Not Placed
16405,24,66.26,5.21,100.0,87.77,100.0,8.35,6.67,9.09,Placed
16406,25,75.9,5.69,78.89,57.24,100.0,8.19,7.47,1.79,Placed
16407,23,64.59,3.51,100.0,66.42,92.68,7.76,4.21,0.5,Placed
16408,23,90.3,2.41,62.45,68.01,96.57,9.1,6.88,7.95,Placed
16409,22,84.52,0.2,98.96,83.62,100.0,9.71,6.78,5.96,Not Placed
16410,25,95.15,5.27,72.25,77.49,100.0,8.68,8.02,4.87,Placed
16411,24,58.45,7.4,67.09,72.33,100.0,6.3,6.18,6.12,Placed
16412,21,100.0,7.03,81.6,82.64,100.0,8.2,5.33,3.14,Not Placed
16413,18,59.13,3.45,70.33,46.21,74.18,7.33,7.08,1.02,Not Placed
16414,18,63.62,1.83,70.73,74.73,78.03,6.53,4.93,3.6,Placed
16415,19,70.55,5.31,79.28,71.55,93.75,6.31,5.84,3.11,Placed
16416,18,93.69,3.57,44.88,67.2,99.69,7.52,6.87,2.52,Not Placed
16417,19,80.71,4.66,60.02,64.01,94.89,8.18,3.92,3.29,Placed
16418,18,75.07,4.34,82.84,70.15,100.0,8.86,6.49,3.32,Placed
16419,25,68.49,3.97,86.87,58.88,99.64,8.01,8.7,3.56,Placed
16420,18,61.49,5.65,77.36,100.0,100.0,7.89,4.87,5.26,Placed
16421,23,91.59,5.72,76.14,89.74,100.0,6.95,5.98,5.62,Placed
16422,20,87.58,2.86,78.04,85.49,100.0,7.46,7.51,5.1,Placed
16423,19,94.23,2.14,86.37,59.53,90.0,5.41,7.78,0.5,Placed
16424,23,82.76,0.2,50.61,52.68,85.0,7.88,6.87,2.47,Placed
16425,25,46.29,3.18,64.36,64.61,79.12,7.72,6.58,2.49,Placed
16426,24,63.07,1.83,70.88,69.83,97.39,9.5,8.78,6.89,Placed
16427,25,83.58,4.55,74.94,44.83,89.2,7.15,7.06,2.8,Placed
16428,22,73.56,3.2,40.36,75.68,90.61,8.63,5.53,0.71,Placed
16429,23,71.29,3.39,53.14,85.31,99.89,6.63,6.94,5.88,Placed
16430,19,64.76,5.26,71.75,32.23,88.67,9.24,6.64,4.68,Placed
16431,24,89.37,4.52,87.2,53.59,95.93,8.94,6.27,9.53,Placed
16432,23,83.47,3.59,65.71,87.65,91.63,8.56,4.78,1.74,Not Placed
16433,20,84.01,6.84,62.0,73.98,98.22,7.27,6.79,4.06,Placed
16434,20,70.4,5.13,79.93,54.14,83.52,6.93,7.5,2.43,Placed
16435,22,80.12,3.05,67.08,79.77,100.0,6.75,7.7,2.43,Not Placed
16436,18,61.95,3.13,85.21,58.49,87.8,6.03,6.81,2.85,Not Placed
16437,24,76.44,5.22,68.68,64.22,100.0,7.76,6.84,2.3,Placed
16438,20,47.66,4.17,55.27,49.78,81.34,6.9,6.13,4.87,Not Placed
16439,18,59.18,1.78,93.31,68.27,84.73,7.66,7.96,4.63,Placed
16440,20,74.13,5.41,90.56,84.29,100.0,7.4,5.37,4.44,Placed
16441,24,100.0,6.06,57.67,60.36,90.7,5.91,6.17,7.04,Placed
16442,20,56.39,5.93,77.94,78.33,100.0,8.47,5.83,5.62,Not Placed
16443,22,63.08,6.58,67.1,67.2,77.79,7.32,6.67,6.17,Placed
16444,24,80.6,7.52,81.29,85.26,100.0,8.23,8.38,4.82,Placed
16445,18,99.23,6.91,58.86,60.59,89.95,5.8,5.37,5.12,Placed
16446,24,80.43,4.41,85.08,92.88,100.0,6.28,7.14,6.36,Placed
16447,20,86.43,3.42,89.92,78.91,90.35,6.73,7.16,2.21,Placed
16448,23,73.95,0.51,57.79,71.9,98.1,7.49,5.64,3.19,Not Placed
16449,19,71.87,3.82,73.02,72.49,100.0,7.08,6.57,4.65,Not Placed
16450,19,78.99,4.73,90.24,60.56,100.0,8.84,5.72,4.58,Placed
16451,24,70.1,3.88,56.98,59.53,100.0,8.44,6.92,1.66,Placed
16452,24,86.69,0.4,61.97,72.2,83.43,6.32,6.66,6.02,Placed
16453,25,58.72,3.28,81.93,48.82,88.18,10.0,8.61,7.38,Placed
16454,23,88.68,4.96,69.59,58.37,95.76,7.1,5.88,7.23,Placed
16455,21,78.47,1.95,48.37,53.0,83.04,8.75,6.59,3.11,Not Placed
16456,19,75.42,4.1,67.2,77.15,90.89,6.86,6.35,6.2,Placed
16457,20,58.28,4.58,98.2,77.39,100.0,7.95,8.43,3.69,Not Placed
16458,23,66.24,5.81,100.0,88.29,100.0,8.34,6.21,4.64,Placed
16459,20,92.38,6.88,62.44,62.65,87.94,5.39,5.73,6.7,Not Placed
16460,21,75.5,3.12,58.3,55.08,96.75,9.3,5.87,7.18,Placed
16461,19,81.34,4.13,65.13,44.49,77.59,6.26,5.85,3.62,Not Placed
16462,21,67.45,4.19,99.03,72.34,95.62,6.78,6.1,3.46,Placed
16463,19,77.65,4.97,84.63,90.35,98.9,6.47,5.77,7.5,Placed
16464,18,61.53,4.77,93.96,66.81,98.99,6.52,6.82,4.3,Not Placed
16465,19,79.2,6.37,86.98,68.43,100.0,6.58,5.24,0.5,Not Placed
16466,22,82.45,0.2,52.21,67.9,69.65,5.77,7.49,5.38,Not Placed
16467,20,81.85,4.55,57.77,72.06,88.4,8.11,6.85,2.9,Not Placed
16468,18,67.16,4.68,61.56,83.95,100.0,7.34,8.75,3.93,Placed
16469,22,73.9,3.38,64.17,98.71,82.05,7.03,7.36,5.69,Not Placed
16470,19,84.45,0.2,61.83,75.97,95.69,8.42,7.24,0.8,Placed
16471,18,75.46,3.69,63.57,77.03,100.0,9.32,9.21,6.03,Not Placed
16472,19,74.55,2.52,81.61,64.17,87.52,5.33,7.32,1.47,Placed
16473,21,100.0,6.82,74.04,66.28,100.0,9.15,6.54,3.01,Placed
16474,25,66.59,4.48,90.3,66.06,93.12,7.17,5.76,5.14,Placed
16475,19,90.97,2.37,75.78,62.14,88.2,5.58,8.54,2.04,Placed
16476,20,64.14,0.2,61.86,70.04,83.6,7.7,5.59,2.05,Placed
16477,19,85.86,4.86,74.83,78.0,100.0,7.06,5.43,5.17,Placed
16478,20,86.5,5.05,49.33,69.02,77.2,8.23,5.44,5.56,Placed
16479,23,71.88,3.41,37.32,63.51,82.63,7.37,5.9,4.14,Not Placed
16480,20,63.39,4.89,81.65,70.02,100.0,7.63,6.85,5.74,Not Placed
16481,23,54.35,3.17,87.27,52.64,72.42,6.68,6.49,12.0,Placed
16482,25,70.62,5.72,73.08,80.85,100.0,5.97,7.43,1.52,Placed
16483,25,84.31,5.59,66.13,61.39,100.0,8.09,5.49,0.5,Not Placed
16484,22,65.07,0.85,51.87,49.52,68.24,6.57,5.75,6.75,Not Placed
16485,23,79.16,1.29,89.5,75.39,96.98,7.68,6.98,2.13,Not Placed
16486,25,60.28,7.46,79.39,76.18,100.0,8.98,5.64,5.24,Placed
16487,24,75.19,5.48,76.37,54.24,90.94,7.01,5.17,5.71,Placed
16488,20,64.24,1.53,71.93,77.98,91.71,8.04,4.96,4.43,Placed
16489,19,77.06,0.97,64.96,78.14,82.84,7.16,6.74,5.06,Placed
16490,18,71.99,4.17,55.3,99.6,91.94,6.76,6.72,7.92,Placed
16491,25,63.72,1.74,75.79,64.24,81.43,5.33,6.66,3.28,Not Placed
16492,22,70.09,3.23,63.92,67.13,90.66,7.15,8.26,7.05,Not Placed
16493,20,66.79,3.71,65.64,58.29,92.32,7.0,7.16,1.88,Not Placed
16494,20,62.23,3.64,97.77,75.9,81.79,6.16,6.8,5.2,Not Placed
16495,20,90.99,5.83,71.28,67.93,96.67,4.76,8.42,5.47,Not Placed
16496,24,73.68,7.1,35.21,83.81,82.21,5.2,7.97,4.35,Not Placed
16497,22,51.57,2.94,63.97,61.06,86.46,9.34,5.92,6.44,Placed
16498,25,70.52,1.76,56.98,75.55,100.0,7.25,7.8,4.59,Not Placed
16499,20,88.98,4.5,69.91,64.19,95.71,5.48,8.93,5.17,Not Placed
16500,21,68.86,6.74,50.63,38.52,91.34,6.48,8.93,3.09,Not Placed
16501,18,95.97,3.07,78.5,78.05,96.53,7.21,7.97,2.5,Placed
16502,25,67.72,5.33,67.56,40.03,100.0,7.74,7.27,2.45,Placed
16503,22,84.04,2.29,64.86,65.45,90.8,6.92,7.15,3.27,Not Placed
16504,22,90.44,3.84,74.24,65.7,93.82,9.63,8.55,1.94,Placed
16505,21,83.4,1.71,70.85,67.87,,9.68,5.19,8.24,Placed
16506,20,61.51,3.82,69.98,68.76,96.44,7.66,8.32,3.88,Placed
16507,25,66.69,3.59,68.64,68.6,87.27,6.76,6.96,4.48,Placed
16508,21,92.04,4.89,71.7,73.81,100.0,7.66,5.69,2.2,Placed
16509,23,68.34,7.0,77.15,66.26,82.76,5.61,5.38,8.59,Placed
16510,18,89.71,3.1,75.27,100.0,100.0,8.4,4.75,3.99,Placed
16511,20,72.84,0.2,88.9,62.52,82.0,7.41,7.48,3.32,Not Placed
16512,24,79.7,3.44,63.8,48.44,84.8,5.75,9.11,3.51,Placed
16513,18,61.37,4.34,75.57,45.44,79.45,6.5,6.2,4.08,Placed
16514,18,70.7,4.16,100.0,78.53,100.0,7.89,5.78,3.89,Placed
16515,24,67.5,3.52,71.39,42.53,90.06,5.2,8.25,1.81,Placed
16516,20,80.71,6.48,71.97,48.64,80.39,6.13,6.94,6.22,Placed
16517,20,79.12,4.05,53.05,46.34,100.0,6.64,8.31,2.27,Not Placed
16518,22,83.55,3.61,61.3,75.31,100.0,8.37,5.63,6.12,Not Placed
16519,19,72.11,2.4,70.4,89.29,100.0,9.26,7.58,1.84,Placed
16520,18,66.84,0.66,80.0,52.9,93.45,7.65,8.98,4.85,Placed
16521,18,80.19,4.39,81.74,74.75,93.46,4.0,5.54,2.45,Placed
16522,18,65.64,4.24,76.89,25.81,82.55,5.86,6.42,3.04,Not Placed
16523,19,90.94,1.89,84.06,56.08,94.32,10.0,6.37,5.46,Not Placed
16524,23,76.63,3.72,57.01,77.64,86.31,7.39,7.7,6.86,Not Placed
16525,20,74.09,3.54,79.33,63.0,75.35,4.07,8.31,8.15,Placed
16526,18,83.55,2.68,72.2,83.9,100.0,10.0,5.98,5.25,Not Placed
16527,18,77.08,2.37,73.87,32.27,68.29,5.6,9.8,4.49,Placed
16528,21,58.1,4.53,66.57,56.24,86.49,7.89,6.87,2.57,Not Placed
16529,24,65.26,3.39,57.7,75.24,92.79,5.82,6.12,0.92,Not Placed
16530,20,90.69,2.74,53.77,75.04,100.0,9.84,8.51,5.74,Placed
16531,18,79.01,2.25,76.81,76.27,80.08,5.5,6.97,3.99,Placed
16532,19,57.82,3.57,79.47,71.32,100.0,6.5,6.35,4.52,Placed
16533,21,82.23,5.46,70.06,49.69,88.97,8.46,6.15,3.7,Placed
16534,19,71.29,4.17,71.78,55.53,83.26,6.54,9.32,3.06,Placed
16535,25,67.51,3.37,61.2,100.0,83.83,7.78,5.61,5.85,Placed
16536,24,64.26,4.36,79.55,47.85,78.82,8.2,8.15,7.91,Placed
16537,20,90.0,6.26,72.91,45.35,100.0,7.41,5.83,2.1,Placed
16538,25,54.41,4.68,66.52,78.88,87.08,5.87,6.05,0.75,Not Placed
16539,20,67.95,4.27,84.99,51.05,87.2,6.26,6.7,4.03,Placed
16540,19,79.44,4.95,81.68,96.68,100.0,6.74,7.36,3.06,Placed
16541,25,96.94,3.52,48.96,100.0,90.24,7.9,4.83,6.87,Placed
16542,25,84.65,4.13,72.74,64.14,85.0,8.17,6.15,5.51,Placed
16543,20,67.85,2.92,57.63,72.95,71.08,7.45,8.03,8.29,Placed
16544,22,96.35,1.01,74.09,38.81,81.84,8.04,8.03,6.66,Placed
16545,19,61.74,4.42,24.72,84.51,81.55,5.29,6.45,4.71,Placed
16546,23,81.18,4.42,74.96,32.18,78.88,7.56,5.39,4.8,Placed
16547,23,83.85,3.28,82.68,46.57,72.11,7.12,7.06,5.28,Placed
16548,23,67.43,5.66,70.34,69.9,100.0,7.79,7.8,2.68,Not Placed
16549,22,86.37,2.5,54.53,76.76,100.0,8.1,7.02,5.37,Placed
16550,23,71.83,0.61,100.0,44.26,65.81,5.94,8.49,7.24,Placed
16551,22,86.34,2.55,89.34,59.32,83.32,7.07,6.48,3.24,Placed
16552,24,55.92,1.03,64.03,41.41,81.25,8.8,5.22,4.02,Placed
16553,19,82.02,4.41,68.08,62.93,79.08,7.56,6.09,5.81,Placed
16554,21,73.05,2.45,42.28,55.19,65.58,7.08,6.8,7.5,Not Placed
16555,21,91.8,5.57,79.1,57.83,100.0,5.74,5.96,3.02,Placed
16556,22,77.47,5.53,51.46,78.42,94.35,7.85,6.18,4.99,Placed
16557,19,92.99,2.14,82.0,72.51,89.0,5.53,7.95,4.44,Not Placed
16558,20,84.09,2.35,87.39,76.98,85.27,6.99,5.83,3.95,Placed
16559,25,76.47,4.76,70.95,65.93,100.0,6.61,5.2,0.78,Placed
16560,18,87.45,5.56,56.03,79.47,100.0,7.67,7.77,3.01,Placed
16561,23,87.53,0.2,90.74,67.44,94.5,6.48,7.57,2.04,Placed
16562,23,83.66,4.31,72.03,60.14,86.56,6.81,5.56,4.23,Placed
16563,21,50.49,0.2,73.4,77.13,68.51,6.11,7.65,3.59,Placed
16564,18,66.21,2.81,58.03,61.23,80.85,6.9,5.44,2.12,Not Placed
16565,18,94.61,5.77,74.9,62.73,95.42,7.46,5.93,3.97,Placed
16566,20,62.93,9.22,68.96,85.09,100.0,6.78,5.47,8.23,Not Placed
16567,18,88.59,3.37,52.07,83.59,86.73,6.82,6.25,3.17,Not Placed
16568,18,86.48,1.56,92.1,63.25,83.55,7.4,7.48,3.72,Placed
16569,19,69.29,2.88,98.39,81.97,100.0,8.4,7.12,4.05,Placed
16570,19,54.06,3.92,87.27,47.55,92.36,8.09,5.82,3.04,Not Placed
16571,24,71.17,2.59,85.03,63.34,78.43,5.65,7.03,1.34,Placed
16572,23,100.0,2.14,98.48,55.97,100.0,8.12,7.26,8.12,Placed
16573,18,67.64,3.03,56.29,67.97,90.72,8.84,7.95,0.84,Not Placed
16574,23,68.47,4.51,56.11,79.75,100.0,8.05,7.23,1.07,Placed
16575,19,66.03,3.5,65.78,76.89,60.42,4.3,7.69,6.0,Placed
16576,21,92.58,2.21,76.47,74.71,96.0,7.52,6.88,0.5,Placed
16577,18,75.09,2.59,67.61,70.2,79.32,8.86,5.82,6.04,Placed
16578,18,70.49,3.06,56.7,65.45,75.67,6.66,6.99,6.22,Placed
16579,19,94.96,2.0,72.08,87.22,100.0,10.0,8.26,2.9,Placed
16580,21,84.95,2.53,70.58,43.26,76.28,4.58,8.32,4.58,Not Placed
16581,21,66.97,4.96,84.62,57.33,85.07,7.38,3.7,4.4,Placed
16582,20,63.32,3.39,72.67,74.58,96.34,8.07,7.55,2.89,Placed
16583,22,91.9,0.64,43.43,92.45,90.24,7.41,6.21,3.27,Not Placed
16584,23,78.2,5.64,77.78,62.47,94.85,7.38,7.28,4.19,Placed
16585,23,59.41,4.55,95.73,63.83,93.2,5.95,5.16,3.57,Placed
16586,22,56.6,1.31,72.43,47.36,71.79,6.51,6.28,5.65,Placed
16587,22,64.61,3.14,86.8,59.34,85.35,7.89,4.88,4.2,Placed
16588,21,63.13,2.37,64.42,79.33,88.28,4.66,6.28,5.4,Placed
16589,19,53.45,5.02,80.49,93.27,100.0,8.29,7.53,3.72,Not Placed
16590,21,64.81,3.13,60.83,63.31,75.94,7.06,7.33,5.78,Placed
16591,18,66.97,3.67,68.3,55.22,96.89,7.86,9.38,6.27,Placed
16592,25,72.45,3.46,68.42,69.12,100.0,8.22,6.18,0.54,Placed
16593,20,98.31,1.14,79.15,42.17,77.95,10.0,5.75,5.26,Not Placed
16594,24,74.8,6.33,59.64,87.77,98.56,8.88,8.46,3.11,Not Placed
16595,25,75.99,4.99,50.03,48.31,81.64,5.76,4.74,3.62,Placed
16596,21,84.11,2.45,79.05,73.02,97.79,9.79,7.03,5.13,Placed
16597,24,75.15,4.15,78.49,72.78,85.53,4.0,7.4,4.74,Placed
16598,21,82.8,5.55,73.69,78.04,94.07,6.67,4.03,4.03,Placed
16599,19,81.37,3.9,85.99,72.09,99.4,7.41,5.49,5.82,Placed
16600,18,79.47,6.6,68.96,68.04,100.0,6.81,5.16,4.86,Placed
16601,19,100.0,9.05,76.22,74.86,100.0,7.54,7.8,2.98,Placed
16602,25,88.93,3.57,66.75,81.36,86.23,7.0,6.03,6.7,Not Placed
16603,21,65.02,2.75,68.12,96.74,100.0,8.74,6.49,6.63,Placed
16604,20,82.44,2.02,77.1,50.36,82.62,6.62,4.86,4.53,Placed
16605,21,68.5,0.2,100.0,38.58,81.28,7.06,5.83,3.38,Not Placed
16606,20,83.36,6.05,83.13,43.25,100.0,9.33,5.85,2.96,Placed
16607,24,61.5,3.16,80.23,38.99,90.87,8.36,6.54,7.85,Not Placed
16608,25,64.71,5.38,83.6,48.81,91.46,7.0,6.43,4.13,Placed
16609,18,82.13,5.74,36.78,46.77,82.51,7.77,8.56,4.79,Not Placed
16610,23,89.97,1.85,76.79,61.34,100.0,9.45,7.63,5.34,Placed
16611,20,84.03,2.12,85.66,81.68,99.12,5.54,4.67,0.5,Placed
16612,18,88.25,6.94,73.27,78.02,100.0,5.9,8.02,2.67,Placed
16613,25,82.49,3.67,71.35,58.04,99.38,6.51,7.86,8.9,Placed
16614,18,80.07,2.61,57.9,59.43,91.75,7.46,6.88,0.5,Placed
16615,19,71.96,1.92,65.5,100.0,100.0,8.36,7.98,1.51,Placed
16616,18,87.76,3.55,59.5,77.52,100.0,6.28,8.24,3.6,Not Placed
16617,21,90.3,6.51,86.99,70.76,100.0,6.07,6.22,2.52,Not Placed
16618,22,77.24,5.03,94.53,69.94,100.0,5.63,5.34,3.0,Placed
16619,20,76.6,4.13,100.0,63.37,81.89,6.07,7.48,2.19,Not Placed
16620,18,97.1,6.66,59.25,100.0,100.0,6.41,5.82,4.16,Placed
16621,18,77.75,6.31,61.97,64.96,84.36,4.6,7.12,5.21,Placed
16622,25,78.91,4.4,60.75,70.39,85.42,6.53,5.55,5.3,Placed
16623,24,83.81,8.8,56.72,41.62,95.53,5.94,7.97,2.86,Placed
16624,25,76.83,3.35,56.96,57.82,78.06,7.0,5.89,6.45,Placed
16625,22,68.16,5.78,64.27,59.19,100.0,9.24,6.55,4.79,Placed
16626,22,82.54,3.09,85.12,75.78,79.15,5.29,6.47,6.64,Placed
16627,24,77.53,5.43,61.23,55.6,82.62,8.42,5.1,5.08,Not Placed
16628,22,100.0,3.35,87.8,68.77,100.0,9.2,8.1,3.98,Not Placed
16629,21,87.46,4.63,92.51,58.3,100.0,8.36,8.34,4.03,Placed
16630,20,70.85,8.1,76.28,50.39,98.35,7.61,6.63,5.2,Placed
16631,21,86.75,5.51,90.44,49.74,100.0,8.78,5.89,7.02,Placed
16632,18,81.69,4.66,51.58,65.23,92.69,7.96,6.52,4.75,Not Placed
16633,19,93.71,2.41,63.63,69.65,100.0,8.53,6.19,4.92,Not Placed
16634,23,71.71,4.14,74.84,64.9,99.46,7.34,6.77,5.63,Placed
16635,24,80.26,1.99,75.35,54.67,78.83,5.93,6.43,0.95,Placed
16636,18,76.81,5.4,93.44,65.8,100.0,8.6,5.71,1.64,Placed
16637,18,78.7,5.35,57.02,62.84,100.0,10.0,8.16,4.94,Placed
16638,18,67.38,3.48,63.95,51.33,97.03,6.79,6.54,2.59,Not Placed
16639,24,84.91,6.79,70.73,69.33,96.8,7.23,9.12,3.97,Not Placed
16640,20,83.02,,64.22,96.97,100.0,7.33,6.93,4.47,Placed
16641,20,93.42,4.07,56.36,65.61,88.59,5.44,6.31,9.33,Placed
16642,18,77.88,4.82,64.85,44.62,96.55,6.18,6.46,4.15,Placed
16643,25,73.06,2.74,68.32,91.5,99.47,7.57,6.36,0.5,Not Placed
16644,21,87.47,3.31,93.71,88.11,100.0,7.09,6.67,4.91,Placed
16645,24,68.47,1.86,56.7,90.92,88.44,7.22,7.07,6.53,Placed
16646,23,91.02,2.94,84.23,67.32,94.25,7.23,5.45,5.56,Not Placed
16647,19,90.99,3.61,91.08,55.46,100.0,7.06,5.57,5.43,Placed
16648,24,93.09,0.81,64.31,53.71,83.99,6.28,7.74,3.03,Placed
16649,22,82.52,4.84,75.9,86.26,100.0,7.72,7.42,3.66,Not Placed
16650,22,72.16,5.64,80.64,93.69,100.0,7.59,4.91,2.8,Not Placed
16651,19,79.31,3.79,78.17,53.27,95.38,6.14,7.43,3.03,Placed
16652,24,82.56,0.2,73.23,27.68,69.77,7.7,7.81,4.08,Not Placed
16653,25,71.28,3.34,61.82,67.72,86.66,6.45,7.1,6.34,Placed
16654,21,94.0,1.29,81.94,53.53,83.72,7.98,4.82,10.26,Placed
16655,18,84.96,2.7,66.38,56.68,77.18,7.15,5.2,4.79,Placed
16656,24,67.29,6.41,72.43,64.19,96.51,7.67,6.74,5.58,Not Placed
16657,25,100.0,0.2,74.64,74.56,93.14,7.41,9.06,0.5,Placed
16658,22,79.17,2.33,84.84,55.5,84.87,7.13,6.15,3.62,Placed
16659,22,64.87,5.29,100.0,70.18,100.0,7.59,7.53,7.56,Placed
16660,19,68.04,2.54,60.93,65.98,88.34,8.21,6.03,4.69,Placed
16661,18,95.85,2.4,72.79,31.11,88.62,7.34,8.84,4.29,Placed
16662,25,99.9,7.46,49.73,76.72,100.0,7.33,6.85,10.3,Placed
16663,21,90.11,4.48,94.22,60.78,94.88,6.78,5.34,6.88,Placed
16664,20,93.83,5.48,72.66,47.78,82.23,5.02,5.82,6.04,Placed
16665,23,92.6,4.69,67.5,56.38,100.0,7.24,5.72,4.37,Placed
16666,18,84.68,4.09,72.78,71.25,100.0,5.68,6.94,5.04,Placed
16667,18,81.95,6.08,73.54,68.74,100.0,6.52,5.96,8.78,Placed
16668,19,84.48,7.23,61.02,78.31,96.86,6.16,6.21,8.96,Placed
16669,21,86.83,0.77,89.82,74.99,94.67,6.34,9.14,3.43,Not Placed
16670,20,69.1,3.74,81.67,49.25,81.43,6.41,6.1,1.25,Placed
16671,19,86.78,3.72,83.76,20.73,87.64,7.78,7.01,4.6,Placed
16672,20,95.5,3.03,61.8,69.93,85.23,7.6,6.47,6.03,Placed
16673,20,75.52,5.57,60.99,78.1,100.0,7.33,6.74,8.11,Placed
16674,22,74.24,4.26,70.3,64.76,100.0,8.65,7.6,4.29,Placed
16675,22,83.72,7.27,84.0,78.57,100.0,10.0,4.16,3.8,Placed
16676,25,70.2,5.78,79.53,51.97,100.0,7.81,6.98,6.72,Placed
16677,24,62.2,6.26,60.33,62.46,100.0,8.29,6.35,2.65,Not Placed
16678,20,91.77,1.64,82.02,53.27,84.49,7.54,7.01,4.03,Placed
16679,25,72.59,2.35,57.42,79.16,93.17,7.98,6.56,4.51,Placed
16680,22,78.22,2.5,62.08,53.43,86.68,5.25,6.57,4.36,Not Placed
16681,19,70.68,6.18,74.37,100.0,100.0,4.0,7.15,7.06,Placed
16682,20,93.32,2.06,54.43,59.97,82.54,4.66,6.14,5.57,Not Placed
16683,23,88.24,2.11,57.55,80.77,89.56,6.45,9.16,3.42,Placed
16684,24,75.11,1.78,95.28,60.17,88.62,8.84,5.65,4.03,Placed
16685,20,63.84,8.76,92.49,89.4,100.0,7.51,8.53,10.1,Placed
16686,19,73.84,3.54,100.0,88.79,100.0,6.73,5.31,1.61,Placed
16687,19,84.84,4.75,78.76,62.82,100.0,7.88,6.48,0.74,Placed
16688,18,80.26,1.75,81.67,72.4,91.11,7.62,7.17,2.02,Placed
16689,23,79.31,5.53,69.68,88.38,89.08,5.57,5.68,5.11,Not Placed
16690,22,80.54,0.61,66.74,72.87,89.01,7.76,5.6,6.77,Not Placed
16691,21,87.11,2.04,85.08,53.27,87.65,8.2,6.46,4.27,Placed
16692,23,77.5,2.48,92.43,69.12,100.0,9.72,7.87,3.37,Not Placed
16693,24,83.4,4.19,83.8,56.03,93.88,7.1,6.9,3.03,Not Placed
16694,24,66.16,2.37,59.4,70.42,98.26,9.23,9.07,1.03,Placed
16695,19,100.0,6.54,77.87,55.4,92.14,6.71,7.48,7.7,Placed
16696,22,74.59,4.71,60.45,73.96,100.0,9.99,6.25,4.09,Placed
16697,25,80.44,2.56,67.13,39.38,72.55,6.49,3.57,4.95,Placed
16698,24,84.8,5.6,96.54,50.05,92.38,7.97,4.94,6.21,Placed
16699,20,73.07,3.09,54.01,55.31,80.71,7.54,6.48,7.27,Placed
16700,21,78.09,2.74,100.0,65.44,94.73,8.99,4.92,4.05,Placed
16701,25,77.95,5.41,80.24,43.81,90.16,8.83,6.57,2.68,Placed
16702,18,67.03,0.2,65.01,53.86,76.08,5.95,7.07,4.46,Placed
16703,22,83.26,5.12,73.02,80.45,92.65,6.8,6.45,4.24,Not Placed
16704,18,58.21,2.52,61.73,82.35,100.0,9.75,6.47,3.38,Not Placed
16705,25,99.03,2.51,63.8,27.46,100.0,7.32,9.15,1.98,Placed
16706,18,87.52,7.32,73.1,58.61,100.0,8.18,6.88,5.28,Not Placed
16707,18,85.67,2.84,67.07,88.4,93.0,5.92,6.63,7.15,Placed
16708,20,57.16,5.52,58.01,74.18,85.47,6.9,5.61,8.0,Placed
16709,19,68.49,4.3,68.68,74.52,94.11,6.35,6.8,2.99,Placed
16710,21,94.67,4.49,52.28,77.03,86.33,8.31,6.23,8.02,Placed
16711,20,100.0,3.35,52.92,52.66,99.49,8.09,8.96,2.3,Not Placed
16712,20,92.34,3.26,52.77,71.42,99.33,8.67,7.48,4.8,Placed
16713,22,90.44,6.55,97.07,75.55,100.0,5.9,8.5,6.59,Not Placed
16714,22,84.3,5.47,78.08,69.71,89.53,7.86,7.05,5.61,Placed
16715,25,67.83,2.9,80.94,61.7,85.34,7.22,8.3,7.32,Not Placed
16716,21,89.94,1.92,72.17,67.23,82.02,4.27,5.6,2.45,Not Placed
16717,22,64.79,2.75,79.59,49.76,93.45,7.76,7.1,4.13,Placed
16718,23,63.47,5.57,89.64,77.83,100.0,8.75,5.76,4.09,Placed
16719,19,62.72,5.92,78.12,45.03,100.0,9.08,6.27,6.78,Not Placed
16720,23,89.71,4.8,96.6,54.94,100.0,7.16,6.85,4.04,Placed
16721,24,77.31,0.89,71.44,78.91,91.05,8.2,5.65,4.97,Placed
16722,20,79.21,5.16,80.98,72.64,90.01,7.85,5.05,3.98,Placed
16723,19,77.82,6.15,82.56,60.25,100.0,6.29,7.98,5.22,Placed
16724,20,64.49,4.11,58.02,40.6,86.66,6.12,4.78,3.0,Placed
16725,20,69.95,7.36,72.64,67.26,99.86,7.14,8.83,2.26,Placed
16726,22,70.55,1.42,44.38,57.92,72.23,6.92,5.82,3.5,Placed
16727,24,61.14,5.03,70.05,75.69,88.68,7.31,7.48,2.66,Placed
16728,22,71.95,1.96,67.81,59.73,86.4,6.7,7.55,4.09,Not Placed
16729,19,65.02,5.71,66.92,39.99,85.1,7.45,5.47,6.06,Placed
16730,20,84.93,4.9,65.89,45.86,94.43,5.92,7.35,1.82,Placed
16731,23,85.93,7.04,79.68,61.17,100.0,9.03,7.01,3.67,Placed
16732,20,62.48,4.7,58.71,69.74,79.25,5.02,7.56,8.84,Placed
16733,22,74.44,3.07,99.9,49.38,95.06,7.1,8.25,0.91,Placed
16734,23,100.0,2.92,80.51,55.86,97.02,6.96,7.78,2.27,Placed
16735,20,66.23,3.35,59.96,80.68,89.01,7.04,5.76,5.1,Placed
16736,23,83.12,2.88,81.71,85.75,100.0,6.19,6.64,1.29,Placed
16737,21,79.27,6.22,86.92,72.43,100.0,5.39,5.81,4.24,Placed
16738,19,91.11,6.1,77.54,63.44,100.0,7.49,6.11,7.85,Placed
16739,20,81.55,1.11,56.91,58.06,93.64,6.95,7.39,3.25,Placed
16740,21,72.82,3.87,100.0,76.63,96.95,7.66,7.53,2.71,Not Placed
16741,18,78.8,3.91,81.59,62.94,85.03,5.22,7.5,1.24,Placed
16742,25,78.98,2.39,53.29,82.72,100.0,9.26,7.15,2.74,Placed
16743,22,76.9,4.59,75.14,83.56,94.49,7.1,7.33,4.02,Placed
16744,18,62.17,6.43,68.7,74.56,94.17,4.0,6.25,8.77,Placed
16745,24,92.92,5.41,72.1,60.04,98.97,7.43,8.42,4.13,Not Placed
16746,24,90.8,6.22,54.09,61.27,96.08,6.63,7.6,4.22,Not Placed
16747,18,65.47,2.51,72.81,41.7,72.22,5.84,6.77,4.4,Placed
16748,19,74.39,3.87,59.53,67.16,99.56,8.68,8.15,2.75,Placed
16749,20,75.3,2.42,66.76,66.66,100.0,8.32,6.18,0.5,Placed
16750,22,64.12,4.23,77.81,45.96,96.04,7.61,6.94,7.39,Placed
16751,23,55.6,4.39,64.85,100.0,100.0,7.29,7.87,5.71,Not Placed
16752,21,69.95,5.53,67.64,76.9,100.0,7.81,5.34,6.72,Placed
16753,22,73.72,6.16,84.3,54.55,90.78,5.31,9.47,4.97,Placed
16754,18,60.71,5.04,58.67,100.0,91.49,7.43,6.09,6.82,Not Placed
16755,23,80.12,2.25,62.27,60.06,94.32,8.69,6.26,1.41,Placed
16756,25,91.95,1.37,53.18,81.29,96.47,8.45,6.82,4.6,Placed
16757,22,88.11,4.74,59.66,69.4,81.44,5.94,7.69,5.53,Placed
16758,21,76.48,6.5,73.94,60.61,100.0,7.42,7.8,7.14,Placed
16759,20,55.92,3.76,81.59,62.61,78.48,5.85,8.6,5.33,Placed
16760,25,86.59,1.05,59.91,90.99,88.42,7.39,6.72,5.33,Placed
16761,18,79.76,7.55,81.15,82.02,100.0,6.3,7.2,4.95,Placed
16762,20,83.09,4.68,73.58,66.04,96.53,6.16,4.95,1.54,Placed
16763,19,100.0,4.11,51.26,35.19,87.44,7.63,5.52,3.31,Not Placed
16764,24,68.1,1.7,74.62,72.87,86.29,6.33,6.69,3.49,Placed
16765,21,43.5,3.83,89.92,48.06,84.95,6.25,7.23,6.17,Placed
16766,25,65.36,5.04,43.62,76.62,88.3,7.62,6.74,5.53,Not Placed
16767,23,83.83,4.71,100.0,56.58,93.61,5.42,7.43,7.51,Not Placed
16768,22,78.32,2.58,62.84,58.25,83.19,6.81,6.73,5.48,Not Placed
16769,22,63.41,3.7,47.26,57.79,76.36,5.36,6.52,4.07,Placed
16770,19,60.96,2.69,74.08,84.33,95.06,5.57,9.68,7.07,Placed
16771,22,73.74,6.8,84.47,39.74,100.0,8.6,6.48,2.01,Placed
16772,23,63.05,5.41,67.79,79.8,100.0,6.7,8.01,3.92,Not Placed
16773,25,84.25,2.86,76.67,73.48,87.41,6.34,5.23,2.61,Not Placed
16774,22,73.06,1.7,100.0,66.84,97.18,8.22,6.95,2.26,Not Placed
16775,25,70.47,4.3,75.08,60.83,90.28,9.14,5.99,2.33,Placed
16776,25,68.9,2.91,100.0,75.78,95.48,7.5,9.18,3.18,Not Placed
16777,22,81.16,3.05,90.97,60.96,95.17,8.42,6.13,4.88,Placed
16778,21,78.51,1.76,72.77,60.81,87.1,6.54,6.76,3.8,Not Placed
16779,19,80.42,1.98,76.37,69.02,85.14,7.27,5.81,5.02,Not Placed
16780,20,80.16,4.09,67.21,95.52,92.64,7.21,5.74,4.94,Placed
16781,25,77.13,3.32,75.74,43.79,93.21,7.59,6.71,0.5,Placed
16782,19,65.6,8.29,80.42,76.01,100.0,8.36,7.24,4.81,Placed
16783,21,69.24,4.87,65.94,65.71,77.67,5.44,8.07,3.0,Placed
16784,23,73.26,1.73,51.3,64.47,73.29,6.13,6.11,1.21,Placed
16785,19,100.0,1.04,91.82,43.57,86.25,6.62,6.09,4.95,Not Placed
16786,25,61.81,4.52,86.6,39.91,78.76,6.04,8.34,4.63,Placed
16787,23,72.97,3.09,50.74,73.44,91.77,7.48,8.71,4.79,Not Placed
16788,18,79.18,6.2,74.56,47.69,100.0,7.46,6.7,5.89,Placed
16789,19,74.36,4.31,87.41,84.26,100.0,7.27,7.36,3.14,Placed
16790,23,90.89,0.23,85.86,51.75,98.05,6.72,8.8,2.52,Not Placed
16791,24,125.0,1.97,61.59,76.82,99.44,8.82,9.98,4.42,Placed
16792,25,75.19,2.58,86.73,58.78,100.0,7.46,7.3,3.58,Placed
16793,24,87.78,4.6,72.23,58.02,95.81,7.02,7.7,9.9,Placed
16794,18,99.73,1.91,77.83,53.38,87.55,7.28,6.96,4.18,Placed
16795,23,94.89,4.08,58.21,74.99,91.97,8.09,5.02,4.44,Not Placed
16796,18,76.36,1.39,20.0,79.45,83.19,7.46,7.22,2.67,Placed
16797,18,77.41,3.81,60.34,62.95,80.44,6.16,8.45,2.33,Placed
16798,23,78.56,4.47,80.05,77.46,100.0,9.32,5.9,1.06,Placed
16799,21,79.76,6.43,68.92,68.2,100.0,7.75,4.57,3.72,Placed
16800,23,67.83,4.24,81.75,46.65,93.09,5.82,7.51,3.95,Not Placed
16801,24,89.24,2.33,88.59,74.06,78.79,5.02,4.69,6.55,Not Placed
16802,18,80.48,6.49,67.04,63.19,100.0,8.03,4.91,3.85,Placed
16803,22,77.46,3.47,65.57,26.17,77.53,8.75,4.84,3.53,Not Placed
16804,24,62.75,5.19,39.2,61.75,91.72,7.74,4.4,4.81,Not Placed
16805,21,78.75,2.7,48.78,40.9,93.78,7.94,8.07,4.11,Placed
16806,22,55.28,3.96,51.9,48.3,76.28,7.97,6.97,6.23,Placed
16807,21,71.02,2.36,80.35,64.02,90.48,7.21,9.27,7.18,Placed
16808,25,71.24,4.38,67.19,66.8,100.0,5.18,7.68,4.23,Not Placed
16809,18,81.44,5.25,63.99,54.64,89.64,6.36,9.27,2.36,Placed
16810,25,100.0,2.91,62.27,76.44,89.05,8.15,6.03,4.01,Not Placed
16811,24,84.86,2.81,60.32,66.17,94.09,7.9,7.23,4.72,Placed
16812,24,95.38,4.44,85.85,61.22,92.16,6.97,5.27,1.6,Placed
16813,21,85.74,2.31,73.4,68.69,91.58,6.54,6.47,3.71,Not Placed
16814,22,91.5,1.07,86.87,87.28,100.0,7.41,8.52,1.3,Placed
16815,20,100.0,4.44,39.1,33.59,74.52,6.79,6.75,5.13,Not Placed
16816,20,69.22,3.61,79.99,88.79,89.8,7.1,6.52,2.08,Not Placed
16817,25,68.43,3.57,64.74,58.13,95.44,7.36,6.77,3.65,Placed
16818,22,86.03,4.74,67.78,55.54,100.0,6.27,6.97,3.99,Placed
16819,23,77.96,4.99,92.29,61.57,100.0,8.16,6.97,1.72,Placed
16820,18,80.64,3.51,66.15,53.81,99.23,7.0,8.4,4.39,Placed
16821,24,75.02,1.78,79.38,51.35,99.51,7.79,5.93,2.14,Placed
16822,23,70.84,2.65,56.73,81.55,92.44,7.28,6.55,7.28,Placed
16823,25,97.45,4.85,72.54,70.55,100.0,9.05,6.92,6.97,Placed
16824,19,64.8,4.05,48.13,37.32,82.86,7.85,5.72,6.67,Placed
16825,22,86.24,2.81,71.14,78.79,100.0,7.69,6.26,4.61,Placed
16826,22,84.29,2.39,77.78,76.46,81.12,7.65,7.72,5.0,Not Placed
16827,22,59.05,4.91,88.6,44.25,98.44,9.7,5.81,3.97,Not Placed
16828,18,68.03,3.4,59.73,70.88,82.71,7.15,10.0,5.39,Not Placed
16829,21,70.05,5.15,64.07,77.93,91.81,7.4,8.76,7.59,Placed
16830,20,84.78,5.38,62.34,42.33,95.5,7.33,7.01,2.36,Placed
16831,22,73.6,3.24,68.19,72.56,81.9,4.84,7.49,5.2,Placed
16832,19,76.97,5.51,57.54,57.2,97.48,7.31,7.72,0.9,Placed
16833,21,60.51,4.05,39.64,76.68,92.59,8.42,7.47,3.5,Placed
16834,22,100.0,4.28,56.36,53.06,93.88,7.82,6.91,4.2,Placed
16835,18,78.85,0.2,71.27,84.68,98.33,9.01,10.0,4.96,Placed
16836,24,83.99,2.05,69.78,64.1,100.0,8.14,5.94,5.67,Placed
16837,23,71.51,2.15,80.28,58.16,90.89,7.8,6.34,6.94,Placed
16838,18,70.17,3.23,84.63,56.44,90.0,8.27,6.89,1.52,Placed
16839,18,100.0,4.01,65.26,81.98,99.72,7.64,7.57,6.06,Placed
16840,24,55.0,4.08,48.21,56.43,85.65,6.86,9.21,7.93,Not Placed
16841,20,81.34,4.31,78.05,84.97,100.0,7.05,6.8,3.57,Placed
16842,24,63.46,2.57,71.85,71.41,82.05,4.34,7.49,3.32,Placed
16843,21,73.14,5.04,68.12,45.83,97.44,9.11,7.26,4.74,Not Placed
16844,20,70.34,7.06,90.31,68.42,100.0,6.96,6.7,4.2,Placed
16845,20,66.17,3.16,78.76,68.75,97.14,5.95,8.29,4.06,Placed
16846,23,78.43,2.61,73.84,45.31,83.69,6.76,7.31,7.37,Placed
16847,18,47.18,2.57,74.46,68.13,100.0,9.31,7.99,9.25,Placed
16848,21,74.21,3.95,84.75,76.67,94.3,7.29,6.45,3.85,Placed
16849,20,76.92,2.85,61.66,86.05,84.07,7.51,6.15,9.12,Not Placed
16850,19,61.69,0.69,58.8,85.35,96.29,9.7,6.39,3.79,Not Placed
16851,20,96.16,1.18,68.49,100.0,99.55,8.2,7.16,6.01,Not Placed
16852,22,70.87,5.64,54.33,68.01,97.18,6.85,8.14,2.41,Placed
16853,23,75.15,6.11,71.32,76.86,100.0,5.16,9.32,2.73,Placed
16854,18,70.89,6.68,73.45,58.3,93.4,7.97,7.01,3.85,Placed
16855,24,77.02,4.21,70.97,98.15,85.91,6.39,9.04,6.16,Not Placed
16856,25,93.7,2.02,66.58,53.75,95.3,7.99,7.55,4.92,Placed
16857,23,100.0,3.01,96.8,97.43,100.0,7.14,6.0,1.21,Placed
16858,25,86.95,1.12,86.11,95.37,98.72,7.69,6.94,1.83,Placed
16859,21,91.06,1.05,70.54,55.44,91.3,8.28,7.72,1.04,Not Placed
16860,24,98.6,4.26,73.4,84.58,96.05,5.12,7.82,5.13,Placed
16861,23,80.99,4.77,92.65,75.31,100.0,7.35,6.22,4.79,Not Placed
16862,22,96.84,7.33,63.23,61.41,100.0,7.18,6.37,4.76,Placed
16863,19,87.51,3.65,57.52,65.83,94.13,7.55,6.4,4.73,Placed
16864,22,79.73,1.36,75.4,72.25,96.02,7.81,6.56,2.98,Placed
16865,25,82.2,3.58,78.21,73.77,90.54,7.38,7.17,4.84,Placed
16866,25,56.14,3.29,79.33,91.91,88.13,6.42,9.07,7.37,Placed
16867,21,81.51,2.92,84.42,77.14,100.0,5.84,6.29,5.64,Placed
16868,19,59.48,4.42,61.01,55.68,79.26,5.29,4.83,2.16,Placed
16869,23,58.5,1.61,50.87,79.9,87.26,7.34,4.76,3.83,Placed
16870,18,80.31,4.04,63.23,40.04,82.06,7.83,7.78,3.24,Placed
16871,19,64.63,4.97,80.73,61.81,95.96,6.79,6.15,6.26,Placed
16872,22,77.91,6.36,58.17,63.35,100.0,8.2,7.12,2.38,Placed
16873,25,79.66,4.36,42.99,78.53,87.37,7.06,5.95,4.86,Not Placed
16874,20,80.2,5.68,74.16,96.33,100.0,7.1,6.62,3.81,Not Placed
16875,21,67.15,3.0,63.49,71.48,93.17,5.47,6.41,2.94,Placed
16876,20,88.78,3.25,46.09,62.22,83.87,6.67,5.98,4.91,Placed
16877,21,76.93,6.23,73.12,56.83,100.0,8.3,8.28,4.06,Placed
16878,18,83.29,1.33,66.21,81.36,94.79,8.88,8.37,5.99,Not Placed
16879,22,63.64,3.07,97.14,64.88,85.71,6.97,7.57,3.52,Placed
16880,22,75.86,5.83,73.33,59.95,100.0,8.24,9.25,2.13,Placed
16881,20,91.17,-3.0,80.79,83.22,100.0,8.9,5.22,4.09,Placed
16882,20,89.64,3.29,71.74,86.71,100.0,6.08,6.55,5.0,Not Placed
16883,24,68.43,3.32,63.04,52.65,88.6,7.58,6.38,5.72,Placed
16884,19,71.45,4.01,64.69,44.05,80.3,7.43,7.65,4.13,Placed
16885,18,66.14,5.75,88.21,66.44,87.82,8.49,5.29,6.19,Placed
16886,18,70.12,5.46,83.22,49.76,91.27,6.2,7.6,1.82,Placed
16887,25,61.21,3.82,49.67,47.57,69.25,7.58,5.07,6.46,Placed
16888,20,76.34,5.77,53.27,51.35,89.22,6.89,7.7,5.64,Placed
16889,18,85.6,4.42,54.1,84.74,100.0,7.71,8.19,3.61,Placed
16890,25,68.58,5.35,87.9,78.41,100.0,8.67,5.44,6.6,Placed
16891,19,76.91,1.95,46.03,100.0,94.81,8.97,6.36,5.12,Placed
16892,20,75.35,6.93,83.8,57.73,100.0,8.68,8.23,7.05,Placed
16893,18,90.66,4.2,77.98,89.28,100.0,6.01,8.47,2.95,Placed
16894,23,70.66,0.2,74.2,75.9,83.89,6.63,5.09,3.13,Placed
16895,23,71.1,6.79,64.91,59.1,100.0,8.41,7.25,5.6,Placed
16896,24,67.85,3.81,89.83,65.65,94.81,7.93,7.58,4.63,Placed
16897,20,64.35,3.09,73.7,59.02,89.09,6.88,6.79,1.62,Placed
16898,20,84.35,2.71,50.34,72.14,94.15,6.1,8.52,8.24,Placed
16899,25,76.38,4.59,53.83,83.79,80.0,4.0,6.14,8.0,Placed
16900,24,78.66,2.2,47.33,62.1,71.93,5.29,6.3,4.88,Not Placed
16901,18,93.3,2.76,90.01,81.57,100.0,6.83,6.01,3.13,Placed
16902,23,93.98,2.8,93.36,88.34,100.0,6.85,7.09,3.17,Placed
16903,24,58.25,3.27,88.29,91.9,100.0,7.69,6.48,5.27,Placed
16904,22,85.77,2.87,69.85,49.23,90.5,7.92,7.85,7.37,Placed
16905,23,80.71,5.34,50.6,67.21,100.0,9.91,6.38,9.79,Placed
16906,18,72.46,,56.19,79.35,96.89,6.28,6.6,3.9,Placed
16907,18,81.93,4.51,57.17,50.61,89.69,4.86,7.1,3.79,Placed
16908,18,57.28,4.9,71.31,47.05,89.39,6.09,5.87,4.17,Not Placed
16909,19,95.55,3.63,92.81,67.58,100.0,9.21,8.08,5.32,Placed
16910,25,84.18,1.96,92.75,61.39,92.91,7.22,7.69,2.79,Placed
16911,23,67.62,7.05,64.67,65.24,99.2,8.41,7.65,1.77,Placed
16912,24,70.98,5.47,38.45,60.46,84.1,6.52,5.64,4.03,Not Placed
16913,20,57.56,6.7,54.5,100.0,100.0,6.6,8.72,5.12,Placed
16914,25,74.23,5.66,89.83,60.61,86.27,5.14,4.64,7.93,Not Placed
16915,19,72.21,2.97,75.47,77.37,82.07,6.8,7.75,2.34,Placed
16916,25,62.1,0.2,66.67,76.3,98.61,7.21,7.03,6.76,Placed
16917,18,87.32,1.59,65.62,40.98,87.34,8.24,7.67,4.3,Placed
16918,18,93.32,4.95,60.74,91.46,100.0,7.87,6.61,4.01,Placed
16919,18,77.67,3.62,53.94,78.01,96.85,9.58,6.97,1.4,Placed
16920,24,74.33,3.04,100.0,70.51,98.28,7.02,7.71,5.28,Placed
16921,20,83.22,0.2,97.78,84.92,100.0,7.49,6.87,5.05,Placed
16922,21,77.76,3.78,59.67,67.24,92.91,7.18,7.13,9.04,Placed
16923,21,65.01,1.85,45.69,82.11,88.35,6.37,7.16,3.98,Not Placed
16924,24,70.17,2.5,74.54,37.98,73.18,12.0,9.5,7.61,Placed
16925,20,74.44,5.33,69.79,81.08,90.09,6.87,4.95,3.89,Placed
16926,18,80.98,1.95,81.42,70.94,100.0,9.2,8.42,3.82,Placed
16927,21,78.11,2.12,84.82,71.19,100.0,6.25,7.41,1.14,Placed
16928,20,80.52,4.13,54.45,54.52,82.56,6.79,7.26,6.8,Not Placed
16929,23,59.7,5.37,91.2,64.5,74.22,5.71,5.34,4.78,Placed
16930,24,85.98,3.08,66.7,64.03,100.0,7.61,8.25,4.49,Placed
16931,18,78.04,6.44,81.12,49.77,72.06,5.61,5.51,3.92,Not Placed
16932,24,100.0,1.5,68.08,73.73,90.86,7.19,8.63,4.97,Placed
16933,18,73.35,1.18,85.84,93.17,95.61,5.8,6.21,3.08,Placed
16934,22,81.88,1.03,36.57,45.26,75.3,6.02,8.63,5.4,Not Placed
16935,21,100.0,0.83,83.08,75.84,79.45,6.28,6.02,2.59,Placed
16936,20,80.33,4.41,59.52,61.27,100.0,8.08,5.75,4.23,Not Placed
16937,21,77.19,2.04,73.1,59.43,94.94,7.09,6.75,5.49,Placed
16938,20,66.16,1.26,90.67,69.2,89.12,7.05,5.97,7.32,Placed
16939,24,96.34,4.48,59.95,69.44,98.39,7.87,6.58,4.92,Placed
16940,25,64.09,5.28,57.6,70.95,94.42,6.41,8.89,7.09,Placed
16941,24,83.13,5.69,66.42,49.91,79.5,4.84,6.2,4.47,Not Placed
16942,21,72.32,5.38,65.47,85.44,100.0,5.88,7.07,2.63,Not Placed
16943,22,75.73,2.15,56.25,69.3,94.38,6.86,8.77,8.66,Placed
16944,21,60.91,4.3,73.59,77.5,92.72,7.14,7.15,4.27,Placed
16945,24,94.12,4.69,74.37,87.43,100.0,7.87,8.21,6.39,Placed
16946,22,74.67,2.95,78.94,37.26,92.13,7.03,7.53,3.26,Placed
16947,21,63.42,4.1,59.71,78.09,96.57,8.42,8.06,5.54,Not Placed
16948,21,93.03,1.55,57.84,65.37,72.08,7.63,6.78,5.19,Placed
16949,21,71.95,2.67,70.22,84.3,89.07,5.51,7.56,4.5,Not Placed
16950,22,82.02,4.47,68.32,55.18,58.23,4.14,9.03,8.56,Not Placed
16951,23,88.1,6.51,68.61,82.97,100.0,5.99,6.47,5.36,Placed
16952,21,83.69,5.87,61.39,51.12,100.0,7.37,7.37,3.76,Not Placed
16953,24,51.64,4.99,76.95,74.44,91.91,7.65,6.05,7.65,Placed
16954,24,86.34,3.94,57.86,72.55,100.0,7.07,8.11,0.88,Not Placed
16955,21,76.79,3.66,70.17,65.51,84.85,7.34,4.86,1.58,Placed
16956,25,74.05,1.19,67.4,51.49,92.65,8.78,6.51,6.26,Not Placed
16957,19,76.69,2.3,71.5,62.1,90.49,7.22,8.07,4.95,Placed
16958,25,58.68,2.35,89.78,82.77,97.82,7.62,6.68,3.41,Placed
16959,20,80.31,4.83,52.28,91.8,100.0,9.12,4.71,5.28,Placed
16960,22,61.63,5.5,36.13,99.27,83.98,5.03,5.94,6.63,Not Placed
16961,20,74.57,5.13,63.09,76.43,100.0,9.25,6.04,2.39,Placed
16962,21,79.88,5.93,54.73,72.02,82.27,4.13,8.75,4.32,Not Placed
16963,20,90.89,3.93,26.81,75.18,78.34,6.21,7.81,4.58,Not Placed
16964,23,68.16,2.03,98.2,98.86,100.0,6.53,7.93,5.11,Placed
16965,18,95.42,3.71,80.4,76.33,94.24,5.24,5.38,5.79,Placed
16966,24,89.36,2.5,82.01,69.4,90.32,7.0,6.86,0.56,Placed
16967,25,72.85,4.98,67.72,63.6,96.23,7.14,8.73,5.57,Placed
16968,22,64.7,3.15,78.31,65.44,98.07,8.09,7.93,0.68,Not Placed
16969,22,60.67,3.62,65.66,74.18,88.05,8.05,6.25,4.43,Not Placed
16970,23,81.26,5.05,84.21,55.98,100.0,7.41,7.8,2.39,Placed
16971,19,69.15,2.47,74.84,57.98,88.88,8.54,5.32,4.89,Placed
16972,23,92.39,5.54,71.45,66.98,100.0,7.97,5.83,5.83,Placed
16973,19,69.85,1.37,72.58,60.77,81.64,6.81,4.6,4.61,Placed
16974,23,67.19,4.35,93.98,77.54,98.13,7.34,6.72,3.19,Placed
16975,20,80.8,3.64,74.51,78.78,93.49,6.44,7.62,1.87,Placed
16976,23,69.77,5.29,56.56,72.2,90.63,5.73,5.7,4.43,Placed
16977,24,78.1,1.33,77.04,75.84,79.67,7.71,6.75,3.69,Placed
16978,19,89.83,1.04,79.34,69.88,73.14,5.4,5.85,5.17,Placed
16979,22,79.41,5.15,69.83,15.0,80.58,6.98,6.15,3.64,Placed
16980,21,79.45,3.1,71.22,53.99,72.27,4.44,5.6,7.3,Not Placed
16981,20,80.46,3.64,56.01,79.32,100.0,7.29,8.35,4.59,Not Placed
16982,22,57.68,2.61,73.46,54.58,66.92,6.33,6.03,6.34,Not Placed
16983,25,82.7,5.44,53.78,81.69,99.97,7.88,6.56,3.5,Placed
16984,18,79.92,4.34,68.24,82.59,96.15,6.93,6.23,5.97,Placed
16985,25,88.71,4.23,61.96,63.75,90.7,7.05,7.24,5.75,Placed
16986,24,85.27,1.69,86.74,58.55,89.01,7.26,9.85,3.14,Placed
16987,22,75.58,4.7,95.25,68.15,99.57,6.47,10.0,1.51,Placed
16988,22,90.39,2.01,54.84,67.3,84.07,6.52,6.6,7.04,Placed
16989,20,74.49,2.61,71.93,78.03,89.06,6.52,7.36,3.66,Placed
16990,19,80.97,1.34,67.34,30.54,74.85,7.05,8.01,3.21,Placed
16991,22,74.27,3.52,78.97,56.25,81.75,6.53,8.37,3.9,Placed
16992,24,83.54,5.72,73.44,51.8,100.0,7.74,7.62,2.61,Not Placed
16993,19,73.48,4.21,66.19,27.71,74.86,5.08,8.19,5.76,Placed
16994,23,97.77,3.0,73.41,60.08,97.96,5.4,7.36,4.48,Placed
16995,23,100.0,4.0,68.78,44.01,97.61,9.47,6.11,4.6,Placed
16996,24,88.49,3.99,95.84,61.8,98.09,6.68,8.18,6.78,Placed
16997,20,96.5,3.92,60.1,60.19,92.09,5.98,7.03,4.7,Not Placed
16998,21,59.53,4.12,75.86,75.25,90.93,7.17,7.26,7.65,Not Placed
16999,21,60.94,1.93,79.64,64.0,87.87,8.12,5.24,4.46,Placed
17000,24,74.14,3.99,78.58,40.94,93.45,7.97,5.94,1.49,Placed
17001,25,78.49,0.64,67.53,73.54,80.92,6.3,6.4,2.73,Placed
17002,21,75.62,4.84,92.52,100.0,100.0,6.58,7.5,3.05,Placed
17003,25,58.29,1.82,40.67,85.2,90.57,6.8,9.02,4.73,Placed
17004,22,91.82,5.92,55.59,78.87,96.15,7.57,7.8,7.54,Placed
17005,21,100.0,0.2,81.95,64.87,100.0,7.25,6.64,4.88,Placed
17006,18,93.37,6.81,58.8,60.15,99.79,6.1,5.68,4.04,Placed
17007,22,91.03,0.85,57.92,59.04,80.14,6.59,8.36,3.89,Not Placed
17008,23,80.71,1.64,64.99,71.85,92.31,6.88,7.25,5.59,Not Placed
17009,25,67.88,4.34,60.22,49.83,93.78,8.98,3.02,5.33,Not Placed
17010,23,78.87,4.91,81.56,71.53,100.0,6.99,8.11,6.1,Placed
17011,18,100.0,3.29,85.57,57.38,100.0,10.0,7.31,3.09,Placed
17012,22,73.78,5.41,73.32,40.57,71.12,6.88,4.28,9.0,Placed
17013,23,72.54,2.37,87.82,57.16,77.18,5.18,7.61,3.81,Not Placed
17014,21,91.29,3.08,51.2,88.02,99.23,7.62,6.96,3.23,Placed
17015,21,92.08,3.26,73.14,70.21,100.0,8.46,5.28,6.89,Placed
17016,24,67.83,2.83,92.22,15.0,82.53,7.77,9.31,6.31,Placed
17017,22,74.86,0.32,86.65,57.22,88.35,7.44,7.39,3.21,Not Placed
17018,23,71.98,3.76,93.54,82.45,95.69,6.74,6.28,5.86,Placed
17019,21,78.84,3.59,63.15,63.23,93.12,6.86,5.92,3.65,Not Placed
17020,20,91.24,5.74,85.76,76.38,100.0,4.41,6.63,5.34,Placed
17021,22,68.35,1.49,65.6,61.68,86.77,8.23,6.67,4.97,Not Placed
17022,25,91.08,2.65,80.93,70.94,89.85,6.75,7.55,9.59,Placed
17023,22,79.22,5.97,91.66,68.56,100.0,8.58,6.57,7.28,Placed
17024,23,100.0,4.33,60.09,57.67,95.56,6.56,6.36,6.63,Not Placed
17025,18,81.83,4.79,44.16,77.14,93.23,7.14,7.05,6.03,Placed
17026,25,76.84,4.62,99.71,92.5,100.0,8.7,6.34,1.99,Placed
17027,19,84.9,4.62,79.32,74.15,100.0,8.8,6.72,4.87,Placed
17028,25,73.95,7.08,70.39,69.66,100.0,8.21,8.52,3.62,Not Placed
17029,21,56.46,3.96,69.57,54.51,79.59,4.95,6.28,4.4,Placed
17030,25,75.11,1.98,40.56,83.01,80.15,5.67,6.65,4.67,Placed
17031,25,74.92,4.95,75.13,59.82,100.0,8.04,5.88,1.07,Placed
17032,24,58.89,2.78,64.04,76.97,86.72,6.36,8.13,3.93,Not Placed
17033,25,77.12,3.6,72.79,80.19,95.82,7.29,4.77,4.75,Placed
17034,22,53.19,4.47,72.45,83.8,100.0,7.45,-2.0,6.35,Not Placed
17035,24,73.83,2.32,21.33,84.1,83.34,7.51,7.66,2.93,Not Placed
17036,19,80.92,2.88,79.35,83.52,84.48,5.93,6.62,2.92,Placed
17037,18,79.16,4.66,74.83,47.9,100.0,8.43,7.86,2.79,Placed
17038,22,73.07,2.81,76.85,54.25,86.23,6.57,6.57,3.86,Placed
17039,24,76.97,5.55,69.25,46.04,100.0,7.91,5.99,2.24,Placed
17040,24,68.59,2.02,72.73,44.96,76.13,6.95,6.65,7.15,Not Placed
17041,22,78.13,2.02,74.59,92.4,99.0,9.51,5.25,6.05,Placed
17042,22,78.7,7.23,76.11,52.23,97.96,8.94,5.81,9.93,Placed
17043,22,67.2,1.05,79.13,49.98,87.95,9.76,7.9,3.44,Placed
17044,24,81.21,3.75,76.24,67.11,95.39,9.18,6.49,6.22,Placed
17045,24,81.14,7.13,99.75,56.06,99.66,7.04,6.76,2.07,Not Placed
17046,18,76.01,3.75,61.11,100.0,80.12,6.56,6.95,7.44,Not Placed
17047,22,100.0,6.22,66.38,63.63,100.0,5.84,4.92,4.07,Placed
17048,21,76.31,4.97,97.39,75.12,100.0,7.52,4.93,4.33,Not Placed
17049,24,74.65,3.79,69.68,55.51,100.0,7.23,7.26,7.05,Placed
17050,22,72.93,3.56,85.97,41.41,74.49,7.15,6.31,6.93,Placed
17051,25,66.35,0.2,74.03,56.34,88.88,6.21,6.54,2.54,Placed
17052,21,86.23,3.23,68.58,56.51,91.62,7.63,7.54,4.29,Not Placed
17053,23,69.77,4.22,86.79,56.4,76.61,6.74,5.68,7.35,Placed
17054,18,71.18,4.22,79.78,42.4,71.53,6.62,6.12,3.76,Placed
17055,25,71.54,8.24,48.99,70.18,97.94,7.4,6.38,5.11,Placed
17056,19,66.18,4.31,74.6,62.61,97.6,7.11,7.2,5.58,Placed
17057,21,56.99,4.93,57.07,43.33,75.41,5.49,6.37,7.32,Not Placed
17058,24,72.44,5.9,91.07,69.7,94.98,6.25,6.04,5.84,Placed
17059,25,88.48,4.77,98.3,80.2,100.0,7.84,8.83,4.01,Placed
17060,21,80.36,3.65,100.0,87.16,100.0,7.14,6.85,0.57,Not Placed
17061,21,96.73,3.65,77.36,29.28,66.8,4.87,7.59,5.91,Placed
17062,18,87.01,3.17,65.08,56.31,98.58,8.04,4.63,4.84,Placed
17063,25,84.29,4.6,76.83,46.07,80.08,7.14,5.25,8.05,Placed
17064,18,100.0,3.49,57.9,57.56,78.93,5.93,7.5,5.65,Not Placed
17065,18,76.83,4.92,100.0,90.22,100.0,6.4,6.51,3.37,Placed
17066,21,78.76,1.98,89.92,56.36,93.42,7.4,6.34,2.01,Placed
17067,18,77.86,4.06,76.57,60.4,77.17,4.55,5.66,4.16,Not Placed
17068,19,96.53,6.59,86.96,54.73,95.69,7.7,7.97,5.23,Placed
17069,23,78.03,3.4,64.62,94.01,99.68,8.38,7.59,4.71,Placed
17070,23,70.22,7.12,55.38,31.2,100.0,8.27,6.72,1.98,Not Placed
17071,20,85.05,4.09,38.8,59.1,96.04,8.59,7.09,0.5,Not Placed
17072,24,68.2,3.7,73.25,54.15,93.08,6.26,6.43,2.59,Placed
17073,22,84.4,4.01,68.88,40.46,98.19,8.44,5.98,0.5,Placed
17074,19,82.97,3.24,79.79,85.64,97.89,7.53,6.18,2.54,Placed
17075,23,75.73,0.23,72.2,39.15,66.29,6.2,7.72,4.98,Placed
17076,22,84.79,5.38,79.11,60.65,99.97,7.76,6.33,7.39,Placed
17077,24,60.15,7.75,84.17,66.74,100.0,7.72,6.87,0.5,Placed
17078,19,79.96,4.66,50.1,55.99,98.27,9.05,6.28,2.45,Placed
17079,19,72.45,4.77,85.03,40.25,98.36,8.64,7.93,5.29,Not Placed
17080,20,100.0,3.47,65.9,65.31,90.75,6.37,6.02,3.6,Placed
17081,20,79.87,5.88,79.76,55.81,100.0,7.61,8.63,4.83,Placed
17082,25,70.84,3.73,87.33,80.94,93.29,7.6,6.11,5.25,Placed
17083,23,61.46,4.28,87.44,76.26,90.97,7.5,6.11,3.68,Placed
17084,22,93.66,0.98,73.94,99.11,100.0,6.83,9.2,6.91,Not Placed
17085,22,73.8,2.85,74.68,69.76,87.19,9.31,5.52,9.36,Placed
17086,25,68.5,4.46,85.38,77.43,84.73,6.45,6.76,2.37,Placed
17087,21,82.04,5.43,49.48,62.26,98.94,9.2,8.01,6.35,Placed
17088,19,85.8,5.48,57.73,95.39,94.72,5.49,4.95,8.72,Placed
17089,19,85.61,0.96,67.81,68.16,81.05,6.74,7.11,7.39,Placed
17090,20,78.24,1.14,52.01,66.36,75.6,8.12,4.95,3.12,Not Placed
17091,23,79.91,4.85,67.92,76.65,100.0,5.94,6.84,3.84,Placed
17092,21,80.78,2.46,67.1,57.68,90.26,6.32,9.24,1.03,Not Placed
17093,21,82.04,5.41,73.31,60.01,100.0,7.84,3.98,3.36,Not Placed
17094,21,83.1,0.87,71.15,76.64,80.41,5.13,6.71,3.42,Not Placed
17095,25,91.13,3.62,88.04,79.72,100.0,8.53,6.25,5.42,Not Placed
17096,25,78.68,3.74,80.6,77.55,97.65,8.97,5.59,2.23,Placed
17097,19,68.2,4.66,70.93,66.72,77.35,9.03,4.96,4.64,Placed
17098,18,76.27,1.94,67.0,72.33,91.15,7.59,8.12,4.92,Placed
17099,19,87.05,0.26,71.29,83.37,78.76,6.69,7.04,3.57,Not Placed
17100,24,56.56,4.11,71.55,50.5,85.77,6.77,4.57,6.18,Placed
17101,21,56.63,4.75,100.0,68.02,100.0,7.54,5.67,3.6,Placed
17102,24,89.02,5.61,50.14,21.42,85.52,7.36,6.14,5.15,Placed
17103,23,96.24,3.15,58.11,79.84,88.16,6.74,4.91,1.9,Not Placed
17104,22,62.82,5.2,55.91,55.48,97.13,9.1,6.91,2.94,Placed
17105,20,79.21,4.67,76.04,55.9,95.61,6.9,7.11,6.42,Not Placed
17106,20,73.21,6.18,75.45,66.05,100.0,8.92,7.09,1.16,Placed
17107,19,74.87,3.7,63.4,77.91,89.7,7.32,9.22,6.01,Placed
17108,22,81.67,0.69,85.44,100.0,82.98,7.25,5.67,3.85,Placed
17109,20,62.49,3.68,77.54,43.15,92.13,7.82,6.23,0.5,Placed
17110,20,64.71,3.96,86.07,54.41,92.87,7.81,6.17,3.61,Placed
17111,18,74.38,4.73,90.05,71.66,100.0,7.03,7.83,5.97,Not Placed
17112,24,76.26,1.04,40.03,56.37,75.48,7.88,7.69,9.11,Placed
17113,25,64.49,3.24,82.28,81.38,92.78,8.03,5.44,8.23,Placed
17114,21,87.48,5.36,52.65,65.32,100.0,9.18,8.53,2.64,Not Placed
17115,22,72.99,3.61,75.74,82.16,92.49,7.29,5.71,6.1,Not Placed
17116,25,72.94,3.25,70.91,64.02,100.0,6.26,7.82,3.6,Placed
17117,22,81.39,7.23,71.55,76.72,100.0,6.39,7.75,3.28,Placed
17118,22,76.45,1.87,53.93,52.69,87.7,10.0,7.28,6.51,Placed
17119,21,88.05,6.02,87.46,99.0,100.0,4.94,6.4,4.95,Placed
17120,22,66.8,5.64,52.64,40.81,82.21,5.77,6.43,4.96,Not Placed
17121,22,61.23,3.39,83.26,56.68,92.42,7.23,7.38,1.15,Placed
17122,23,74.28,3.74,50.52,45.27,75.56,6.46,7.43,2.57,Placed
17123,22,78.72,3.73,71.73,80.8,94.49,8.18,7.65,2.7,Placed
17124,22,63.11,4.13,99.07,76.63,100.0,8.08,7.65,5.53,Placed
17125,18,61.35,2.73,100.0,48.51,82.8,6.56,7.21,5.96,Placed
17126,25,80.19,3.03,47.72,83.95,94.51,9.0,8.5,7.97,Placed
17127,25,68.91,3.16,61.43,56.82,85.75,5.88,6.08,2.62,Not Placed
17128,19,60.57,3.22,64.16,74.2,88.91,6.32,6.85,8.02,Not Placed
17129,20,89.58,3.24,100.0,77.95,100.0,9.09,6.13,3.98,Placed
17130,25,70.42,0.2,70.98,64.08,70.13,5.63,9.73,4.66,Not Placed
17131,20,91.8,3.98,88.12,82.56,100.0,7.62,7.72,4.27,Placed
17132,24,78.34,2.85,76.5,65.69,86.59,9.08,8.02,5.01,Placed
17133,24,81.54,0.44,54.01,73.42,69.01,4.08,7.34,5.89,Not Placed
17134,24,75.46,3.17,44.1,63.61,87.27,6.79,6.73,6.58,Not Placed
17135,18,46.14,3.11,62.8,38.11,76.74,8.34,10.0,4.01,Placed
17136,21,64.36,6.1,100.0,66.02,93.95,6.88,8.26,4.68,Placed
17137,22,76.49,2.83,75.86,54.02,88.35,7.27,6.42,2.68,Placed
17138,24,82.38,5.0,87.82,90.28,100.0,7.43,6.47,5.86,Not Placed
17139,19,56.52,6.29,50.73,46.17,99.93,7.58,7.07,5.03,Placed
17140,20,77.36,2.67,67.12,87.6,99.61,6.23,6.15,2.95,Placed
17141,19,64.53,3.71,83.68,65.14,90.57,8.12,6.38,2.01,Placed
17142,24,80.82,6.91,55.63,74.5,100.0,7.51,4.98,4.82,Placed
17143,25,77.77,4.21,71.04,45.92,93.24,5.82,3.93,7.11,Placed
17144,19,86.92,4.47,58.8,63.06,97.98,6.64,9.17,7.67,Placed
17145,19,90.8,3.07,84.4,57.37,77.39,5.5,6.19,1.91,Not Placed
17146,20,83.51,5.04,77.98,100.0,100.0,7.46,6.44,6.37,Placed
17147,25,88.32,3.73,82.25,56.97,90.65,7.79,6.88,6.09,Placed
17148,21,73.8,0.5,85.07,86.45,88.64,7.45,7.64,7.27,Placed
17149,20,100.0,3.16,68.58,86.68,100.0,7.86,7.73,5.45,Placed
17150,20,63.37,1.67,87.05,86.23,92.73,7.36,8.03,3.83,Not Placed
17151,22,71.67,4.0,63.15,58.5,88.31,8.11,7.49,6.07,Not Placed
17152,21,88.82,2.15,81.39,96.88,100.0,7.05,6.48,0.5,Placed
17153,19,87.03,4.66,42.44,100.0,100.0,8.04,8.32,2.52,Placed
17154,24,83.85,3.88,60.8,73.87,91.93,5.66,6.59,2.76,Placed
17155,21,86.1,1.55,100.0,60.55,100.0,5.52,8.04,3.15,Not Placed
17156,20,53.0,2.91,81.16,54.23,86.26,7.3,4.95,1.46,Not Placed
17157,23,97.07,4.92,81.17,75.55,100.0,8.02,8.36,3.37,Not Placed
17158,23,75.55,5.87,59.64,69.04,93.43,6.87,5.73,3.39,Placed
17159,19,92.95,2.18,55.59,70.92,84.1,7.97,5.06,3.97,Placed
17160,18,53.6,1.82,68.03,46.43,65.42,7.57,5.24,5.07,Placed
17161,18,81.08,7.31,70.99,68.53,100.0,4.74,7.04,2.0,Placed
17162,24,71.24,3.78,100.0,86.3,100.0,9.99,9.54,3.59,Placed
17163,23,84.87,3.96,87.28,81.04,100.0,5.69,6.56,4.32,Placed
17164,24,81.8,2.47,73.63,61.37,81.14,6.07,6.67,0.79,Placed
17165,23,82.39,4.19,72.99,66.26,97.01,8.58,7.72,4.35,Placed
17166,21,65.29,6.89,83.37,44.51,97.45,7.22,6.11,4.98,Placed
17167,22,77.32,4.26,52.22,57.36,75.83,6.28,6.62,6.02,Placed
17168,23,75.84,5.72,43.18,62.56,80.76,6.64,6.38,1.86,Placed
17169,21,83.94,3.85,83.15,78.13,100.0,6.14,9.16,4.2,Placed
17170,25,89.87,1.95,73.08,56.7,66.68,6.24,6.89,6.98,Placed
17171,25,79.81,2.57,52.32,51.42,90.97,8.15,7.7,1.03,Placed
17172,24,62.69,1.79,40.58,80.12,79.98,6.6,5.95,4.49,Not Placed
17173,25,79.29,4.19,85.41,61.24,98.23,5.92,5.43,1.45,Placed
17174,21,100.0,6.0,64.18,54.58,100.0,6.29,7.6,3.64,Placed
17175,18,97.75,4.09,78.0,81.0,100.0,7.01,7.1,2.89,Not Placed
17176,21,42.31,3.25,68.04,75.34,80.94,6.3,8.04,5.25,Placed
17177,23,78.76,2.38,71.49,64.68,77.1,6.83,5.74,3.91,Placed
17178,24,89.19,4.44,63.12,62.38,100.0,7.62,6.69,1.95,Placed
17179,21,75.81,1.57,70.85,74.07,82.28,6.62,5.25,7.55,Placed
17180,20,72.48,1.76,80.66,76.62,79.49,6.17,6.21,4.86,Placed
17181,21,74.8,5.42,67.86,71.34,80.06,6.36,5.07,6.47,Placed
17182,24,84.63,3.3,67.01,69.93,99.0,8.87,6.46,2.31,Placed
17183,18,64.22,3.26,81.11,58.29,96.04,,8.37,3.71,Placed
17184,20,92.26,3.5,82.11,59.25,87.31,7.26,5.77,6.5,Placed
17185,19,77.33,5.11,54.94,65.25,82.31,8.07,5.76,3.0,Placed
17186,24,66.78,4.1,71.57,52.62,80.73,6.07,6.6,4.49,Placed
17187,21,91.49,2.46,64.14,50.75,86.1,6.49,6.58,4.37,Placed
17188,18,59.46,2.53,72.21,66.56,85.36,7.74,7.72,0.5,Placed
17189,20,71.34,3.45,93.51,83.83,84.0,4.36,5.24,4.36,Placed
17190,18,71.14,4.34,77.38,34.83,83.23,8.13,3.8,3.66,Not Placed
17191,21,100.0,3.74,100.0,61.74,100.0,6.52,6.88,4.17,Placed
17192,25,69.78,3.58,75.29,72.36,100.0,5.91,8.83,3.06,Placed
17193,22,52.14,3.88,69.5,85.16,98.3,7.67,6.57,1.92,Placed
17194,24,71.02,3.73,71.7,96.8,100.0,8.93,7.28,2.87,Placed
17195,23,83.47,2.4,74.14,63.87,88.31,6.82,6.7,3.45,Placed
17196,25,87.41,5.79,76.84,99.56,100.0,7.55,7.69,5.71,Placed
17197,20,100.0,2.93,57.12,75.29,88.74,7.74,6.45,3.38,Placed
17198,25,94.88,4.03,68.5,81.03,95.28,7.49,6.71,4.72,Placed
17199,19,80.26,0.2,61.13,50.95,67.22,6.0,8.77,4.9,Placed
17200,21,67.3,3.41,87.44,75.25,97.89,7.47,8.17,3.42,Placed
17201,23,97.49,1.82,43.11,82.41,85.72,7.42,5.97,6.44,Placed
17202,20,73.58,2.04,74.35,56.97,60.06,4.0,6.0,3.75,Not Placed
17203,20,70.1,8.16,49.23,26.31,89.16,8.23,6.08,3.38,Placed
17204,19,73.0,4.25,78.48,70.38,85.26,5.4,5.45,6.71,Placed
17205,18,62.97,6.01,66.02,64.56,100.0,7.35,6.14,4.77,Placed
17206,22,72.42,5.34,44.75,89.51,98.91,9.02,6.65,0.5,Placed
17207,25,75.2,5.57,86.13,59.39,93.45,6.91,5.87,0.5,Placed
17208,19,86.77,3.44,34.25,56.72,68.98,5.94,7.41,7.69,Placed
17209,21,73.34,6.69,71.53,49.26,84.86,7.87,4.79,4.67,Placed
17210,25,62.79,5.32,82.37,57.92,81.36,8.88,5.38,4.15,Placed
17211,24,58.75,3.87,92.65,100.0,100.0,5.87,7.59,0.5,Not Placed
17212,18,80.51,4.27,47.85,42.61,76.25,4.37,9.08,4.21,Placed
17213,22,78.87,3.55,64.26,46.64,96.31,8.62,7.1,2.39,Not Placed
17214,19,71.35,3.89,88.25,67.13,100.0,8.23,5.8,3.87,Placed
17215,19,72.39,3.72,89.27,99.59,100.0,7.66,5.46,3.04,Not Placed
17216,19,82.66,4.49,91.21,79.86,90.71,5.04,6.35,3.92,Not Placed
17217,22,94.69,6.93,100.0,92.84,100.0,7.92,8.32,4.89,Placed
17218,19,68.64,1.63,64.37,61.84,91.74,8.44,7.42,5.25,Placed
17219,20,79.07,5.86,77.59,45.76,100.0,9.79,5.32,4.37,Placed
17220,19,89.5,3.14,66.81,60.81,83.04,6.86,7.23,4.71,Placed
17221,20,68.69,6.09,42.37,66.0,98.62,7.39,8.52,0.93,Not Placed
17222,23,77.81,3.2,70.65,68.18,84.57,4.62,8.22,4.33,Placed
17223,21,77.54,4.54,42.08,64.58,90.82,8.36,8.4,4.91,Placed
17224,20,62.26,3.51,64.19,77.45,98.35,8.33,7.76,4.34,Placed
17225,22,80.02,0.68,49.98,56.61,79.01,7.68,5.26,7.47,Not Placed
17226,22,78.38,6.93,78.58,53.17,100.0,8.63,5.83,3.97,Placed
17227,18,84.66,2.1,60.32,48.73,89.86,6.26,8.89,1.85,Placed
17228,25,63.76,3.95,45.22,71.28,91.39,6.94,6.39,4.5,Not Placed
17229,25,78.12,1.91,84.98,69.69,95.76,6.99,4.52,3.35,Placed
17230,22,94.58,1.39,62.94,85.46,98.12,8.52,7.53,1.05,Not Placed
17231,22,100.0,3.43,65.52,92.75,100.0,8.55,8.07,3.89,Placed
17232,23,93.36,2.73,57.33,48.68,87.74,7.58,6.7,7.45,Not Placed
17233,21,63.88,1.7,89.24,68.38,96.55,7.52,7.46,3.76,Not Placed
17234,20,83.41,3.74,76.06,64.71,95.14,7.86,5.81,6.67,Placed
17235,20,72.2,1.13,62.8,43.41,75.88,6.8,6.24,5.94,Placed
17236,19,81.41,4.03,43.29,59.55,80.05,8.83,4.63,9.23,Not Placed
17237,24,68.73,3.57,100.0,93.07,100.0,6.66,5.51,5.41,Placed
17238,20,57.44,0.2,100.0,57.88,94.17,7.72,8.52,4.65,Placed
17239,20,73.87,2.86,93.65,55.22,94.88,6.48,3.0,4.68,Placed
17240,25,86.67,4.64,61.45,67.17,98.39,8.34,6.34,5.06,Placed
17241,22,81.46,1.89,64.49,82.59,100.0,7.08,6.16,3.98,Not Placed
17242,22,82.84,4.72,78.01,63.13,100.0,9.68,7.51,3.48,Placed
17243,19,80.6,4.58,58.59,70.04,94.99,7.05,4.24,5.42,Placed
17244,20,82.85,1.97,57.16,31.45,80.93,8.32,5.88,3.23,Placed
17245,23,84.35,3.78,93.88,77.16,100.0,6.44,6.09,0.77,Placed
17246,21,74.7,5.28,71.17,71.54,100.0,6.83,7.29,1.88,Placed
17247,19,78.99,2.22,55.2,82.15,82.82,7.15,6.79,7.79,Not Placed
17248,24,98.92,3.43,86.29,38.12,98.45,7.62,4.81,3.86,Placed
17249,21,79.7,5.87,63.39,63.16,88.51,6.3,6.39,6.04,Placed
17250,23,78.51,2.26,42.31,83.43,87.1,6.52,5.87,3.1,Placed
17251,20,79.23,4.63,54.98,59.09,78.45,7.31,7.36,6.28,Placed
17252,22,75.39,1.86,64.25,68.82,92.84,7.68,6.5,5.3,Placed
17253,24,72.78,3.51,75.3,61.45,76.73,7.16,8.9,8.48,Placed
17254,25,80.5,4.6,74.58,61.84,88.08,6.98,6.0,7.13,Placed
17255,19,71.93,0.2,90.42,86.67,72.77,5.61,6.12,5.97,Not Placed
17256,23,76.25,2.84,68.44,45.23,78.22,7.8,6.16,3.32,Not Placed
17257,25,68.51,4.57,65.02,67.2,98.0,8.21,6.57,2.15,Placed
17258,23,79.3,4.21,90.68,72.03,100.0,8.35,7.81,4.22,Placed
17259,19,85.01,2.86,86.68,83.01,100.0,7.38,6.27,4.54,Placed
17260,19,75.46,1.81,68.8,66.05,81.6,6.48,6.33,3.68,Placed
17261,19,53.9,4.93,76.38,83.5,96.61,6.81,7.23,5.91,Placed
17262,18,85.08,3.22,64.87,67.13,85.34,7.39,5.66,4.66,Not Placed
17263,24,79.44,4.78,54.57,69.91,100.0,7.18,7.56,4.5,Placed
17264,25,66.08,4.48,100.0,69.3,93.67,6.19,6.35,7.55,Placed
17265,22,87.28,2.99,63.87,78.48,88.69,5.18,5.72,4.71,Not Placed
17266,22,61.22,5.73,76.42,76.67,100.0,6.53,4.59,1.79,Placed
17267,24,90.54,2.73,49.27,50.19,85.06,6.87,5.48,6.55,Placed
17268,21,77.31,5.94,83.05,71.47,100.0,7.57,6.55,4.92,Placed
17269,21,50.77,6.18,53.91,76.65,93.85,6.71,6.69,3.95,Not Placed
17270,22,80.14,5.69,97.17,91.39,100.0,6.9,6.46,2.59,Placed
17271,20,73.13,3.47,98.96,51.86,90.25,7.33,5.02,7.02,Placed
17272,18,71.32,8.38,80.48,76.62,100.0,9.08,6.55,7.88,Placed
17273,22,69.15,4.07,73.72,62.43,96.09,7.0,4.94,3.16,Not Placed
17274,24,76.47,4.23,69.19,71.07,92.68,5.34,5.28,5.1,Not Placed
17275,18,72.18,3.76,71.29,50.82,84.78,6.38,8.1,5.38,Placed
17276,19,55.72,1.77,78.14,67.79,100.0,9.37,6.64,1.01,Placed
17277,20,93.26,6.13,73.35,73.1,100.0,8.92,7.31,4.41,Placed
17278,24,75.07,2.77,86.73,52.48,98.66,8.33,8.48,1.02,Placed
17279,22,69.22,5.46,58.23,91.18,93.73,8.04,6.69,4.46,Placed
17280,22,64.46,5.89,94.92,43.29,88.45,8.06,7.91,9.03,Placed
17281,23,87.25,4.89,65.66,76.6,99.14,6.91,7.23,1.6,Placed
17282,20,62.42,2.55,60.81,29.14,74.2,8.24,5.9,8.25,Placed
17283,23,79.61,3.19,77.44,63.92,85.24,8.29,6.59,8.05,Placed
17284,18,71.0,0.2,78.4,75.67,73.31,8.21,5.86,4.49,Placed
17285,18,71.69,3.59,45.95,79.4,86.31,6.48,7.49,5.53,Not Placed
17286,24,64.76,5.24,64.78,66.31,93.91,6.81,7.96,3.93,Placed
17287,23,70.56,3.37,39.42,64.13,85.1,6.43,5.12,3.61,Not Placed
17288,19,78.11,2.74,61.86,77.08,100.0,8.4,5.71,4.91,Not Placed
17289,21,80.82,3.26,62.51,83.21,87.74,7.56,6.33,2.95,Placed
17290,18,68.57,5.99,76.46,90.07,100.0,7.67,5.78,5.45,Placed
17291,23,76.91,3.7,60.18,47.35,100.0,7.89,6.48,4.58,Placed
17292,24,88.66,7.14,63.73,64.79,89.59,5.51,7.2,2.37,Placed
17293,20,58.05,2.77,91.56,32.9,78.88,8.26,8.3,5.92,Placed
17294,20,77.92,4.19,100.0,46.12,96.68,6.55,6.15,5.97,Placed
17295,19,66.59,3.02,58.19,56.73,79.78,6.66,6.1,6.75,Placed
17296,21,65.37,7.53,87.29,81.84,100.0,6.2,7.21,3.54,Not Placed
17297,20,81.13,4.12,77.82,60.31,97.36,7.3,6.7,6.56,Placed
17298,19,71.46,7.63,45.92,63.38,96.57,7.12,4.89,8.83,Not Placed
17299,21,63.4,3.04,60.13,72.8,82.53,5.53,5.72,4.56,Placed
17300,24,93.89,6.55,26.58,57.27,87.63,5.05,6.34,4.74,Placed
17301,24,89.04,4.01,76.85,36.09,79.3,6.96,7.69,5.86,Placed
17302,20,54.81,5.31,55.85,56.07,100.0,8.18,8.09,0.5,Placed
17303,25,60.31,1.6,74.01,66.07,98.53,8.06,5.48,1.77,Not Placed
17304,19,85.12,4.43,100.0,75.5,100.0,8.4,5.83,3.4,Not Placed
17305,25,74.58,1.88,95.9,64.7,95.48,6.96,7.79,3.82,Placed
17306,20,96.01,4.26,60.49,75.23,100.0,6.78,6.2,4.72,Placed
17307,22,85.4,1.07,56.87,82.8,89.0,7.07,7.18,5.03,Placed
17308,19,81.59,3.63,91.39,85.93,100.0,8.17,6.52,1.75,Placed
17309,24,65.74,5.77,56.93,70.76,100.0,9.14,6.79,6.8,Placed
17310,20,83.9,4.79,86.87,49.81,89.87,6.65,6.26,5.17,Placed
17311,24,62.69,1.58,100.0,48.08,93.45,6.88,8.09,4.62,Placed
17312,18,93.66,0.38,82.13,49.57,72.7,7.24,4.89,5.48,Not Placed
17313,22,83.07,4.69,89.76,50.8,89.27,6.88,6.28,3.27,Not Placed
17314,19,68.1,6.65,88.02,69.59,96.14,6.5,7.98,4.02,Placed
17315,25,87.66,2.06,63.64,98.2,83.03,7.05,6.5,2.33,Placed
17316,21,100.0,7.58,76.35,71.39,100.0,6.25,6.61,0.5,Placed
17317,23,75.39,3.79,57.65,66.66,95.74,8.07,7.89,4.03,Placed
17318,25,84.6,0.27,91.35,83.39,95.49,8.97,7.3,7.95,Placed
17319,22,72.82,0.99,55.72,54.74,69.13,6.86,7.76,3.36,Placed
17320,18,79.02,5.19,82.51,84.67,99.8,9.2,8.18,1.39,Placed
17321,19,59.91,4.03,88.98,83.49,89.79,7.07,5.01,5.63,Placed
17322,19,77.99,6.47,64.63,68.94,91.34,6.36,6.19,3.54,Placed
17323,25,78.52,1.64,61.19,100.0,100.0,8.02,5.75,5.37,Placed
17324,25,99.59,4.01,69.45,85.84,98.01,6.09,7.12,5.82,Placed
17325,21,56.46,3.81,58.61,68.73,100.0,7.95,7.98,3.49,Not Placed
17326,25,74.63,3.54,74.35,65.7,84.03,7.5,3.73,5.33,Not Placed
17327,19,93.46,3.11,58.25,61.09,93.26,6.72,4.83,4.43,Placed
17328,23,75.1,3.15,59.33,65.91,87.49,6.59,4.24,0.56,Not Placed
17329,21,75.94,4.11,80.2,66.37,85.16,6.15,5.69,3.45,Not Placed
17330,19,68.0,4.34,81.26,62.89,100.0,8.44,6.76,2.84,Placed
17331,20,66.81,4.25,67.6,64.58,93.2,6.93,8.65,1.48,Placed
17332,21,56.09,5.97,47.3,48.92,84.36,7.57,5.13,2.81,Not Placed
17333,20,70.45,1.64,89.56,58.91,77.34,7.19,9.57,5.84,Placed
17334,19,66.13,0.54,65.27,42.44,86.52,6.95,7.32,4.53,Not Placed
17335,20,79.42,5.63,100.0,74.63,100.0,7.59,7.37,0.79,Placed
17336,19,68.55,2.1,70.01,69.28,84.12,7.81,7.55,2.28,Placed
17337,25,72.24,3.12,74.04,66.04,91.66,7.37,5.0,4.53,Placed
17338,21,72.57,2.7,65.52,82.18,87.77,6.97,5.98,4.49,Placed
17339,18,77.42,2.66,75.65,54.18,90.62,5.9,5.46,3.86,Not Placed
17340,22,71.66,1.18,100.0,56.63,81.72,6.48,7.46,6.01,Not Placed
17341,25,65.26,2.77,66.77,44.3,76.67,6.83,5.6,5.24,Not Placed
17342,20,79.03,4.97,91.14,84.37,100.0,7.22,6.43,3.36,Placed
17343,24,90.81,3.79,73.36,77.69,94.33,5.11,5.88,3.15,Placed
17344,22,79.54,4.71,89.61,89.27,100.0,7.94,8.39,4.1,Placed
17345,23,70.68,2.91,43.02,93.32,100.0,7.59,5.95,0.5,Not Placed
17346,20,76.52,5.43,100.0,61.21,99.25,6.5,5.36,5.08,Placed
17347,18,53.39,2.88,77.12,56.62,99.24,6.1,7.26,1.99,Placed
17348,20,76.33,0.2,67.98,39.27,67.37,6.38,6.6,6.92,Placed
17349,25,73.2,4.37,85.55,50.43,85.05,5.61,8.36,1.08,Placed
17350,24,66.8,5.18,74.16,62.8,87.68,6.79,7.05,5.24,Placed
17351,24,68.97,2.79,54.78,35.02,73.83,6.98,7.01,0.52,Placed
17352,25,73.08,5.96,35.65,50.76,88.06,8.3,7.73,3.21,Placed
17353,20,89.91,2.27,99.39,66.67,100.0,7.77,7.23,5.29,Placed
17354,20,91.1,5.01,68.66,82.29,100.0,8.7,7.63,6.33,Placed
17355,25,66.86,6.94,62.81,56.53,98.09,7.33,7.53,6.23,Placed
17356,22,71.78,3.87,63.97,70.05,76.72,6.11,6.29,5.87,Placed
17357,20,72.09,3.39,93.97,97.82,100.0,,5.24,6.1,Placed
17358,20,87.71,3.61,64.65,39.1,65.91,6.82,6.47,6.27,Not Placed
17359,25,79.75,6.73,81.67,85.37,100.0,5.35,4.27,3.37,Placed
17360,18,79.11,4.53,66.98,74.09,93.7,7.46,5.8,3.72,Not Placed
17361,18,84.44,7.66,53.18,88.26,100.0,5.29,6.21,5.84,Placed
17362,23,70.84,4.3,85.52,83.47,100.0,7.1,8.24,6.67,Placed
17363,18,94.37,2.62,88.55,57.39,97.19,6.63,6.5,4.16,Placed
17364,19,77.98,2.75,61.81,68.03,88.33,7.83,8.79,3.39,Not Placed
17365,25,67.73,3.91,71.43,44.63,94.07,8.34,7.25,3.32,Placed
17366,21,75.24,0.2,73.46,59.63,91.48,6.81,4.73,2.79,Placed
17367,23,92.78,2.95,78.68,68.47,89.29,6.72,8.06,5.39,Not Placed
17368,21,72.9,2.98,100.0,72.86,94.7,8.11,7.93,6.72,Not Placed
17369,18,89.39,4.23,67.14,80.63,93.4,6.28,4.67,5.42,Placed
17370,19,70.5,7.3,67.05,93.33,100.0,7.28,7.55,4.41,Placed
17371,24,68.81,3.9,69.37,61.03,96.08,7.85,8.42,8.28,Placed
17372,18,85.92,0.34,57.87,86.32,84.17,6.25,4.11,4.46,Placed
17373,22,67.51,2.15,46.17,72.28,79.16,6.84,5.39,7.24,Not Placed
17374,20,87.87,4.27,74.01,47.08,90.32,7.32,7.82,2.3,Placed
17375,20,82.22,3.97,79.91,65.59,100.0,8.8,6.47,4.92,Placed
17376,25,67.52,6.72,72.04,69.85,100.0,5.75,8.46,2.52,Placed
17377,22,77.14,5.53,71.06,54.61,100.0,7.02,7.83,2.65,Placed
17378,22,71.41,5.47,58.52,51.35,100.0,8.82,7.69,2.87,Placed
17379,20,82.19,3.41,75.79,50.81,95.45,8.37,8.1,4.62,Placed
17380,21,100.0,5.78,74.55,59.3,92.06,6.87,5.72,3.57,Placed
17381,23,73.55,2.19,79.12,54.17,94.45,7.11,6.33,0.5,Placed
17382,18,84.41,5.54,76.86,87.69,100.0,7.75,9.04,3.63,Placed
17383,19,78.29,3.29,77.91,28.78,99.99,7.78,6.28,3.25,Placed
17384,22,78.29,1.19,91.78,69.78,,8.85,8.01,1.0,Placed
17385,22,76.02,4.87,80.58,76.45,100.0,8.56,6.46,5.41,Placed
17386,18,67.71,6.32,79.21,52.59,100.0,5.54,5.78,5.83,Placed
17387,24,82.02,3.07,45.86,64.29,66.85,5.29,5.52,5.73,Not Placed
17388,22,74.54,6.61,87.8,62.53,88.73,6.55,7.36,7.91,Placed
17389,19,67.14,0.82,67.53,66.76,80.07,4.98,8.27,2.26,Placed
17390,24,90.17,1.65,73.19,78.61,100.0,8.77,7.29,2.31,Placed
17391,25,79.19,3.54,52.91,77.17,90.5,5.4,7.01,4.43,Not Placed
17392,21,75.26,3.13,100.0,58.4,85.8,6.84,5.32,4.26,Placed
17393,20,94.08,2.6,34.89,43.93,86.05,6.15,6.7,4.77,Placed
17394,20,55.97,4.04,94.32,70.64,100.0,5.3,6.92,6.17,Placed
17395,22,93.27,2.85,78.38,57.49,90.88,8.62,5.65,3.99,Placed
17396,18,67.44,3.15,43.42,59.56,80.95,6.51,7.22,6.57,Placed
17397,21,80.54,4.3,100.0,71.58,100.0,9.49,5.88,2.96,Placed
17398,18,70.94,2.6,79.71,61.04,93.82,8.89,6.23,3.49,Not Placed
17399,18,66.92,3.61,36.63,72.91,82.32,7.2,7.63,2.28,Placed
17400,21,93.77,2.64,65.66,100.0,89.57,4.69,8.62,0.5,Placed
17401,23,100.0,1.63,80.02,78.97,87.68,6.79,8.52,1.0,Placed
17402,25,75.35,5.17,97.7,89.52,100.0,9.94,6.53,6.29,Placed
17403,18,82.03,6.87,65.86,76.17,100.0,7.71,7.36,6.71,Placed
17404,19,78.68,5.72,32.3,69.23,100.0,7.0,7.47,1.94,Placed
17405,21,98.77,4.4,93.89,76.42,100.0,6.47,7.46,6.36,Placed
17406,22,52.64,2.65,79.47,75.64,96.35,8.26,6.86,0.5,Placed
17407,25,82.53,3.28,38.51,81.8,100.0,7.64,8.26,2.44,Placed
17408,23,69.27,5.7,77.14,68.95,100.0,7.54,5.97,3.56,Not Placed
17409,22,49.73,0.2,78.73,47.07,71.39,8.56,5.34,6.61,Not Placed
17410,18,73.67,3.15,67.13,44.51,91.74,8.5,7.13,8.11,Placed
17411,18,100.0,5.12,59.59,75.38,100.0,7.72,6.33,3.57,Placed
17412,19,70.13,1.75,62.85,49.98,75.94,5.3,9.01,4.36,Placed
17413,23,87.49,4.56,67.12,78.98,95.81,6.02,6.15,6.58,Placed
17414,20,92.38,4.48,77.32,89.42,100.0,6.46,7.95,9.0,Not Placed
17415,19,77.85,1.18,83.83,64.47,88.78,7.16,7.28,6.88,Placed
17416,23,79.45,3.96,39.78,87.38,100.0,9.0,5.03,2.08,Placed
17417,24,57.4,2.69,75.84,72.14,99.04,9.66,7.42,6.25,Placed
17418,21,69.41,4.55,79.32,68.41,94.35,7.67,5.93,3.21,Placed
17419,25,88.88,5.01,74.54,69.17,97.19,7.86,9.59,7.3,Placed
17420,23,78.73,4.52,65.93,54.71,76.71,5.39,5.76,5.77,Placed
17421,23,82.41,3.93,93.3,52.66,88.71,6.69,5.6,2.45,Placed
17422,24,79.6,4.32,92.17,41.7,89.5,6.54,4.09,6.71,Placed
17423,19,100.0,1.68,66.51,56.27,94.64,6.44,5.79,5.56,Placed
17424,24,72.83,3.74,70.75,100.0,100.0,7.9,7.58,5.3,Placed
17425,25,97.26,2.37,83.58,44.11,93.99,6.66,5.47,4.56,Placed
17426,25,79.6,5.66,91.24,49.18,85.93,4.93,7.33,3.45,Placed
17427,22,98.33,5.03,59.77,55.11,98.0,8.21,7.02,5.73,Placed
17428,24,63.3,5.02,56.31,55.86,87.74,8.64,5.54,8.9,Placed
17429,25,80.22,6.88,76.11,72.31,100.0,7.55,6.57,8.32,Placed
17430,24,73.28,3.21,55.15,58.21,78.86,7.0,5.58,4.13,Placed
17431,25,79.67,2.81,42.83,64.82,89.84,6.12,7.74,0.5,Not Placed
17432,24,92.67,3.16,59.69,54.41,85.32,6.2,4.52,3.4,Placed
17433,21,82.55,0.92,78.26,60.4,92.37,8.49,7.6,4.79,Placed
17434,23,92.64,1.06,95.3,67.05,83.89,6.3,5.84,5.07,Placed
17435,21,69.96,4.92,61.37,65.85,89.65,9.62,6.85,6.3,Not Placed
17436,24,68.13,1.29,70.14,99.69,93.77,8.34,7.27,5.95,Placed
17437,24,78.19,1.87,74.33,67.55,94.32,7.61,6.88,5.98,Placed
17438,25,77.54,3.62,62.27,64.64,93.13,10.0,9.19,3.23,Placed
17439,22,75.77,3.06,61.09,28.05,73.12,8.73,6.21,3.45,Placed
17440,21,66.5,5.39,77.02,71.84,94.05,6.68,5.07,2.34,Placed
17441,19,92.38,3.91,54.04,36.4,76.46,5.97,9.32,5.02,Not Placed
17442,23,73.65,2.36,60.49,76.83,100.0,6.69,7.16,6.23,Placed
17443,22,95.11,5.55,68.96,70.28,100.0,7.08,6.9,6.64,Placed
17444,22,78.15,5.11,76.84,80.77,100.0,6.29,9.4,0.5,Not Placed
17445,23,85.78,1.26,49.27,57.85,80.24,5.85,5.15,5.44,Placed
17446,24,84.69,4.25,70.04,68.43,98.41,7.48,6.62,2.42,Placed
17447,19,68.11,2.51,52.64,78.81,88.23,8.27,5.42,5.68,Placed
17448,21,82.41,2.47,61.74,53.13,100.0,9.43,6.59,2.4,Not Placed
17449,23,100.0,7.17,83.83,77.76,95.91,7.29,5.0,5.97,Placed
17450,24,81.02,4.02,70.89,77.03,94.64,7.92,6.83,3.21,Placed
17451,24,88.82,3.41,97.04,65.84,95.01,4.98,6.74,3.25,Placed
17452,24,86.32,3.95,70.92,93.26,98.83,8.23,6.68,6.11,Placed
17453,24,81.68,5.37,86.52,76.25,90.43,5.99,4.0,3.4,Not Placed
17454,25,80.24,2.54,83.92,41.21,92.12,7.57,7.65,6.42,Not Placed
17455,22,84.57,2.84,71.8,83.82,90.14,7.15,6.45,5.98,Placed
17456,19,87.16,4.98,52.27,57.47,97.63,6.91,9.88,4.28,Placed
17457,22,61.77,1.07,70.42,80.76,76.74,5.42,6.17,3.59,Placed
17458,23,80.97,5.58,64.01,72.73,95.29,6.29,5.97,7.05,Not Placed
17459,18,75.79,0.91,63.43,25.73,64.74,6.05,6.93,6.16,Placed
17460,24,73.3,3.36,74.34,77.68,93.28,6.49,5.25,7.78,Not Placed
17461,22,93.55,0.92,50.26,64.45,99.79,8.62,8.2,1.01,Placed
17462,25,69.2,1.9,58.89,60.65,74.15,6.78,5.61,3.92,Placed
17463,19,61.26,6.14,56.82,61.24,77.5,6.39,5.74,3.59,Not Placed
17464,25,87.55,5.68,68.19,80.62,100.0,7.98,7.75,5.52,Placed
17465,21,60.96,5.87,60.48,53.26,89.51,7.59,7.05,2.6,Placed
17466,22,54.86,1.19,61.46,85.81,90.58,9.64,7.03,2.88,Not Placed
17467,23,88.9,1.91,74.03,43.69,74.61,8.41,5.17,4.58,Not Placed
17468,22,79.9,4.41,65.31,72.73,88.01,4.81,7.97,0.75,Placed
17469,25,83.67,5.09,72.07,80.36,100.0,8.17,5.56,0.5,Placed
17470,19,72.69,2.36,55.26,79.97,85.28,8.02,4.73,4.27,Placed
17471,23,61.39,2.76,59.57,70.95,89.6,9.19,7.24,9.81,Not Placed
17472,25,63.77,1.76,100.0,64.69,92.63,6.96,6.54,4.73,Not Placed
17473,19,74.73,6.78,61.54,59.2,100.0,8.52,6.51,3.75,Not Placed
17474,20,62.73,2.95,40.4,48.44,85.71,6.77,7.6,5.36,Not Placed
17475,21,81.68,3.86,77.13,57.03,88.13,7.55,6.42,5.66,Placed
17476,23,72.45,3.95,61.38,52.62,74.09,5.93,4.7,4.24,Placed
17477,25,80.22,5.79,75.66,49.99,80.22,5.55,6.39,3.15,Placed
17478,24,79.86,2.09,70.66,96.86,100.0,8.24,7.15,1.36,Not Placed
17479,24,82.64,5.9,80.25,40.49,95.1,7.2,7.01,6.3,Placed
17480,21,,1.5,70.51,86.01,97.12,5.66,6.59,3.56,Placed
17481,23,73.87,5.9,68.6,48.22,100.0,8.18,9.69,5.45,Placed
17482,19,80.21,0.71,89.22,51.65,67.84,4.0,8.79,6.61,Placed
17483,21,80.83,3.61,38.73,51.38,77.03,6.23,5.36,3.89,Not Placed
17484,19,48.85,6.73,52.12,50.23,78.68,5.21,5.16,1.57,Placed
17485,18,85.76,5.06,59.62,82.77,100.0,8.64,8.39,4.05,Placed
17486,24,79.8,4.56,46.61,77.41,94.29,6.68,8.08,4.19,Placed
17487,24,84.77,1.91,64.81,64.28,82.61,7.29,8.58,5.49,Placed
17488,22,62.56,2.48,63.33,100.0,100.0,7.57,6.27,3.36,Placed
17489,18,74.21,6.22,86.62,67.73,95.75,8.17,6.61,3.25,Placed
17490,18,64.9,4.65,70.68,68.96,100.0,8.03,4.67,3.73,Not Placed
17491,18,86.94,5.4,68.8,57.03,96.62,8.16,6.97,5.24,Placed
17492,23,61.14,3.93,66.3,55.12,62.11,6.88,6.03,6.3,Placed
17493,19,66.86,3.29,56.22,59.47,71.15,8.22,5.86,9.17,Not Placed
17494,20,84.41,5.18,85.36,81.63,100.0,6.41,7.91,8.36,Placed
17495,24,70.45,4.27,90.15,77.14,94.98,6.72,6.61,4.23,Placed
17496,25,66.86,3.49,53.82,88.65,90.62,5.36,7.79,3.06,Placed
17497,24,88.88,1.25,96.3,56.53,95.9,9.21,6.67,3.25,Placed
17498,20,89.37,5.52,61.94,77.43,100.0,6.01,7.46,1.87,Placed
17499,22,86.66,4.59,60.71,72.89,100.0,8.89,5.22,4.75,Placed
17500,19,88.18,2.71,79.09,74.95,100.0,7.84,5.62,2.52,Placed
17501,24,75.22,5.92,80.43,54.18,100.0,7.44,7.34,2.29,Placed
17502,18,75.54,4.24,70.93,51.38,99.17,7.64,8.83,2.42,Placed
17503,23,70.22,4.27,66.81,76.63,87.1,5.92,7.36,6.28,Placed
17504,22,80.01,5.39,89.59,81.97,100.0,9.13,6.82,4.33,Placed
17505,24,71.67,5.0,62.65,58.11,93.64,6.77,8.6,1.77,Placed
17506,21,72.8,4.33,70.97,77.74,94.92,8.42,6.54,6.26,Not Placed
17507,19,85.2,3.46,97.41,87.19,96.04,6.55,5.84,6.88,Not Placed
17508,24,92.21,7.37,51.94,62.21,98.3,5.48,6.81,3.58,Placed
17509,23,82.78,2.48,65.12,44.98,100.0,9.58,7.25,2.93,Placed
17510,21,99.53,5.14,87.38,46.98,100.0,6.48,5.28,2.76,Placed
17511,20,69.53,3.65,79.92,57.18,96.87,7.75,6.95,5.03,Not Placed
17512,20,55.94,4.62,85.41,60.86,73.2,4.0,4.73,6.32,Placed
17513,21,86.58,6.02,52.16,67.42,100.0,7.11,6.44,4.84,Placed
17514,20,68.74,3.24,76.82,67.75,96.03,7.92,6.61,1.81,Not Placed
17515,20,74.72,4.88,67.72,63.64,89.44,7.37,6.76,6.63,Placed
17516,20,56.76,4.28,100.0,78.87,83.05,7.08,4.45,4.39,Placed
17517,18,67.21,2.65,84.14,55.83,90.89,6.95,6.92,4.1,Not Placed
17518,25,59.97,6.06,71.67,88.23,100.0,8.24,7.85,5.36,Placed
17519,19,72.79,5.08,76.29,83.04,88.21,5.65,8.49,6.59,Placed
17520,19,73.27,3.02,72.81,81.87,88.37,6.92,8.54,2.22,Placed
17521,19,79.08,5.79,82.49,57.45,100.0,8.92,6.83,1.82,Placed
17522,25,92.88,2.3,59.16,66.14,86.92,5.42,9.77,4.4,Not Placed
17523,21,86.12,3.75,92.48,79.57,100.0,7.07,5.89,4.43,Placed
17524,20,58.53,3.03,52.13,64.8,73.41,5.88,5.93,6.3,Not Placed
17525,21,85.3,5.15,75.08,56.81,96.52,7.56,6.82,7.04,Placed
17526,18,79.34,2.94,59.64,56.17,87.55,7.24,7.79,3.49,Placed
17527,20,76.83,5.17,72.64,56.95,82.43,6.07,7.57,5.16,Not Placed
17528,19,77.73,4.87,86.82,49.43,96.4,7.23,3.96,5.42,Placed
17529,24,80.45,3.12,46.31,100.0,88.11,7.28,5.64,5.61,Placed
17530,18,69.7,7.09,69.46,36.76,89.75,6.47,7.72,1.26,Placed
17531,21,75.81,2.46,50.4,52.31,79.1,6.7,5.73,5.54,Placed
17532,24,92.21,1.26,67.81,77.54,96.15,6.42,6.65,2.84,Placed
17533,24,69.55,5.34,50.36,57.1,73.67,4.46,7.23,5.64,Placed
17534,22,65.64,0.2,74.43,62.37,91.76,8.31,7.38,2.19,Placed
17535,19,77.26,6.49,65.61,74.32,100.0,8.63,7.83,4.62,Placed
17536,20,64.43,3.98,83.21,84.52,90.88,5.1,8.33,3.88,Placed
17537,19,57.33,1.23,90.43,63.63,87.13,8.65,7.56,8.76,Placed
17538,23,73.87,2.09,72.16,82.75,92.94,7.68,5.33,2.71,Placed
17539,20,95.38,0.86,85.4,40.84,82.24,5.88,7.5,2.56,Placed
17540,23,77.54,4.49,92.74,58.3,100.0,6.95,8.1,7.43,Placed
17541,23,80.14,1.41,58.17,75.92,84.47,6.35,7.34,6.19,Not Placed
17542,25,52.44,4.7,93.52,99.57,100.0,8.31,8.35,4.98,Placed
17543,20,83.26,3.25,71.45,52.55,82.38,6.1,7.09,3.46,Not Placed
17544,25,79.12,2.94,57.32,49.74,96.31,9.75,6.65,2.11,Placed
17545,21,70.02,4.72,76.48,73.46,99.16,8.59,5.78,3.55,Not Placed
17546,23,80.16,4.92,70.92,68.85,83.15,5.73,9.24,3.34,Not Placed
17547,23,80.04,5.86,50.89,56.51,100.0,9.17,5.55,3.01,Placed
17548,24,65.29,2.66,55.48,48.53,82.58,8.08,6.79,3.39,Placed
17549,21,81.98,3.75,96.56,59.78,95.52,7.02,6.37,3.29,Placed
17550,24,92.37,2.66,76.18,76.34,100.0,8.01,5.2,6.34,Placed
17551,20,75.26,4.09,94.23,62.67,100.0,8.31,7.87,1.63,Placed
17552,21,67.59,2.4,65.75,86.74,91.01,6.29,7.4,5.2,Placed
17553,21,75.87,3.04,59.98,65.82,92.04,8.2,7.09,4.95,Not Placed
17554,23,88.26,3.05,46.75,77.62,90.84,6.68,6.05,4.29,Placed
17555,22,63.28,4.33,86.52,72.46,96.13,8.18,7.48,5.75,Placed
17556,18,84.94,3.81,78.16,61.54,99.3,7.04,6.49,5.28,Not Placed
17557,24,69.86,4.71,65.89,81.33,100.0,5.99,7.38,4.62,Placed
17558,24,80.9,3.61,60.11,48.52,82.8,7.96,8.52,6.63,Placed
17559,18,71.23,2.76,88.9,59.14,93.39,6.75,3.87,0.5,Not Placed
17560,25,71.2,4.14,69.34,61.38,90.67,7.39,8.0,8.8,Placed
17561,23,96.28,2.15,69.5,74.1,99.85,7.69,9.65,6.77,Placed
17562,18,61.09,4.82,62.99,78.09,100.0,8.96,8.87,7.87,Not Placed
17563,21,83.82,3.29,65.89,54.96,80.26,6.68,7.73,2.68,Not Placed
17564,24,98.78,4.17,80.25,52.7,88.52,6.18,8.27,4.58,Placed
17565,20,86.23,4.2,50.75,69.26,97.26,9.17,5.78,5.06,Placed
17566,25,62.03,6.68,73.21,43.4,100.0,7.2,7.09,3.7,Not Placed
17567,21,62.62,4.49,86.33,84.13,94.97,6.55,6.62,4.8,Placed
17568,19,68.98,3.93,70.73,64.42,95.1,7.63,6.24,4.97,Placed
17569,20,79.89,2.55,87.81,49.29,90.49,6.79,7.99,2.05,Placed
17570,22,80.71,5.24,92.11,48.97,95.13,6.88,6.56,5.93,Not Placed
17571,23,62.74,3.31,85.55,73.01,100.0,10.0,4.57,5.77,Placed
17572,25,67.53,1.05,63.94,72.58,74.45,6.01,7.33,3.09,Not Placed
17573,19,68.26,3.45,71.47,55.71,81.35,5.47,6.77,1.85,Not Placed
17574,25,75.83,4.14,77.19,66.18,98.78,8.67,7.63,4.71,Placed
17575,22,100.0,2.33,64.95,49.93,85.85,6.74,6.31,2.81,Placed
17576,19,66.8,3.59,64.45,63.87,82.13,7.58,4.73,5.04,Placed
17577,25,66.28,3.67,63.55,91.61,100.0,7.97,5.63,2.91,Not Placed
17578,20,64.4,3.7,100.0,100.0,81.28,5.1,5.7,7.5,Placed
17579,22,85.63,6.02,67.93,64.61,93.6,8.57,5.57,3.13,Not Placed
17580,23,77.5,1.44,88.03,74.91,92.67,6.53,6.12,2.71,Placed
17581,18,67.25,7.46,58.96,74.28,100.0,9.48,7.67,4.55,Placed
17582,19,73.65,3.74,97.53,40.46,98.14,6.24,5.14,1.3,Placed
17583,23,68.5,4.84,66.32,49.6,97.09,9.08,7.86,2.77,Placed
17584,20,81.55,4.03,72.79,30.95,94.22,9.3,5.28,1.19,Placed
17585,18,100.0,0.69,44.51,75.19,85.66,6.61,6.34,4.92,Not Placed
17586,18,84.61,1.9,88.75,99.13,100.0,6.97,6.76,6.36,Placed
17587,24,76.88,2.86,92.0,85.05,89.1,6.82,6.44,3.64,Placed
17588,19,70.02,5.59,54.19,68.71,100.0,9.02,7.55,7.01,Placed
17589,18,61.88,1.31,89.62,66.46,92.74,7.42,6.67,2.8,Not Placed
17590,22,86.8,2.26,51.94,62.36,86.09,7.84,6.61,3.57,Placed
17591,18,86.15,4.1,81.48,84.95,100.0,7.03,3.95,6.29,Placed
17592,23,72.41,4.65,67.68,71.45,92.75,7.77,7.28,5.93,Not Placed
17593,22,92.56,4.6,92.04,69.0,100.0,7.84,9.05,5.41,Placed
17594,23,78.25,2.03,75.74,50.35,66.65,6.48,6.21,6.72,Placed
17595,21,87.3,0.92,85.97,77.62,100.0,9.33,7.59,4.4,Not Placed
17596,24,81.55,4.77,90.57,65.6,100.0,6.96,5.81,5.11,Not Placed
17597,23,75.87,6.38,67.63,74.35,100.0,8.44,7.98,3.14,Placed
17598,21,66.54,3.18,71.57,83.99,91.62,5.69,7.42,8.35,Placed
17599,18,76.25,1.74,55.33,41.84,80.58,8.02,6.36,3.6,Placed
17600,20,88.1,3.03,67.5,63.27,98.21,8.48,6.28,4.07,Placed
17601,19,71.9,4.51,100.0,60.95,100.0,7.52,7.57,4.92,Placed
17602,18,83.28,3.38,83.34,59.54,97.28,8.49,6.85,5.83,Placed
17603,20,65.01,6.33,56.33,50.13,72.86,6.35,5.32,5.81,Placed
17604,19,87.36,5.46,96.47,56.36,100.0,7.77,4.97,0.5,Not Placed
17605,18,81.76,4.13,77.84,50.42,92.08,5.38,7.51,8.03,Placed
17606,20,63.57,0.28,84.46,81.2,88.65,7.38,5.88,7.72,Placed
17607,22,75.31,2.55,79.36,74.04,84.39,6.25,6.84,7.0,Not Placed
17608,19,89.18,2.81,78.3,72.93,99.13,7.12,7.51,4.79,Placed
17609,20,62.89,2.46,42.03,37.17,62.93,8.86,5.36,7.0,Not Placed
17610,18,65.15,4.14,88.6,99.18,99.83,9.29,5.58,5.02,Placed
17611,18,77.17,4.18,38.18,61.46,98.83,5.66,8.75,5.0,Not Placed
17612,19,100.0,0.79,87.24,95.91,95.61,8.69,6.31,5.9,Not Placed
17613,21,69.93,5.25,73.49,79.99,100.0,8.88,8.02,5.59,Not Placed
17614,23,83.94,3.83,84.53,64.29,100.0,7.59,9.81,6.55,Placed
17615,24,81.12,4.44,74.38,100.0,100.0,8.83,7.09,0.5,Placed
17616,23,70.93,5.14,87.66,77.08,98.98,6.7,5.77,4.32,Placed
17617,22,79.93,2.42,72.24,64.35,86.15,6.58,6.95,2.06,Not Placed
17618,25,72.63,6.07,76.21,61.74,93.7,6.59,6.57,6.36,Not Placed
17619,20,73.71,3.54,78.07,84.51,100.0,8.06,6.88,2.68,Placed
17620,24,58.06,6.52,100.0,59.42,100.0,7.08,7.66,3.93,Placed
17621,25,77.71,2.19,81.0,61.94,90.06,6.34,7.8,6.37,Placed
17622,22,88.79,6.39,52.25,58.45,75.34,6.4,4.39,7.12,Not Placed
17623,24,78.69,2.17,63.54,55.91,87.97,7.2,8.23,6.27,Placed
17624,19,91.09,8.39,80.97,56.89,100.0,6.18,7.13,6.01,Placed
17625,25,84.96,2.09,90.9,96.36,100.0,8.0,6.11,2.13,Placed
17626,22,77.29,5.7,61.17,84.12,100.0,8.63,7.68,2.47,Placed
17627,19,70.46,3.15,100.0,71.77,92.02,8.37,5.54,1.82,Placed
17628,18,72.16,5.09,74.63,59.24,100.0,10.0,5.6,2.39,Placed
17629,23,60.35,3.73,78.31,59.18,100.0,7.69,8.07,4.82,Placed
17630,21,74.8,1.84,53.19,62.13,89.58,9.23,6.88,6.51,Not Placed
17631,20,79.75,0.2,88.73,96.62,82.51,7.42,8.68,6.5,Placed
17632,21,98.59,8.31,65.31,72.65,100.0,6.87,5.98,0.8,Placed
17633,25,84.34,3.93,60.81,79.96,85.71,7.34,7.15,4.43,Not Placed
17634,21,67.62,0.2,67.24,71.2,74.29,7.4,7.26,3.95,Not Placed
17635,18,60.73,4.34,92.74,53.83,100.0,7.05,7.29,0.5,Placed
17636,20,75.52,5.04,78.99,69.64,86.51,5.9,7.54,6.16,Placed
17637,19,87.74,2.51,58.66,50.79,77.29,6.02,7.35,6.1,Placed
17638,23,75.35,2.52,64.04,87.13,92.83,8.56,6.82,3.28,Placed
17639,24,84.5,3.76,93.14,56.02,98.08,8.2,4.47,3.88,Placed
17640,24,75.83,5.96,68.45,58.85,100.0,9.33,7.84,4.79,Placed
17641,23,86.6,3.98,80.41,81.01,84.37,6.73,3.95,5.33,Not Placed
17642,24,58.83,6.43,84.08,56.83,95.78,6.62,5.32,3.2,Placed
17643,21,97.25,5.84,20.72,64.5,75.31,5.82,5.95,2.78,Placed
17644,23,64.65,3.39,90.97,25.8,100.0,8.47,7.88,2.33,Not Placed
17645,18,87.52,0.97,59.21,62.84,69.79,6.13,6.53,7.48,Placed
17646,22,74.73,3.39,66.59,77.51,98.04,7.16,9.05,6.94,Placed
17647,22,76.61,4.75,95.09,57.98,100.0,7.58,5.14,2.32,Placed
17648,18,75.11,3.91,93.7,76.95,93.68,5.32,5.48,2.71,Placed
17649,22,81.07,4.94,79.39,67.74,98.36,8.13,4.1,2.38,Not Placed
17650,23,83.49,5.35,82.93,85.41,100.0,8.41,5.42,1.53,Placed
17651,20,90.7,4.76,86.67,56.24,100.0,7.53,6.04,8.4,Placed
17652,22,94.9,3.3,93.45,64.14,95.16,7.1,8.56,3.03,Placed
17653,20,81.98,4.74,95.36,44.49,94.8,7.16,8.05,6.02,Placed
17654,20,98.56,7.82,73.62,66.53,100.0,8.88,7.09,3.82,Placed
17655,19,79.12,1.12,60.94,61.26,88.92,7.26,6.43,4.06,Not Placed
17656,20,90.93,4.68,68.17,83.36,100.0,7.18,7.72,3.92,Placed
17657,24,83.14,7.1,73.91,58.0,95.48,6.38,8.33,5.23,Placed
17658,25,71.41,1.69,71.2,61.22,71.62,4.0,6.02,4.13,Placed
17659,23,80.17,5.6,56.82,57.2,100.0,8.52,6.14,5.99,Placed
17660,22,84.04,5.84,78.55,68.43,100.0,7.2,6.28,6.81,Placed
17661,22,77.61,1.14,48.48,99.82,83.16,6.15,4.72,3.26,Placed
17662,21,82.95,5.08,73.28,15.0,94.78,9.73,8.25,4.91,Placed
17663,21,88.38,3.31,74.24,67.23,100.0,7.73,6.1,1.23,Placed
17664,22,77.72,3.69,73.73,86.79,85.53,6.95,6.45,3.46,Placed
17665,24,42.67,3.22,84.77,59.77,98.56,8.42,8.55,4.54,Not Placed
17666,21,98.14,6.16,82.78,76.43,100.0,7.64,6.15,4.1,Placed
17667,22,74.43,3.6,100.0,86.84,100.0,7.62,8.32,4.28,Placed
17668,21,68.12,2.97,64.23,63.58,80.7,6.47,4.7,5.53,Placed
17669,20,64.51,3.0,76.19,57.56,85.35,8.04,7.47,5.95,Placed
17670,20,73.96,3.19,75.23,82.97,100.0,8.33,6.27,0.5,Not Placed
17671,18,71.25,1.86,74.52,75.93,81.37,6.48,4.9,4.87,Placed
17672,21,69.16,2.95,53.03,67.0,82.26,4.93,5.44,3.87,Placed
17673,23,69.81,4.01,54.25,77.78,92.15,8.34,6.97,3.54,Placed
17674,23,84.36,4.53,72.1,83.37,93.65,7.95,5.65,7.29,Placed
17675,25,100.0,5.97,48.36,67.15,100.0,8.21,7.26,0.99,Not Placed
17676,18,87.85,4.23,66.99,72.89,96.16,7.26,5.91,4.39,Placed
17677,24,91.47,2.95,62.29,76.36,100.0,8.36,4.86,7.38,Not Placed
17678,24,73.47,1.98,67.53,60.61,82.44,6.42,7.96,4.64,Not Placed
17679,21,79.26,4.33,88.98,87.01,100.0,6.98,7.15,2.6,Not Placed
17680,20,83.12,3.59,55.82,51.51,70.6,5.94,4.64,4.07,Not Placed
17681,20,70.09,3.65,85.05,65.9,98.79,8.59,7.58,8.04,Not Placed
17682,23,72.89,4.27,63.43,80.28,86.0,7.14,6.95,6.84,Not Placed
17683,24,88.25,4.73,65.3,51.1,92.59,7.48,6.28,3.46,Placed
17684,23,91.08,4.29,78.98,81.94,95.81,7.72,6.33,7.57,Placed
17685,22,78.81,3.49,67.89,71.04,96.43,6.91,8.41,5.77,Placed
17686,23,63.66,2.36,58.61,89.2,96.71,8.19,7.18,0.5,Not Placed
17687,18,74.45,2.7,66.45,77.8,100.0,9.19,8.47,4.29,Placed
17688,22,60.7,5.33,45.35,65.4,84.3,8.38,7.37,8.15,Not Placed
17689,18,78.9,3.04,77.72,71.71,86.46,5.13,7.08,4.19,Not Placed
17690,25,81.06,1.38,25.47,72.28,76.91,7.33,5.89,7.54,Placed
17691,25,74.75,5.89,85.32,100.0,100.0,7.39,6.99,1.63,Placed
17692,22,80.9,2.1,81.23,69.36,100.0,8.69,8.03,1.88,Placed
17693,20,83.0,3.86,96.02,65.79,94.28,6.54,6.9,6.77,Placed
17694,23,81.08,4.68,100.0,64.87,90.84,5.95,9.12,6.2,Placed
17695,23,63.58,3.81,86.04,71.02,100.0,8.2,8.02,4.45,Placed
17696,23,74.96,0.2,62.59,49.85,84.66,7.18,5.36,6.24,Placed
17697,22,82.92,4.5,100.0,61.88,93.17,6.45,6.22,3.31,Not Placed
17698,19,96.94,6.19,54.09,51.81,97.58,6.89,7.61,2.25,Placed
17699,18,74.74,5.22,43.46,53.9,79.48,5.51,4.97,5.27,Placed
17700,20,84.61,0.2,99.79,80.87,100.0,7.4,6.66,3.93,Not Placed
17701,22,88.54,7.63,81.02,68.42,100.0,6.84,5.68,5.33,Placed
17702,21,75.64,1.41,43.86,56.13,80.28,7.84,6.85,4.91,Not Placed
17703,22,91.78,1.86,51.67,65.6,81.2,6.95,5.69,3.83,Placed
17704,20,92.43,5.21,80.27,64.06,96.76,7.24,8.06,8.27,Placed
17705,25,94.56,4.62,58.95,68.84,99.21,6.65,6.19,2.42,Placed
17706,20,83.5,3.94,61.11,43.89,80.83,6.89,7.6,4.81,Placed
17707,24,100.0,2.78,100.0,50.54,78.68,5.84,5.01,4.31,Placed
17708,21,70.62,6.2,100.0,44.94,100.0,8.44,6.43,5.11,Placed
17709,21,100.0,3.73,74.2,53.61,88.6,7.15,5.26,4.59,Not Placed
17710,22,87.22,0.98,69.74,56.44,71.22,4.81,8.23,6.66,Placed
17711,20,94.08,6.02,85.54,51.45,96.21,5.3,5.87,5.13,Placed
17712,19,74.16,4.19,63.58,80.23,100.0,8.45,6.7,3.2,Placed
17713,21,88.13,5.81,38.54,97.44,100.0,7.15,7.22,2.45,Not Placed
17714,24,95.12,4.83,30.58,81.21,87.45,7.18,5.9,2.96,Placed
17715,19,64.95,8.1,70.9,58.95,98.06,7.2,5.36,2.87,Placed
17716,21,76.04,3.24,85.23,71.36,85.48,7.78,7.02,5.86,Placed
17717,23,52.3,3.83,72.24,66.94,87.74,9.04,4.48,4.33,Placed
17718,23,75.86,5.1,84.15,58.26,94.73,7.73,8.41,5.29,Placed
17719,21,68.21,3.25,85.65,89.2,100.0,7.57,6.64,1.74,Placed
17720,18,75.39,5.24,92.79,100.0,100.0,6.51,5.03,3.87,Placed
17721,18,100.0,0.2,74.79,44.48,71.03,5.35,6.48,5.47,Placed
17722,21,98.61,3.67,76.14,91.04,98.26,7.77,7.49,6.58,Not Placed
17723,24,60.73,3.61,71.45,58.54,78.82,7.87,5.82,1.53,Placed
17724,18,84.67,3.55,68.12,63.8,100.0,8.52,4.47,7.64,Placed
17725,25,87.59,2.22,48.42,72.52,87.33,9.25,6.65,7.38,Not Placed
17726,23,73.95,5.43,89.58,92.76,100.0,5.81,7.71,6.54,Not Placed
17727,18,80.14,2.89,66.24,72.5,83.59,6.46,7.08,7.03,Not Placed
17728,20,81.31,4.16,65.38,74.6,100.0,8.0,7.28,3.74,Placed
17729,19,61.84,3.73,63.88,81.65,97.26,7.2,7.95,2.9,Not Placed
17730,25,65.62,4.7,51.89,84.18,98.59,8.93,8.7,4.67,Placed
17731,22,80.07,6.38,70.72,76.18,100.0,6.97,3.57,5.1,Placed
17732,20,79.19,4.15,79.75,84.28,100.0,9.6,5.21,3.25,Placed
17733,20,69.5,5.31,61.42,58.43,90.71,7.27,7.0,5.68,Placed
17734,22,68.47,4.06,87.56,40.25,72.95,9.15,7.13,7.32,Not Placed
17735,18,76.92,2.89,66.47,97.2,84.9,4.31,4.94,6.29,Not Placed
17736,20,88.63,3.55,49.01,51.4,84.07,7.78,5.86,4.59,Placed
17737,19,77.08,3.29,92.61,59.46,98.02,7.23,8.87,0.5,Placed
17738,22,97.47,4.82,74.98,62.7,100.0,4.69,6.38,1.43,Placed
17739,23,69.65,3.99,84.95,59.94,88.17,7.18,7.05,4.31,Not Placed
17740,21,80.32,2.37,85.3,56.38,80.04,5.71,8.95,5.78,Placed
17741,19,73.75,3.4,57.81,75.42,80.48,6.58,6.91,1.66,Not Placed
17742,20,85.06,1.05,64.17,75.59,90.31,7.57,7.74,4.69,Placed
17743,24,68.62,3.47,87.51,77.92,95.42,7.05,7.49,5.92,Placed
17744,19,100.0,3.8,99.53,76.92,100.0,7.63,6.4,4.37,Not Placed
17745,19,57.71,7.06,72.95,61.33,98.76,7.39,6.33,3.26,Placed
17746,18,98.59,6.23,62.59,61.31,100.0,10.0,8.22,1.53,Placed
17747,24,79.08,1.94,97.24,85.91,100.0,7.51,6.79,6.05,Placed
17748,18,84.63,4.16,62.6,59.66,94.67,7.34,5.59,3.19,Placed
17749,22,94.01,4.19,76.93,59.34,96.77,7.71,8.1,7.79,Not Placed
17750,25,88.29,3.39,65.58,82.87,96.74,7.17,3.37,4.85,Placed
17751,23,69.24,3.5,76.04,67.7,90.47,5.3,8.69,5.24,Placed
17752,21,85.2,3.16,57.82,59.92,96.97,8.03,6.58,6.17,Placed
17753,19,100.0,7.17,66.38,60.07,100.0,8.75,6.81,3.77,Placed
17754,18,67.35,3.05,62.59,85.98,92.42,9.07,6.9,5.44,Placed
17755,19,100.0,4.41,81.93,77.38,100.0,8.03,8.4,3.21,Not Placed
17756,25,82.63,0.2,74.45,71.78,85.6,6.88,7.01,2.9,Placed
17757,19,72.8,5.28,85.2,49.34,98.72,7.52,6.77,2.68,Not Placed
17758,18,67.28,5.93,59.61,71.85,100.0,9.34,5.66,3.52,Placed
17759,24,75.32,1.91,68.87,64.6,82.16,6.93,5.94,8.62,Not Placed
17760,21,54.54,2.88,81.38,53.4,73.31,5.77,7.57,2.69,Not Placed
17761,20,73.02,4.61,84.88,58.37,100.0,9.85,7.07,5.73,Placed
17762,23,74.84,3.84,50.31,79.14,93.97,5.98,8.82,4.05,Not Placed
17763,22,65.11,4.64,76.77,87.88,87.93,5.31,5.82,2.23,Not Placed
17764,25,86.97,3.28,59.8,51.08,77.76,7.58,5.42,6.08,Not Placed
17765,21,75.37,7.15,85.64,53.1,100.0,7.69,7.16,3.49,Placed
17766,23,70.37,2.59,99.91,79.11,90.02,7.75,6.7,3.61,Not Placed
17767,25,74.1,8.64,32.82,61.45,93.31,8.25,5.36,6.67,Not Placed
17768,21,82.26,6.04,62.16,76.84,100.0,7.01,6.18,3.98,Placed
17769,20,78.88,5.3,75.96,61.24,93.49,7.02,7.65,4.95,Not Placed
17770,25,69.59,1.93,71.94,77.23,87.14,6.51,5.22,4.44,Placed
17771,19,79.51,5.44,86.09,46.02,89.07,7.36,5.43,4.31,Placed
17772,18,77.39,4.89,73.19,76.79,100.0,7.85,5.93,1.86,Placed
17773,22,64.33,0.2,64.05,34.41,69.39,8.29,5.95,6.22,Not Placed
17774,25,74.54,1.27,56.7,82.81,88.62,6.12,7.75,4.94,Not Placed
17775,18,84.95,4.44,54.17,67.46,83.06,5.7,6.13,6.13,Not Placed
17776,24,84.87,3.56,60.86,75.06,97.34,8.26,8.76,4.73,Placed
17777,24,75.24,2.87,63.52,71.79,83.03,6.57,5.55,6.61,Not Placed
17778,25,86.12,5.74,77.76,40.71,90.34,6.02,7.24,4.8,Placed
17779,21,66.24,2.21,69.65,89.87,82.79,4.98,6.75,7.24,Placed
17780,20,66.61,2.98,62.24,73.35,91.96,8.89,6.8,2.69,Placed
17781,22,74.98,2.64,56.86,80.1,82.82,7.53,3.85,2.92,Placed
17782,19,95.97,4.72,61.46,55.21,82.74,7.85,5.48,8.07,Placed
17783,24,79.96,0.7,63.54,71.85,80.72,7.72,6.6,6.15,Placed
17784,23,74.7,,60.78,47.04,65.69,7.46,4.44,8.23,Placed
17785,21,96.53,0.7,82.1,70.39,76.63,7.17,3.29,5.73,Placed
17786,22,74.56,3.24,92.52,52.97,87.95,7.12,5.32,3.94,Not Placed
17787,23,100.0,5.1,54.36,100.0,100.0,6.03,7.2,8.23,Placed
17788,22,71.86,5.13,88.79,77.68,95.4,5.08,7.37,0.86,Placed
17789,24,65.86,2.49,82.4,89.29,100.0,9.89,5.33,6.1,Placed
17790,25,76.0,4.76,74.7,64.01,100.0,7.25,6.56,0.5,Placed
17791,25,75.01,3.47,94.9,74.38,96.09,6.67,7.31,7.51,Placed
17792,22,68.31,6.25,69.45,82.49,94.54,6.24,8.39,2.44,Not Placed
17793,23,100.0,3.57,78.03,50.84,100.0,8.46,8.34,3.89,Placed
17794,20,81.82,0.2,73.86,57.24,88.71,7.37,7.89,2.57,Placed
17795,18,83.57,5.41,72.74,83.56,91.75,6.16,6.15,5.68,Placed
17796,21,72.46,2.97,78.88,64.51,89.66,6.84,6.74,4.13,Not Placed
17797,24,71.07,3.31,72.7,56.04,97.82,7.57,6.89,7.26,Not Placed
17798,19,90.31,4.4,78.99,57.9,97.36,6.74,6.54,3.18,Not Placed
17799,22,57.89,1.24,61.95,48.44,84.37,8.18,5.15,2.14,Not Placed
17800,19,64.29,3.93,62.42,36.65,91.42,9.75,8.53,3.56,Placed
17801,21,75.03,4.76,61.88,40.86,70.16,6.69,7.32,7.78,Not Placed
17802,19,94.21,4.46,66.53,68.73,99.7,6.86,7.84,6.59,Not Placed
17803,23,73.51,2.72,87.2,78.75,89.73,6.2,7.59,6.81,Not Placed
17804,24,82.99,5.59,65.07,100.0,100.0,7.02,6.28,3.4,Placed
17805,24,78.33,2.0,81.79,67.34,81.13,4.85,5.0,1.86,Not Placed
17806,23,93.56,2.67,75.98,47.52,87.18,8.52,7.7,7.34,Placed
17807,19,58.98,3.56,65.38,67.54,85.04,5.6,7.62,1.74,Not Placed
17808,22,86.83,4.33,91.64,79.25,96.33,6.23,7.15,4.51,Placed
17809,18,75.61,3.22,83.04,84.48,95.75,7.3,9.38,3.17,Placed
17810,20,89.1,6.01,72.03,82.93,100.0,8.85,6.12,4.65,Not Placed
17811,22,68.17,4.33,70.78,77.16,88.02,6.17,6.42,1.08,Placed
17812,23,78.29,3.94,73.41,69.52,91.98,6.98,7.05,6.2,Placed
17813,18,76.77,4.27,49.06,79.79,85.95,7.55,6.2,7.24,Not Placed
17814,24,65.97,5.12,59.63,49.04,92.46,6.39,6.52,6.59,Placed
17815,21,62.64,4.23,78.94,35.87,90.53,7.06,8.04,2.27,Not Placed
17816,25,71.04,0.54,48.26,100.0,70.62,5.29,6.02,5.37,Placed
17817,22,79.56,5.76,60.79,67.25,94.49,6.57,6.1,4.16,Placed
17818,22,68.92,4.02,66.11,76.54,100.0,8.68,7.49,4.5,Placed
17819,23,74.04,5.03,100.0,23.17,89.86,8.18,5.22,7.82,Not Placed
17820,24,55.37,3.07,82.11,92.72,90.14,6.67,6.7,3.63,Placed
17821,19,73.55,0.51,88.46,86.49,80.66,5.98,6.64,5.86,Placed
17822,22,90.28,0.2,59.92,42.95,89.06,6.95,7.55,1.01,Not Placed
17823,18,86.46,2.1,77.43,62.92,77.8,5.44,7.76,4.64,Not Placed
17824,21,76.96,4.73,45.6,72.26,,6.96,6.61,6.36,Not Placed
17825,24,80.92,6.14,67.04,47.78,80.11,6.71,6.7,4.2,Placed
17826,24,68.06,4.34,79.58,75.82,92.19,6.66,6.76,5.73,Not Placed
17827,20,97.49,1.91,50.74,84.73,83.6,7.03,6.43,2.88,Not Placed
17828,21,100.0,2.39,77.9,73.19,100.0,7.84,8.35,3.57,Not Placed
17829,22,79.98,6.25,79.14,42.94,82.38,5.95,7.4,4.23,Not Placed
17830,21,100.0,1.44,62.96,51.41,86.57,8.35,8.32,3.42,Not Placed
17831,19,69.84,7.58,59.48,66.02,100.0,8.55,5.75,6.3,Not Placed
17832,20,62.99,7.18,61.27,64.01,100.0,9.84,8.3,6.69,Placed
17833,21,69.48,7.64,66.8,64.33,89.32,7.56,6.94,5.8,Not Placed
17834,22,75.37,4.49,67.25,63.77,100.0,8.97,7.62,0.5,Placed
17835,25,100.0,3.19,79.64,39.14,93.91,8.37,4.51,3.86,Placed
17836,22,74.63,4.44,63.98,80.89,92.05,7.43,8.75,6.18,Placed
17837,21,67.68,5.44,96.03,78.04,100.0,5.74,7.33,4.17,Placed
17838,23,67.22,2.63,95.92,76.36,92.61,8.27,9.04,4.05,Placed
17839,24,91.68,1.82,75.54,74.88,82.49,7.49,8.13,6.37,Placed
17840,21,89.97,3.29,66.83,63.45,100.0,9.34,4.34,6.47,Placed
17841,21,72.17,2.41,64.0,58.29,92.89,8.09,8.63,5.7,Not Placed
17842,19,55.49,6.03,76.75,51.72,100.0,8.47,7.02,1.52,Not Placed
17843,24,64.46,2.69,79.38,92.69,95.29,6.51,7.57,2.26,Placed
17844,24,98.65,3.97,68.98,67.67,100.0,7.49,7.45,5.29,Placed
17845,19,86.27,5.57,66.1,41.43,81.98,4.89,6.68,0.5,Not Placed
17846,20,78.79,6.1,77.29,67.53,100.0,7.87,6.31,7.78,Placed
17847,20,100.0,4.18,73.04,34.65,100.0,8.66,7.65,4.77,Placed
17848,25,100.0,4.49,63.42,71.97,99.81,8.87,5.8,3.09,Placed
17849,18,77.57,1.97,73.7,70.29,75.79,6.77,6.83,3.44,Not Placed
17850,19,77.79,5.64,62.92,59.33,87.9,5.02,8.48,6.91,Placed
17851,20,71.02,6.07,60.73,52.97,91.75,6.55,5.34,1.98,Placed
17852,22,74.58,0.43,71.93,77.0,86.76,7.11,6.56,0.65,Not Placed
17853,19,60.16,6.97,63.38,66.67,100.0,7.69,8.2,2.51,Placed
17854,22,60.12,2.54,61.01,36.93,56.22,4.76,5.82,5.09,Placed
17855,23,57.33,4.87,87.69,87.26,94.68,7.07,4.51,7.7,Not Placed
17856,24,91.01,3.94,66.12,52.96,76.18,5.96,4.42,6.93,Placed
17857,18,59.26,3.69,99.65,46.91,100.0,8.94,6.24,3.63,Not Placed
17858,19,,3.43,81.4,89.74,100.0,4.4,8.82,5.07,Placed
17859,18,69.24,2.01,59.69,84.95,87.15,8.42,5.88,5.2,Placed
17860,25,98.85,4.74,89.4,61.27,100.0,7.01,6.45,4.94,Placed
17861,23,73.62,3.29,61.25,47.96,75.75,4.74,6.86,0.56,Placed
17862,22,59.21,1.44,100.0,53.44,85.35,9.21,8.13,3.87,Placed
17863,24,93.41,1.94,75.39,61.0,100.0,8.82,7.83,6.08,Not Placed
17864,22,94.82,1.47,80.14,87.46,97.0,8.7,6.62,8.23,Not Placed
17865,19,67.13,2.86,72.46,88.72,100.0,7.31,7.52,5.3,Placed
17866,22,74.02,4.67,75.99,70.66,93.93,6.39,8.07,6.69,Placed
17867,23,67.13,2.52,68.56,78.4,95.24,7.28,4.83,6.27,Placed
17868,18,76.55,5.56,58.11,64.65,97.92,7.86,6.35,3.74,Not Placed
17869,22,79.29,3.59,77.1,54.03,90.45,6.55,5.36,1.83,Not Placed
17870,21,73.78,3.28,87.37,43.99,77.83,6.17,5.93,6.76,Placed
17871,18,56.17,3.83,54.14,73.17,75.14,7.79,7.58,8.2,Placed
17872,20,71.03,6.31,95.11,82.41,100.0,7.43,5.36,3.66,Not Placed
17873,21,86.44,1.33,81.02,59.83,89.16,8.31,9.57,6.88,Placed
17874,20,75.49,6.78,65.45,87.0,100.0,9.03,7.59,4.8,Placed
17875,20,74.07,5.53,65.18,61.84,100.0,8.23,6.1,1.74,Placed
17876,23,66.83,3.76,99.96,69.34,87.01,5.82,6.64,4.59,Placed
17877,21,70.68,5.93,86.08,64.46,93.61,7.18,5.25,3.36,Placed
17878,21,94.91,3.22,89.1,87.78,99.34,7.66,5.03,5.39,Placed
17879,24,64.32,4.31,68.23,75.88,83.37,8.17,6.34,5.3,Placed
17880,18,86.65,2.83,80.33,67.07,100.0,8.23,8.37,3.21,Placed
17881,20,78.56,5.54,77.24,69.23,100.0,7.13,5.11,1.88,Not Placed
17882,18,80.94,2.53,69.38,48.98,78.24,6.61,8.28,3.58,Not Placed
17883,25,69.21,3.71,73.64,32.26,87.46,8.41,6.58,7.6,Placed
17884,19,73.78,5.02,88.65,59.5,100.0,7.65,7.09,2.15,Placed
17885,24,77.93,5.69,95.99,64.9,100.0,7.54,6.89,5.95,Placed
17886,19,71.75,2.32,68.23,76.5,86.37,6.35,7.73,5.7,Placed
17887,20,81.98,5.16,52.3,65.39,100.0,9.72,8.12,3.4,Placed
17888,22,83.49,2.03,96.65,60.49,90.18,7.5,6.54,2.81,Placed
17889,24,100.0,0.2,96.84,20.84,78.6,7.1,7.41,5.69,Placed
17890,19,81.34,2.45,78.01,76.43,92.88,7.5,8.36,4.44,Placed
17891,19,55.05,5.3,98.89,71.38,100.0,7.04,7.78,3.49,Placed
17892,25,91.96,3.78,76.91,81.02,87.18,5.65,6.3,5.44,Not Placed
17893,20,75.55,2.84,58.36,68.44,92.72,7.56,6.57,7.75,Placed
17894,19,100.0,3.9,52.32,86.35,86.88,5.46,5.62,6.98,Not Placed
17895,23,95.65,3.84,52.17,59.19,85.17,7.32,8.98,4.76,Placed
17896,18,71.94,4.92,72.07,67.35,90.26,5.29,7.17,0.5,Placed
17897,24,86.66,0.9,65.01,71.85,74.0,4.61,5.12,4.02,Not Placed
17898,25,70.87,3.62,63.32,78.56,92.95,7.94,5.79,2.49,Placed
17899,24,78.03,4.02,70.4,74.66,79.54,5.88,6.62,4.09,Placed
17900,20,86.11,1.34,84.87,75.64,96.42,7.72,8.41,3.8,Placed
17901,18,91.36,1.32,63.79,72.3,90.76,7.4,6.57,3.87,Placed
17902,21,88.74,3.14,61.27,64.92,93.77,7.38,7.52,6.65,Placed
17903,20,78.9,3.82,64.78,82.42,100.0,6.45,5.94,4.04,Placed
17904,25,100.0,3.82,85.81,41.21,97.76,7.04,7.57,3.96,Placed
17905,23,73.62,2.8,70.95,57.93,87.15,6.41,8.36,5.45,Placed
17906,25,58.71,2.72,76.2,93.47,100.0,8.33,7.75,2.38,Placed
17907,24,61.02,3.09,95.3,57.24,80.63,6.62,3.85,3.82,Not Placed
17908,23,95.69,4.34,100.0,66.75,100.0,6.9,6.62,1.76,Placed
17909,18,77.08,6.04,81.61,90.2,100.0,8.09,5.53,5.75,Placed
17910,18,79.91,0.2,80.12,65.98,80.72,6.45,7.61,4.96,Not Placed
17911,18,71.49,4.92,54.23,54.66,68.03,5.05,6.88,8.64,Placed
17912,22,72.57,3.6,77.53,87.17,100.0,5.93,8.85,1.23,Not Placed
17913,19,68.55,4.75,72.93,63.37,99.03,8.47,6.4,6.44,Placed
17914,25,83.65,5.93,85.38,64.46,100.0,7.3,6.89,0.99,Placed
17915,19,76.83,2.44,66.12,36.31,72.56,7.55,6.65,2.51,Placed
17916,25,83.22,5.5,75.01,65.96,100.0,7.55,7.66,0.5,Placed
17917,23,82.07,1.54,81.08,78.93,98.54,9.35,5.63,4.64,Placed
17918,18,72.89,4.03,100.0,61.11,79.02,4.71,5.6,5.05,Not Placed
17919,18,60.5,3.36,95.46,47.5,83.79,7.05,6.12,3.86,Placed
17920,21,59.45,3.88,90.99,60.31,90.46,7.24,7.5,0.5,Placed
17921,20,100.0,2.02,82.91,58.16,96.84,7.18,8.05,3.43,Not Placed
17922,20,95.74,4.59,65.53,63.94,97.72,8.16,6.69,4.76,Placed
17923,22,94.08,6.66,82.9,59.72,100.0,8.19,7.51,2.67,Placed
17924,19,69.9,2.05,60.42,94.63,88.54,6.94,7.41,4.44,Placed
17925,19,78.11,4.14,68.91,72.84,84.78,5.17,6.73,6.66,Placed
17926,23,68.22,5.34,98.68,40.16,98.05,10.0,6.7,3.35,Placed
17927,25,62.26,3.27,80.07,69.14,79.72,7.19,7.72,2.33,Placed
17928,20,70.93,6.25,75.41,67.36,100.0,7.3,9.1,4.34,Not Placed
17929,25,93.91,3.03,77.34,87.11,100.0,8.71,7.99,8.13,Placed
17930,20,88.09,3.59,70.59,65.5,100.0,6.73,8.24,5.51,Placed
17931,20,66.36,2.01,39.66,65.04,89.83,8.75,9.25,1.48,Placed
17932,18,74.22,4.03,53.03,97.81,93.42,6.83,5.96,7.21,Not Placed
17933,21,86.99,3.81,81.26,50.9,100.0,9.39,7.64,3.67,Placed
17934,21,71.15,4.94,58.19,80.76,100.0,7.75,8.55,4.03,Not Placed
17935,23,78.96,2.65,70.39,69.02,91.36,6.39,7.93,1.92,Placed
17936,19,82.82,2.57,53.59,59.99,85.07,9.82,6.08,4.8,Placed
17937,19,82.69,4.63,61.22,57.63,89.61,7.92,5.84,0.59,Placed
17938,21,81.05,6.31,71.94,89.73,100.0,6.47,8.76,2.25,Placed
17939,18,70.16,4.93,85.86,75.44,94.06,5.51,7.3,5.72,Placed
17940,19,71.39,7.13,88.86,77.62,100.0,8.04,7.17,4.75,Placed
17941,23,64.4,4.8,60.98,82.24,100.0,8.86,6.82,2.99,Placed
17942,25,59.26,4.73,76.6,73.47,94.56,7.66,8.61,4.11,Placed
17943,22,76.62,5.02,50.62,51.02,81.46,7.6,7.97,5.89,Placed
17944,19,87.8,6.48,72.85,42.85,100.0,9.07,6.58,5.27,Placed
17945,25,61.44,6.03,86.3,92.63,100.0,7.92,7.89,5.82,Not Placed
17946,22,81.28,1.85,70.99,71.33,92.27,6.41,7.01,2.12,Placed
17947,23,87.42,5.24,91.74,69.27,100.0,6.46,7.85,3.08,Placed
17948,19,55.96,4.28,84.55,96.87,88.5,7.87,8.43,8.37,Placed
17949,22,74.75,3.45,75.62,50.97,93.2,7.8,8.28,3.71,Not Placed
17950,18,97.75,0.61,68.25,27.62,87.3,8.51,4.73,3.58,Placed
17951,23,84.62,1.03,63.99,39.02,70.64,7.64,7.42,4.75,Placed
17952,19,55.55,3.14,50.13,59.51,77.59,8.02,8.57,4.94,Placed
17953,25,85.9,1.16,52.57,69.87,78.15,7.62,5.94,2.51,Placed
17954,18,69.03,3.18,86.92,90.27,99.22,8.36,9.19,0.5,Placed
17955,23,86.3,5.09,94.71,81.49,100.0,8.1,7.54,3.86,Placed
17956,19,69.72,2.75,55.78,27.01,75.62,6.89,7.95,4.46,Placed
17957,23,77.36,3.95,73.02,100.0,97.67,6.97,7.95,0.96,Placed
17958,21,71.55,1.87,48.38,61.43,66.34,7.59,5.19,5.03,Placed
17959,25,78.04,4.34,57.35,87.64,93.22,7.33,7.99,5.17,Not Placed
17960,23,71.19,4.71,75.9,76.74,100.0,8.78,7.39,6.45,Placed
17961,20,75.32,1.24,64.22,68.09,77.7,7.45,6.26,2.3,Placed
17962,18,63.89,2.45,43.26,64.21,62.49,5.49,8.75,5.23,Not Placed
17963,22,83.89,1.52,97.78,50.2,77.59,5.78,4.53,5.6,Placed
17964,21,80.1,4.72,71.26,47.39,77.64,6.91,6.06,7.46,Not Placed
17965,18,58.6,4.1,55.43,65.34,100.0,8.07,8.54,6.2,Placed
17966,22,89.91,,73.92,45.79,86.74,6.33,8.01,6.61,Placed
17967,19,75.88,3.57,70.79,94.37,98.57,7.98,6.15,4.8,Placed
17968,19,79.94,4.38,78.33,69.55,90.39,6.28,5.95,3.6,Placed
17969,18,87.17,4.42,66.9,100.0,99.04,7.39,6.61,7.04,Placed
17970,20,81.94,2.91,76.71,61.03,91.29,7.7,7.27,1.96,Placed
17971,19,91.98,2.66,86.15,58.55,100.0,5.83,6.39,7.55,Placed
17972,18,74.48,3.69,52.23,77.45,98.1,7.67,6.82,6.08,Placed
17973,21,90.41,3.46,61.6,63.85,98.31,9.14,7.03,3.83,Not Placed
17974,19,79.48,7.51,84.59,83.57,100.0,6.96,6.53,1.32,Placed
17975,19,84.09,3.11,63.73,91.01,91.73,7.29,6.41,4.36,Placed
17976,21,82.84,4.32,70.77,85.59,100.0,7.5,5.54,3.23,Placed
17977,18,92.89,4.64,64.94,89.83,82.69,7.31,6.92,1.33,Placed
17978,25,86.66,6.32,65.88,81.08,100.0,7.23,6.9,3.36,Placed
17979,21,72.68,2.34,64.61,59.22,72.98,7.14,5.83,6.31,Placed
17980,25,70.3,6.21,53.12,86.24,99.03,5.32,7.29,4.48,Placed
17981,25,77.4,3.53,78.89,79.16,100.0,7.74,8.37,4.02,Placed
17982,25,68.88,8.3,87.93,58.12,89.96,5.91,7.03,1.36,Not Placed
17983,22,65.37,4.45,69.35,60.15,91.22,7.65,7.47,4.14,Placed
17984,21,52.46,1.59,86.24,66.53,85.39,8.04,8.14,7.65,Not Placed
17985,23,59.41,3.45,64.63,85.78,100.0,7.69,6.91,4.58,Placed
17986,18,100.0,6.21,63.75,69.87,100.0,6.14,8.02,3.78,Placed
17987,24,70.12,3.95,78.16,67.91,89.18,7.58,4.19,6.0,Placed
17988,20,100.0,3.69,78.41,65.45,93.35,6.94,6.1,7.03,Placed
17989,18,82.84,5.09,70.31,62.35,72.64,6.49,5.63,7.26,Not Placed
17990,19,77.4,3.18,82.15,49.38,92.83,9.68,8.64,5.19,Placed
17991,19,59.99,3.42,52.7,80.72,72.73,6.12,7.71,1.22,Not Placed
17992,18,78.06,2.1,67.44,51.72,94.96,7.79,5.5,6.48,Placed
17993,23,100.0,6.91,86.47,69.08,100.0,9.03,5.78,3.72,Not Placed
17994,18,96.69,1.6,86.43,61.46,95.77,7.66,5.3,3.45,Not Placed
17995,24,81.29,4.11,84.54,80.26,91.77,6.46,7.34,2.55,Placed
17996,21,64.22,4.66,87.31,62.53,87.7,6.54,7.18,5.58,Placed
17997,23,66.51,3.78,66.41,51.9,73.12,5.52,6.44,6.41,Not Placed
17998,20,67.77,1.54,46.42,83.83,86.72,7.31,5.9,3.16,Placed
17999,19,93.34,2.0,68.12,54.78,83.96,7.36,6.91,5.79,Placed
18000,19,97.58,4.74,81.54,70.47,97.71,6.9,10.0,6.7,Placed
18001,23,80.35,2.4,83.99,88.38,87.9,8.91,6.49,5.23,Not Placed
18002,23,74.36,0.2,64.11,56.32,92.93,7.16,8.32,4.5,Placed
18003,20,96.58,4.5,57.48,66.34,83.37,5.34,6.59,4.2,Placed
18004,20,66.26,2.23,58.97,61.1,87.59,9.02,8.11,3.19,Placed
18005,25,78.62,4.94,63.84,70.1,84.76,5.82,7.67,6.02,Placed
18006,24,83.56,3.44,43.54,66.9,96.8,7.86,6.91,6.78,Placed
18007,21,67.65,3.35,64.09,82.73,90.64,8.01,7.71,4.76,Placed
18008,19,70.37,3.89,72.72,58.07,87.16,7.15,8.39,3.61,Placed
18009,20,69.44,1.75,70.53,88.39,95.19,8.37,7.03,5.48,Placed
18010,22,95.0,2.31,67.05,93.67,100.0,7.34,6.73,2.69,Not Placed
18011,22,100.0,3.33,61.66,72.1,91.6,6.82,7.75,7.01,Placed
18012,19,79.38,1.74,63.41,55.36,72.11,4.75,8.9,6.78,Not Placed
18013,18,74.78,5.08,63.67,67.34,81.85,5.17,5.28,5.49,Placed
18014,21,70.8,3.25,82.58,66.0,97.44,10.0,5.43,3.64,Placed
18015,24,78.02,1.19,71.99,96.36,100.0,8.13,8.64,4.12,Placed
18016,19,71.4,2.79,100.0,66.35,95.57,8.76,6.3,1.02,Placed
18017,21,76.84,3.98,67.01,90.12,100.0,10.0,8.44,2.97,Not Placed
18018,19,82.96,3.0,78.57,69.78,85.02,6.82,6.14,5.97,Not Placed
18019,19,73.14,4.52,67.35,68.73,96.98,7.09,6.38,2.95,Placed
18020,22,75.72,4.83,66.98,62.33,81.86,5.28,8.19,9.27,Placed
18021,20,75.77,8.12,95.44,63.82,100.0,6.91,7.83,3.51,Placed
18022,20,74.19,5.87,86.96,82.24,100.0,6.88,5.59,2.64,Placed
18023,25,,0.85,45.68,56.31,64.74,6.79,7.66,5.17,Not Placed
18024,19,87.15,3.15,56.66,83.36,96.6,8.52,6.14,5.26,Placed
18025,19,56.75,3.32,69.96,91.05,81.96,8.12,7.47,7.23,Placed
18026,25,96.89,4.84,64.24,58.53,100.0,8.36,7.02,3.99,Placed
18027,22,79.63,2.12,49.38,87.33,80.39,5.79,6.74,2.72,Placed
18028,18,85.32,2.84,73.74,84.77,94.69,7.29,6.21,3.33,Placed
18029,21,86.7,1.56,43.83,81.91,83.23,7.67,4.94,6.91,Not Placed
18030,22,69.5,2.72,73.9,57.82,91.49,9.5,6.19,7.78,Placed
18031,20,67.03,2.78,82.95,66.09,75.19,7.4,7.78,3.31,Placed
18032,22,65.61,3.24,85.09,66.07,87.83,7.06,7.5,4.2,Not Placed
18033,23,75.04,1.66,69.84,100.0,97.61,8.56,5.95,7.27,Placed
18034,20,86.39,5.57,94.66,67.84,100.0,6.95,8.28,5.97,Placed
18035,24,70.99,4.65,76.97,65.07,100.0,7.82,7.39,3.32,Not Placed
18036,21,85.3,1.19,84.69,49.63,100.0,7.79,7.7,2.13,Not Placed
18037,25,49.58,3.85,60.96,52.45,72.33,6.63,5.71,3.15,Placed
18038,18,73.37,0.98,94.82,57.05,86.44,6.43,9.13,6.15,Placed
18039,20,92.01,6.22,71.96,73.78,100.0,7.16,7.54,1.46,Placed
18040,23,75.95,6.71,95.65,45.22,100.0,6.68,8.81,4.85,Placed
18041,25,68.05,3.7,92.37,57.35,,5.4,6.21,3.71,Placed
18042,19,70.12,2.27,75.86,38.22,82.85,8.07,4.78,2.98,Placed
18043,25,41.66,2.6,78.09,90.43,94.24,7.88,5.84,3.47,Placed
18044,19,65.86,2.98,69.3,69.7,80.06,6.31,8.22,6.2,Placed
18045,21,90.69,3.61,59.71,72.97,89.06,6.19,5.62,5.51,Not Placed
18046,20,71.01,6.27,80.93,50.56,89.94,7.79,8.77,6.52,Not Placed
18047,21,72.43,5.52,80.16,86.58,100.0,9.3,6.11,2.82,Not Placed
18048,25,50.02,5.55,47.72,92.05,100.0,8.42,7.44,1.09,Placed
18049,23,58.43,4.11,70.76,69.07,99.89,8.64,7.26,4.81,Placed
18050,24,92.28,1.72,85.02,60.33,90.04,6.83,6.6,4.42,Placed
18051,20,85.41,2.41,93.99,76.84,100.0,7.7,6.61,3.46,Placed
18052,25,62.43,3.91,82.88,79.76,100.0,7.04,5.79,0.5,Placed
18053,21,70.43,1.64,49.24,81.93,90.49,6.33,9.33,6.17,Placed
18054,23,77.65,4.35,56.18,78.62,100.0,7.43,7.6,0.5,Placed
18055,23,63.65,5.25,66.81,83.42,96.19,6.16,5.03,5.87,Placed
18056,23,53.95,4.78,92.98,56.92,89.39,6.31,5.35,5.78,Placed
18057,22,76.09,4.71,62.89,82.59,86.7,6.67,7.61,5.65,Placed
18058,21,84.87,0.44,87.88,60.74,84.57,6.79,6.96,4.31,Not Placed
18059,23,85.1,6.2,62.65,27.84,87.85,7.16,4.79,0.5,Not Placed
18060,25,88.5,0.98,79.99,60.59,87.23,4.72,10.0,1.23,Not Placed
18061,21,59.36,3.53,57.9,59.14,81.39,6.08,3.63,2.77,Not Placed
18062,22,78.69,4.91,69.09,71.86,100.0,9.09,6.42,8.14,Placed
18063,19,74.78,4.45,55.03,81.41,96.36,7.19,6.99,6.35,Placed
18064,20,76.95,1.5,93.65,71.08,94.74,7.87,6.15,4.08,Not Placed
18065,24,75.46,1.82,61.58,100.0,94.21,7.7,8.0,3.21,Not Placed
18066,23,70.07,4.32,48.79,59.6,95.27,7.07,7.59,4.71,Not Placed
18067,19,41.79,4.72,47.61,36.2,74.11,6.14,7.14,6.13,Not Placed
18068,22,91.94,1.81,70.72,72.45,100.0,6.54,6.89,5.04,Placed
18069,24,81.96,4.51,65.13,59.28,100.0,9.55,7.62,1.66,Placed
18070,18,60.19,1.07,81.73,50.63,69.86,6.56,6.72,7.31,Placed
18071,18,83.68,4.92,68.47,63.24,86.76,9.27,5.16,5.4,Not Placed
18072,21,72.63,2.21,89.49,55.47,100.0,6.7,8.13,3.43,Placed
18073,23,72.97,3.94,66.22,57.04,93.14,6.82,9.07,5.15,Not Placed
18074,20,68.78,3.64,87.4,92.36,100.0,7.29,7.07,6.87,Not Placed
18075,24,84.44,5.89,57.71,69.99,100.0,6.99,7.1,5.21,Placed
18076,24,68.4,4.24,49.45,63.75,83.36,6.07,6.93,5.32,Placed
18077,22,64.84,2.72,59.65,93.56,83.37,7.18,5.39,7.51,Not Placed
18078,21,91.58,4.45,55.07,63.27,93.37,5.43,6.32,3.19,Placed
18079,18,75.85,7.66,53.39,48.32,98.68,7.64,7.93,2.53,Placed
18080,24,76.23,5.13,78.2,46.78,82.31,7.47,7.28,3.56,Placed
18081,25,86.31,3.69,68.04,66.72,100.0,8.07,9.03,6.18,Placed
18082,21,69.99,2.3,74.13,41.72,70.35,6.6,7.87,6.42,Not Placed
18083,22,72.38,2.69,79.91,49.24,83.31,8.09,6.49,4.82,Not Placed
18084,24,81.67,5.02,46.71,61.9,100.0,7.72,7.79,2.81,Placed
18085,23,59.5,2.21,80.55,86.11,75.6,7.35,6.74,8.06,Placed
18086,19,80.65,3.8,53.92,88.67,100.0,9.57,5.0,2.18,Placed
18087,23,68.93,6.39,63.35,78.55,100.0,7.76,8.23,3.58,Placed
18088,25,88.27,4.07,43.62,67.94,98.18,6.64,7.59,3.09,Not Placed
18089,24,84.56,1.86,81.82,58.87,100.0,9.04,10.0,6.62,Placed
18090,21,82.97,7.72,46.66,74.21,,7.81,6.34,4.15,Not Placed
18091,22,58.72,6.97,54.0,96.51,100.0,9.33,7.86,7.79,Placed
18092,20,76.76,4.7,55.09,70.26,92.62,4.97,6.09,6.1,Placed
18093,23,63.87,6.1,70.07,60.61,91.07,6.84,5.94,2.64,Placed
18094,19,77.56,3.32,69.61,65.48,86.65,6.84,9.78,3.87,Placed
18095,20,50.22,5.1,84.18,63.73,75.71,4.93,4.51,3.43,Not Placed
18096,20,59.51,3.04,70.43,76.78,,7.4,6.93,7.27,Not Placed
18097,20,92.27,1.36,86.49,55.78,86.24,6.75,9.07,6.19,Placed
18098,20,82.43,8.47,77.69,74.5,98.21,4.8,5.12,1.33,Placed
18099,18,73.75,1.27,57.82,77.09,87.4,6.28,6.36,5.55,Placed
18100,23,67.1,4.34,61.99,73.5,100.0,8.86,8.06,4.37,Not Placed
18101,21,64.99,4.31,94.66,50.62,100.0,8.29,5.53,1.95,Not Placed
18102,25,80.4,4.73,90.41,65.61,100.0,6.35,7.37,2.85,Placed
18103,19,73.88,3.64,84.36,59.57,92.2,6.31,6.02,4.07,Placed
18104,23,96.56,3.66,86.33,66.82,100.0,8.23,8.58,0.5,Placed
18105,19,75.78,4.05,78.98,57.33,69.88,4.84,8.53,4.94,Placed
18106,22,78.7,4.66,77.03,87.89,100.0,7.91,6.4,4.67,Placed
18107,21,61.34,3.8,72.75,70.99,73.91,5.0,3.52,3.99,Placed
18108,21,73.67,3.68,97.48,42.11,89.65,9.17,7.59,4.57,Not Placed
18109,23,80.12,1.42,65.03,46.72,86.09,7.99,8.2,4.05,Placed
18110,24,73.53,7.42,75.6,87.28,100.0,4.99,7.6,2.25,Placed
18111,20,72.17,4.76,46.38,65.12,86.26,6.74,7.45,3.22,Not Placed
18112,24,81.92,4.18,50.54,61.76,95.74,7.58,7.29,2.95,Placed
18113,19,96.18,2.68,99.23,86.06,89.67,4.82,6.56,5.76,Not Placed
18114,20,79.74,1.99,81.25,65.58,89.38,7.15,6.05,2.37,Placed
18115,20,91.73,5.35,68.81,48.88,94.4,7.78,7.01,3.39,Placed
18116,25,85.46,3.51,73.17,49.96,81.57,4.72,6.67,4.55,Not Placed
18117,18,91.01,4.92,51.63,78.04,100.0,8.1,7.78,1.45,Not Placed
18118,21,70.68,1.37,65.58,100.0,100.0,7.05,5.92,3.59,Not Placed
18119,21,75.52,6.58,50.13,81.43,100.0,8.3,6.43,4.55,Not Placed
18120,24,75.57,5.42,67.57,61.89,92.98,6.92,7.04,4.81,Placed
18121,21,84.56,3.65,82.2,64.37,97.02,5.93,6.02,5.18,Placed
18122,25,87.51,4.64,78.8,68.78,91.26,5.81,5.26,2.95,Placed
18123,23,79.5,5.13,95.84,35.68,98.68,6.83,7.7,2.29,Placed
18124,23,88.52,1.39,76.42,68.38,84.27,6.97,5.36,3.54,Placed
18125,24,71.24,6.82,34.82,77.35,100.0,8.48,7.15,4.87,Placed
18126,19,88.62,4.67,100.0,96.37,100.0,6.86,7.56,3.9,Placed
18127,21,90.19,2.53,59.39,85.45,100.0,5.33,8.63,2.24,Placed
18128,22,86.13,1.83,74.43,98.88,91.03,6.65,9.69,8.91,Placed
18129,19,79.61,5.58,73.53,94.89,100.0,5.37,8.5,2.9,Placed
18130,18,86.56,4.18,75.61,90.32,100.0,7.62,6.07,1.83,Placed
18131,19,67.27,4.67,72.72,68.42,86.67,7.9,6.56,3.09,Placed
18132,24,80.38,3.85,72.99,73.52,94.59,8.1,7.28,6.23,Placed
18133,23,81.61,2.0,52.18,41.28,70.11,6.84,6.85,5.64,Placed
18134,20,62.05,4.72,100.0,70.09,96.69,6.36,7.1,8.07,Placed
18135,23,83.7,3.44,81.77,77.06,93.34,6.59,8.42,2.48,Placed
18136,23,63.01,3.76,72.78,63.47,90.58,7.09,7.07,3.9,Placed
18137,24,72.86,8.08,99.63,43.33,100.0,6.59,8.02,6.53,Placed
18138,25,78.48,5.36,55.92,93.32,100.0,9.13,5.56,2.4,Placed
18139,25,69.23,5.47,85.03,74.5,95.35,6.76,7.49,6.82,Placed
18140,19,78.99,8.7,63.67,95.53,100.0,7.08,4.91,4.57,Placed
18141,24,78.8,4.49,78.03,79.87,100.0,6.3,8.26,2.9,Placed
18142,21,68.16,4.02,78.37,89.9,95.07,6.33,6.69,1.07,Placed
18143,21,84.82,2.58,36.95,86.61,88.59,5.67,5.25,5.54,Placed
18144,23,68.83,2.99,50.53,57.13,74.48,5.97,6.57,7.45,Placed
18145,22,100.0,0.2,95.8,59.86,99.62,9.45,7.48,5.18,Placed
18146,21,76.69,5.22,68.22,61.15,99.71,7.85,5.42,5.29,Placed
18147,25,63.94,1.52,100.0,52.54,86.74,6.79,5.85,5.03,Placed
18148,19,66.19,5.42,91.65,96.24,100.0,6.41,6.43,6.34,Not Placed
18149,18,91.77,3.72,68.7,68.68,98.11,8.68,7.91,6.95,Placed
18150,18,73.09,4.03,67.37,75.35,90.75,6.2,4.49,0.5,Not Placed
18151,24,61.63,3.72,96.73,46.7,69.77,5.16,7.46,3.86,Placed
18152,21,88.24,6.29,100.0,81.1,100.0,7.77,6.6,3.26,Placed
18153,21,73.01,5.98,67.7,61.45,87.55,6.09,8.19,4.88,Placed
18154,23,85.84,3.75,95.07,88.18,97.07,5.66,7.39,3.71,Not Placed
18155,21,89.23,2.18,87.45,57.03,84.56,5.89,8.54,5.39,Not Placed
18156,22,81.29,5.46,90.04,89.31,100.0,7.7,7.4,5.17,Placed
18157,18,,2.05,73.52,83.05,97.49,7.07,5.45,0.67,Placed
18158,19,57.3,1.0,61.91,60.55,81.05,6.02,7.42,0.5,Placed
18159,25,68.18,4.7,56.18,90.69,100.0,7.76,7.5,6.01,Placed
18160,21,74.93,5.99,52.44,86.38,91.77,6.21,6.07,2.84,Placed
18161,19,100.0,3.07,100.0,75.83,86.87,5.24,6.25,7.94,Not Placed
18162,20,99.58,4.53,72.16,52.1,82.99,5.63,4.01,6.2,Not Placed
18163,20,93.46,3.05,54.83,80.8,100.0,7.23,7.78,0.92,Placed
18164,20,68.47,5.1,87.04,69.06,100.0,6.26,6.72,2.91,Not Placed
18165,20,69.87,5.77,64.82,68.79,100.0,7.33,6.2,4.98,Placed
18166,23,68.06,3.33,62.24,69.18,91.67,8.53,5.68,3.61,Placed
18167,18,68.6,1.95,100.0,67.52,95.5,6.44,6.29,4.15,Not Placed
18168,20,95.91,1.18,52.04,54.15,97.78,10.0,7.41,2.28,Placed
18169,21,75.07,5.47,75.53,43.75,89.12,7.53,7.1,5.19,Placed
18170,22,76.66,1.75,63.14,40.45,74.8,6.99,6.48,4.54,Placed
18171,25,87.29,4.47,60.74,72.79,93.16,5.6,5.41,6.01,Not Placed
18172,25,58.04,5.2,50.04,29.22,87.28,6.78,6.46,4.4,Placed
18173,20,78.63,2.9,72.89,79.62,81.24,6.9,5.87,3.24,Placed
18174,22,64.84,3.5,58.89,76.1,94.97,8.11,6.6,4.77,Not Placed
18175,18,74.47,5.6,80.87,63.16,85.2,6.49,7.61,5.23,Not Placed
18176,22,70.96,2.35,71.29,84.42,88.61,7.72,6.21,4.5,Placed
18177,19,70.34,2.16,67.31,63.84,89.25,7.25,8.87,6.96,Placed
18178,18,80.71,3.38,58.97,74.7,98.82,8.37,6.17,2.33,Placed
18179,23,80.65,6.1,93.46,36.67,92.26,8.46,4.8,6.32,Placed
18180,19,75.36,6.7,83.04,32.13,94.36,7.6,6.59,2.06,Placed
18181,21,82.45,3.62,61.78,64.23,99.39,8.12,6.13,5.81,Not Placed
18182,18,67.58,2.52,51.61,74.77,98.67,8.55,10.0,0.5,Placed
18183,23,86.18,5.72,43.68,83.2,100.0,7.84,6.3,3.9,Placed
18184,24,75.53,0.8,89.06,65.16,91.71,7.53,5.02,6.41,Placed
18185,22,72.2,4.25,85.64,71.95,100.0,7.69,6.85,3.67,Placed
18186,24,68.46,3.72,87.7,80.58,100.0,9.13,6.6,4.29,Placed
18187,21,75.1,6.13,70.2,65.96,100.0,7.34,5.4,5.03,Not Placed
18188,19,100.0,6.31,84.09,77.4,100.0,8.07,7.23,0.5,Placed
18189,19,77.24,2.1,87.41,49.94,84.37,6.39,7.48,5.06,Not Placed
18190,19,64.27,4.1,70.95,41.5,81.18,9.0,6.9,2.56,Placed
18191,19,89.03,2.77,66.63,59.46,85.78,7.74,6.48,6.35,Placed
18192,20,72.34,3.27,57.36,80.4,90.72,6.79,6.36,4.25,Not Placed
18193,19,81.41,4.91,78.39,56.62,86.43,7.12,6.05,4.99,Not Placed
18194,22,70.73,3.2,80.39,78.41,91.89,6.94,5.26,2.06,Placed
18195,19,93.37,4.15,65.9,51.57,,7.21,8.58,6.03,Not Placed
18196,22,70.91,5.52,67.67,58.68,100.0,7.45,9.73,4.36,Not Placed
18197,20,94.77,6.53,68.74,71.87,100.0,6.96,5.57,1.4,Placed
18198,23,65.41,4.32,83.87,57.32,77.57,5.29,6.08,3.38,Placed
18199,22,74.49,4.01,51.39,60.03,82.27,9.33,5.5,5.74,Placed
18200,25,94.8,1.81,55.42,26.27,82.39,7.52,7.87,4.67,Not Placed
18201,21,80.02,6.65,55.71,81.43,100.0,7.53,5.58,5.82,Placed
18202,20,100.0,4.69,69.77,66.1,100.0,7.14,7.64,3.67,Placed
18203,22,74.77,4.05,76.73,52.87,98.63,8.29,7.31,6.81,Placed
18204,23,81.08,3.95,55.97,97.32,98.69,7.26,6.62,7.21,Placed
18205,21,100.0,4.45,85.64,55.37,100.0,6.83,8.43,0.88,Placed
18206,22,59.83,5.19,93.94,59.75,100.0,6.9,6.38,5.57,Placed
18207,21,58.35,5.41,78.21,52.61,100.0,8.7,6.8,7.42,Placed
18208,20,68.45,6.7,88.84,85.66,100.0,7.44,5.34,5.35,Placed
18209,20,87.76,4.24,58.27,90.94,92.21,7.16,3.87,4.31,Not Placed
18210,25,58.68,6.96,58.63,89.34,100.0,6.68,8.07,1.74,Not Placed
18211,23,85.16,5.7,79.72,89.19,100.0,6.82,6.06,3.77,Placed
18212,18,84.32,3.69,71.42,58.44,86.33,8.5,8.19,3.37,Placed
18213,25,100.0,0.8,58.6,94.76,91.41,6.1,6.38,6.15,Placed
18214,23,90.55,3.95,93.38,64.87,96.72,8.0,6.67,6.38,Not Placed
18215,18,82.37,6.61,76.48,43.32,100.0,8.05,7.05,4.06,Placed
18216,23,94.31,2.4,82.53,61.18,86.95,7.46,6.15,2.49,Placed
18217,22,84.47,3.95,61.89,73.22,100.0,6.97,4.86,0.5,Placed
18218,25,72.48,4.1,97.2,57.68,80.24,5.42,5.75,5.57,Placed
18219,21,64.26,5.5,69.66,70.35,92.27,8.0,5.66,5.4,Placed
18220,22,71.17,3.1,87.29,76.59,99.28,5.29,6.76,0.5,Placed
18221,20,77.52,2.24,63.26,74.57,92.69,7.4,8.14,5.43,Not Placed
18222,20,80.1,4.83,74.53,78.48,100.0,7.26,5.93,6.14,Not Placed
18223,22,52.38,2.46,80.37,65.12,98.49,8.12,6.68,0.5,Placed
18224,24,75.37,0.5,100.0,56.36,91.15,6.13,7.09,2.38,Not Placed
18225,25,78.34,7.11,65.4,44.48,79.02,6.07,5.85,9.37,Placed
18226,24,84.57,5.47,75.04,66.59,100.0,7.84,7.26,4.55,Placed
18227,22,97.52,7.19,80.88,59.4,100.0,7.0,8.12,8.99,Placed
18228,22,80.23,5.37,50.78,66.11,77.15,4.78,7.27,4.89,Not Placed
18229,20,67.09,5.02,39.38,34.87,77.74,7.19,6.74,6.65,Placed
18230,24,56.18,4.47,57.06,43.71,88.94,9.37,5.79,3.84,Placed
18231,20,86.24,3.47,86.51,76.16,100.0,7.86,6.66,3.12,Not Placed
18232,20,67.57,4.72,97.75,41.83,93.45,5.78,5.9,1.26,Placed
18233,24,88.4,2.8,58.16,64.96,90.8,7.76,6.1,5.54,Placed
18234,22,94.77,1.88,53.75,54.71,100.0,8.38,6.65,2.76,Placed
18235,20,59.47,3.2,95.02,53.69,65.4,5.13,6.55,2.55,Placed
18236,24,84.65,6.12,63.52,69.36,84.62,6.86,8.04,1.35,Placed
18237,25,93.51,1.58,66.42,68.46,92.87,8.76,6.09,4.54,Placed
18238,20,90.23,1.61,93.89,76.74,97.48,5.37,7.27,6.0,Not Placed
18239,22,52.84,4.86,91.42,50.37,88.2,6.86,6.24,4.0,Placed
18240,21,67.76,3.05,86.01,53.85,83.59,6.94,5.71,3.83,Placed
18241,23,62.64,4.67,46.33,85.97,76.39,6.7,7.53,7.54,Placed
18242,25,84.28,5.58,53.12,64.41,100.0,8.85,7.3,1.26,Placed
18243,22,82.96,4.63,88.81,73.85,100.0,8.67,6.08,8.11,Placed
18244,24,45.63,2.66,76.77,60.05,77.67,6.84,3.05,1.79,Not Placed
18245,22,74.39,6.11,60.33,75.28,95.65,5.98,8.14,4.25,Placed
18246,25,87.61,5.14,66.83,28.18,99.03,8.73,7.73,5.23,Placed
18247,21,79.78,3.85,88.66,86.42,100.0,8.13,8.19,6.45,Placed
18248,21,79.76,3.76,94.91,60.72,94.83,7.18,8.25,1.3,Placed
18249,21,73.62,4.47,71.91,48.02,92.36,7.99,6.82,4.83,Not Placed
18250,25,65.29,3.24,61.7,51.0,86.12,7.98,6.3,3.27,Not Placed
18251,22,77.8,0.86,67.87,63.78,65.99,6.15,4.65,6.49,Placed
18252,19,78.63,5.15,92.15,66.23,100.0,6.49,6.96,3.24,Placed
18253,18,85.38,5.04,91.85,70.26,97.24,7.21,6.26,0.62,Not Placed
18254,22,86.36,0.2,74.91,48.92,73.49,4.88,5.86,5.23,Placed
18255,24,79.03,4.72,64.06,81.94,91.85,6.79,5.17,4.43,Not Placed
18256,21,91.14,6.96,88.24,59.61,90.72,6.25,5.56,8.05,Placed
18257,22,73.5,1.77,96.34,58.81,100.0,7.41,5.18,6.42,Not Placed
18258,24,60.67,3.67,50.2,64.38,82.74,5.85,7.99,2.74,Placed
18259,22,83.72,3.47,68.51,78.61,100.0,7.72,8.14,6.44,Placed
18260,25,79.52,6.79,89.34,67.46,100.0,7.47,5.91,4.69,Placed
18261,23,83.96,5.82,73.11,59.32,100.0,7.08,8.27,5.92,Not Placed
18262,23,62.83,2.22,64.67,62.82,91.88,7.76,6.92,2.98,Placed
18263,24,99.49,4.42,74.78,87.51,100.0,7.91,8.56,3.74,Placed
18264,23,86.53,7.94,77.56,84.89,100.0,6.91,7.52,5.8,Placed
18265,18,74.54,2.68,55.1,73.85,96.23,7.24,7.56,5.96,Placed
18266,21,66.77,3.78,73.36,70.38,89.81,6.39,7.09,0.5,Placed
18267,19,90.93,4.72,77.51,100.0,100.0,6.37,5.93,5.66,Placed
18268,22,64.78,2.7,64.64,75.42,100.0,9.1,5.22,2.81,Not Placed
18269,19,100.0,6.97,60.31,70.89,100.0,6.96,7.05,4.97,Placed
18270,22,70.64,2.95,63.93,64.77,97.5,7.19,6.69,1.19,Placed
18271,20,98.65,1.3,57.44,73.71,96.87,7.11,9.92,6.27,Placed
18272,18,75.79,2.86,84.76,19.28,88.86,7.65,7.7,5.85,Placed
18273,18,96.97,4.98,57.25,84.44,100.0,6.55,5.79,2.85,Placed
18274,22,69.18,2.36,74.84,47.65,60.6,6.66,6.7,5.3,Not Placed
18275,18,78.23,4.34,66.39,56.51,91.46,8.32,6.36,4.43,Placed
18276,24,87.66,4.81,61.41,45.6,80.1,5.42,6.75,5.71,Placed
18277,24,85.94,1.62,92.57,56.22,92.95,7.42,5.23,1.73,Not Placed
18278,23,91.21,2.79,70.04,62.55,84.63,6.21,7.89,2.07,Placed
18279,19,72.15,4.43,61.96,82.23,86.69,4.79,6.33,3.04,Placed
18280,24,79.02,5.06,60.52,88.63,93.12,7.1,7.59,4.4,Placed
18281,23,92.98,2.83,77.09,99.06,80.45,5.81,6.08,7.76,Placed
18282,21,69.54,4.07,84.4,69.64,100.0,5.6,6.32,4.84,Not Placed
18283,18,84.87,3.29,91.06,64.49,100.0,10.0,7.51,6.39,Placed
18284,22,75.37,5.11,69.49,80.47,100.0,7.85,4.31,2.75,Placed
18285,24,80.47,4.73,68.58,54.33,100.0,7.88,7.98,3.36,Placed
18286,18,79.01,3.13,73.96,52.55,88.09,7.14,8.56,3.15,Not Placed
18287,18,68.54,4.66,74.51,62.12,100.0,5.77,8.54,4.1,Placed
18288,21,74.87,3.06,60.42,67.46,79.36,7.0,5.96,5.83,Placed
18289,22,79.74,4.62,93.94,34.93,90.49,6.77,7.16,3.83,Placed
18290,21,76.77,4.65,72.33,85.07,95.83,4.89,6.26,3.89,Placed
18291,21,96.87,8.07,80.02,71.84,100.0,9.35,5.02,5.66,Placed
18292,20,90.12,3.19,78.37,80.77,98.66,7.09,6.91,3.49,Placed
18293,18,81.48,3.55,78.06,42.87,69.38,6.2,5.05,2.95,Not Placed
18294,18,68.84,2.63,56.94,57.36,89.86,7.35,7.52,3.83,Not Placed
18295,18,68.11,1.94,71.9,56.55,81.07,5.55,7.78,8.15,Not Placed
18296,23,100.0,2.98,100.0,64.76,93.02,6.07,8.35,6.26,Placed
18297,24,65.88,5.0,95.81,67.46,,9.04,7.41,8.3,Placed
18298,21,79.37,5.13,74.36,81.91,100.0,6.58,6.3,1.9,Placed
18299,18,82.33,4.33,66.5,69.58,100.0,7.18,6.57,5.28,Not Placed
18300,21,74.26,3.27,38.73,56.14,88.24,7.32,6.95,3.76,Placed
18301,25,65.97,2.91,64.54,100.0,95.89,6.99,8.56,3.87,Placed
18302,19,68.58,2.15,70.82,63.75,100.0,6.55,8.57,1.42,Not Placed
18303,21,71.44,2.8,67.24,53.49,86.93,9.92,6.7,7.1,Placed
18304,22,69.49,1.47,68.28,37.84,55.2,6.31,7.98,1.26,Placed
18305,20,93.93,6.24,81.34,69.45,81.79,6.13,6.18,6.28,Placed
18306,21,77.89,7.11,56.99,79.05,100.0,7.79,7.32,3.71,Placed
18307,21,71.71,0.32,76.09,49.76,56.73,5.66,6.38,2.68,Not Placed
18308,21,79.28,4.32,70.35,78.0,100.0,8.43,7.09,2.59,Placed
18309,23,86.02,4.29,58.77,69.34,100.0,6.96,5.81,4.6,Placed
18310,22,73.86,4.18,97.11,39.63,72.75,7.35,5.1,3.77,Not Placed
18311,18,88.82,2.73,83.22,78.01,95.74,7.55,5.3,4.51,Placed
18312,18,62.75,5.64,60.2,63.76,94.58,6.79,7.5,0.53,Not Placed
18313,21,92.06,4.54,79.76,49.98,90.54,8.3,5.46,0.5,Placed
18314,25,77.89,5.66,51.16,83.31,100.0,7.98,6.39,0.86,Not Placed
18315,18,77.42,2.47,62.05,83.01,93.04,7.82,7.87,6.1,Placed
18316,18,69.68,1.31,91.91,49.64,79.83,5.38,8.14,7.4,Not Placed
18317,23,63.27,4.58,77.27,72.7,92.55,6.78,5.62,3.97,Placed
18318,21,58.0,2.07,76.07,71.25,77.72,7.07,3.92,5.99,Not Placed
18319,19,68.85,5.7,86.8,66.91,100.0,9.29,5.84,5.19,Placed
18320,19,85.05,0.2,81.17,59.75,84.45,5.5,7.04,6.84,Placed
18321,23,66.46,2.96,68.01,65.63,93.14,6.43,7.61,6.91,Not Placed
18322,22,59.42,2.69,86.05,83.02,100.0,8.5,5.38,2.03,Placed
18323,23,67.09,3.2,46.67,74.55,84.98,6.07,4.68,4.89,Not Placed
18324,20,73.38,4.27,61.99,37.15,73.21,6.41,5.71,6.21,Placed
18325,22,73.85,4.51,70.55,33.7,89.29,9.21,6.18,6.22,Placed
18326,24,76.45,4.95,80.22,38.29,97.08,7.64,9.31,6.03,Placed
18327,20,90.39,5.16,67.13,46.27,99.35,8.23,6.93,4.43,Placed
18328,21,92.99,3.49,45.24,55.92,94.73,8.07,7.58,5.85,Placed
18329,19,100.0,7.6,43.13,60.76,100.0,7.34,8.12,1.66,Placed
18330,23,58.5,6.3,70.98,66.95,98.07,7.31,6.26,1.76,Not Placed
18331,18,67.73,3.24,64.83,67.46,80.1,8.26,6.92,7.52,Not Placed
18332,19,86.38,3.55,58.35,67.22,80.11,6.18,7.1,6.68,Not Placed
18333,23,72.55,3.2,55.84,86.3,100.0,9.28,7.53,7.67,Not Placed
18334,18,88.33,4.45,74.01,41.17,85.61,6.56,6.65,4.19,Placed
18335,25,80.49,2.05,91.53,73.34,93.83,8.43,8.05,2.54,Not Placed
18336,21,96.95,2.38,74.01,73.27,99.22,7.81,8.12,4.13,Placed
18337,21,90.51,0.2,91.73,47.8,72.48,6.54,6.46,8.38,Placed
18338,22,90.73,3.08,66.39,76.54,100.0,7.78,7.71,2.82,Placed
18339,23,73.06,5.72,78.65,73.96,100.0,7.35,7.27,4.15,Placed
18340,21,76.83,3.53,92.28,67.31,98.19,5.08,9.99,6.94,Placed
18341,25,74.34,3.63,69.63,29.32,75.5,7.1,7.88,4.66,Placed
18342,25,59.93,4.3,72.39,83.42,86.91,5.7,7.26,3.72,Not Placed
18343,19,95.66,2.0,66.38,71.63,81.45,7.81,6.12,6.01,Placed
18344,23,86.94,3.85,80.89,74.46,100.0,7.03,5.56,3.55,Placed
18345,20,73.86,5.4,85.53,15.0,90.82,8.25,7.43,5.45,Not Placed
18346,25,93.66,4.35,77.27,59.5,100.0,6.36,4.75,0.5,Placed
18347,20,70.44,5.56,68.56,45.06,93.64,5.64,8.75,1.0,Placed
18348,20,55.94,6.08,49.5,88.69,86.64,5.91,4.33,4.03,Placed
18349,23,90.09,4.99,71.27,50.32,88.35,9.62,5.56,7.17,Placed
18350,24,62.66,2.52,69.12,91.67,100.0,10.0,8.0,4.17,Placed
18351,19,75.65,3.18,75.54,83.25,100.0,9.6,6.76,4.4,Placed
18352,22,80.47,7.28,73.75,71.54,100.0,5.35,7.02,5.0,Placed
18353,20,82.63,4.37,95.59,86.17,98.39,5.55,5.98,3.68,Placed
18354,22,88.18,4.13,61.55,52.89,93.68,5.92,6.65,1.28,Not Placed
18355,22,84.97,2.25,48.37,55.76,91.12,8.13,7.62,5.88,Placed
18356,25,84.6,3.64,54.86,82.76,100.0,9.73,5.8,5.03,Placed
18357,25,68.51,5.09,62.5,52.96,87.1,8.29,6.49,5.19,Not Placed
18358,23,81.53,3.83,88.23,46.79,97.64,7.43,6.81,2.27,Placed
18359,23,59.93,2.87,52.54,62.86,64.37,6.09,6.48,7.55,Placed
18360,25,96.75,3.28,54.54,53.89,75.85,6.86,7.7,3.64,Not Placed
18361,19,61.17,5.95,78.21,97.85,100.0,7.31,7.35,7.36,Placed
18362,23,73.84,5.0,84.74,80.41,100.0,8.26,6.67,0.5,Placed
18363,24,62.17,4.76,48.76,58.78,82.15,6.6,4.75,3.65,Placed
18364,19,69.24,4.59,45.42,51.98,85.2,7.68,8.22,7.55,Placed
18365,25,78.16,1.67,60.2,73.42,89.27,7.53,5.69,4.22,Placed
18366,23,71.65,4.29,81.86,87.0,100.0,7.32,8.93,0.5,Placed
18367,20,91.73,5.72,74.15,72.65,100.0,6.73,5.79,2.58,Placed
18368,21,80.72,3.33,60.75,52.78,89.22,7.35,7.1,5.06,Placed
18369,21,72.45,5.56,83.09,45.01,96.72,7.08,7.56,7.37,Not Placed
18370,25,76.4,4.78,73.86,61.95,97.28,6.26,6.56,3.92,Not Placed
18371,25,92.64,5.29,70.39,73.05,97.72,8.26,7.17,6.69,Placed
18372,24,88.91,3.89,47.78,60.47,99.58,9.09,6.46,5.29,Placed
18373,23,64.33,5.4,60.44,84.12,93.24,7.4,9.07,3.68,Not Placed
18374,18,69.83,1.16,100.0,76.43,98.57,7.14,7.04,6.07,Placed
18375,25,83.7,3.86,66.96,71.8,100.0,8.11,6.66,6.42,Not Placed
18376,19,82.24,5.08,57.65,76.12,100.0,7.42,7.09,3.93,Placed
18377,19,65.4,4.33,66.27,45.77,92.47,8.57,8.16,3.06,Placed
18378,18,86.99,5.77,73.79,60.03,100.0,7.33,7.27,1.27,Placed
18379,25,67.31,3.52,85.25,51.36,93.13,7.9,7.02,5.34,Placed
18380,21,93.65,2.81,81.32,74.15,100.0,9.28,5.08,3.35,Not Placed
18381,19,84.35,0.85,61.85,51.6,88.85,8.72,8.19,5.54,Placed
18382,18,64.42,3.31,91.07,69.31,95.94,7.01,7.22,5.09,Placed
18383,21,71.65,4.73,84.22,65.37,100.0,8.5,6.27,5.2,Placed
18384,23,71.44,5.17,65.32,77.6,82.3,5.92,7.19,4.17,Not Placed
18385,25,79.92,1.28,70.08,48.85,83.16,6.96,8.47,1.95,Not Placed
18386,22,75.55,5.92,81.01,75.23,93.6,8.2,7.66,5.45,Placed
18387,22,64.25,2.05,88.12,50.89,95.86,9.04,9.16,6.18,Placed
18388,24,61.27,3.58,49.22,52.57,70.37,6.3,7.85,9.15,Placed
18389,25,84.59,2.78,73.06,65.72,90.66,7.17,4.48,3.31,Not Placed
18390,20,81.43,4.55,71.53,87.11,100.0,7.2,8.31,2.41,Placed
18391,25,79.27,3.97,63.44,54.53,82.27,7.09,4.71,2.17,Placed
18392,22,81.25,5.02,63.36,39.56,81.56,5.74,8.42,4.4,Not Placed
18393,25,70.57,7.12,87.82,52.88,100.0,7.8,7.86,6.11,Not Placed
18394,18,80.21,4.52,80.02,61.84,95.94,5.67,8.82,6.28,Placed
18395,18,100.0,2.76,100.0,97.9,100.0,8.57,7.33,7.64,Placed
18396,25,92.09,4.63,63.45,74.21,100.0,8.82,7.14,5.27,Placed
18397,23,74.54,7.3,74.06,55.95,100.0,6.43,8.29,2.1,Placed
18398,19,71.72,4.98,76.65,65.74,84.78,5.68,5.39,4.98,Placed
18399,25,43.67,5.5,85.44,93.14,100.0,7.16,6.85,0.5,Placed
18400,18,90.82,0.93,92.38,64.15,79.41,6.58,6.52,3.81,Placed
18401,23,87.44,4.5,73.4,64.35,89.76,6.95,6.28,3.65,Placed
18402,19,71.47,3.32,55.58,61.51,92.25,7.31,6.12,5.42,Placed
18403,18,60.82,2.58,61.34,79.14,67.1,6.08,6.99,5.38,Placed
18404,24,64.14,3.76,74.14,59.59,96.78,9.19,7.66,3.02,Placed
18405,24,83.33,4.0,88.84,81.96,100.0,6.43,8.58,3.08,Placed
18406,18,76.93,2.68,50.3,85.0,96.32,8.32,6.46,4.63,Placed
18407,18,86.3,4.14,54.45,77.82,92.13,6.13,6.36,5.45,Placed
18408,22,79.04,3.49,83.36,64.41,87.84,7.27,3.41,5.97,Placed
18409,18,89.6,5.06,52.6,45.62,92.16,7.74,8.56,3.53,Placed
18410,23,82.43,4.21,55.12,64.42,84.37,7.36,5.17,4.4,Placed
18411,25,87.95,4.48,89.05,57.3,100.0,6.9,7.38,2.42,Placed
18412,24,52.92,5.56,68.68,55.54,95.0,6.61,7.15,2.44,Placed
18413,19,63.19,4.8,67.53,64.17,96.48,6.71,7.99,0.63,Placed
18414,19,73.63,3.79,92.52,75.67,95.16,6.39,5.74,3.23,Placed
18415,23,90.95,0.2,56.06,58.04,75.81,7.6,7.49,7.06,Not Placed
18416,18,100.0,4.72,53.04,46.0,99.54,9.4,8.75,7.33,Placed
18417,22,76.03,2.16,96.44,52.66,83.46,7.63,7.08,5.63,Placed
18418,21,70.66,3.64,75.5,95.05,100.0,7.91,5.75,6.51,Placed
18419,23,54.54,4.47,82.2,76.78,91.23,8.5,5.04,6.12,Placed
18420,19,88.36,6.2,67.33,52.68,88.79,6.66,8.59,4.85,Placed
18421,24,71.4,7.12,70.4,88.62,100.0,5.03,6.27,0.5,Placed
18422,23,100.0,2.14,61.44,64.16,85.08,7.2,6.51,9.03,Placed
18423,19,69.13,1.43,76.77,100.0,96.85,8.23,9.83,4.09,Not Placed
18424,20,100.0,4.39,84.47,72.19,100.0,9.61,7.91,4.08,Placed
18425,18,86.98,4.24,74.94,77.05,85.29,6.02,8.17,7.42,Placed
18426,21,65.66,1.64,87.91,81.4,94.3,8.52,8.77,4.82,Placed
18427,20,80.79,3.77,81.94,91.78,100.0,7.51,4.93,9.54,Placed
18428,18,87.26,4.88,56.27,60.98,100.0,6.73,8.64,2.84,Not Placed
18429,22,75.3,1.59,69.83,90.39,95.35,5.94,8.81,6.57,Not Placed
18430,22,88.06,2.01,65.27,58.02,88.34,6.5,6.26,4.01,Placed
18431,18,87.79,2.64,83.3,62.22,100.0,7.89,7.7,4.7,Not Placed
18432,19,85.16,3.42,78.92,68.14,100.0,8.67,7.96,2.74,Placed
18433,18,77.8,5.05,73.91,82.73,78.95,4.0,5.95,3.24,Placed
18434,23,63.9,3.21,87.2,62.72,87.59,7.81,7.9,7.08,Placed
18435,20,77.08,3.9,44.01,94.41,100.0,6.51,6.04,5.54,Placed
18436,18,80.11,7.84,62.95,89.22,100.0,6.62,9.91,5.35,Not Placed
18437,19,55.49,2.08,64.23,68.63,86.62,7.7,6.99,1.24,Placed
18438,25,80.03,2.62,75.78,52.54,100.0,9.51,7.48,1.29,Placed
18439,20,76.84,5.02,80.29,84.02,100.0,6.34,4.85,2.65,Placed
18440,23,62.44,5.58,71.98,34.47,91.62,7.09,7.28,3.71,Placed
18441,21,74.0,4.55,52.28,79.86,93.56,5.31,8.26,4.29,Placed
18442,19,74.26,7.06,78.1,54.82,100.0,7.73,5.73,5.13,Placed
18443,20,100.0,4.37,73.92,88.1,100.0,6.37,6.17,6.54,Not Placed
18444,18,80.64,0.24,49.97,45.83,87.38,9.09,5.95,7.44,Not Placed
18445,23,90.43,3.97,67.57,57.4,93.15,7.63,5.41,4.89,Placed
18446,20,76.59,2.77,77.61,75.01,100.0,6.86,5.25,2.81,Placed
18447,21,55.51,6.29,96.8,77.63,98.0,6.87,8.04,5.96,Not Placed
18448,19,86.07,5.54,55.66,57.98,100.0,7.64,5.28,4.87,Placed
18449,24,70.1,0.94,83.85,62.69,83.83,8.03,4.66,5.43,Placed
18450,19,73.97,6.23,55.85,83.24,99.98,5.8,6.16,6.91,Placed
18451,22,65.36,5.49,52.94,84.11,100.0,7.02,6.86,3.72,Placed
18452,24,78.87,3.22,53.83,62.37,94.55,7.2,7.5,7.41,Not Placed
18453,23,90.78,3.66,81.08,58.29,100.0,7.45,5.74,1.65,Not Placed
18454,22,89.19,6.31,73.95,46.1,100.0,8.77,6.09,5.96,Placed
18455,25,97.03,0.25,67.28,72.06,89.24,5.49,7.45,3.2,Not Placed
18456,19,98.74,4.6,78.87,81.0,100.0,8.35,7.89,4.95,Placed
18457,25,53.45,5.77,72.61,70.42,86.27,7.64,8.29,5.16,Placed
18458,22,63.68,3.64,73.66,53.2,70.2,6.6,7.38,3.8,Not Placed
18459,21,56.3,4.97,67.45,96.58,100.0,8.17,4.81,3.22,Placed
18460,20,85.58,3.99,56.59,34.35,83.49,6.74,5.75,2.8,Placed
18461,23,69.68,2.39,97.37,82.05,92.98,5.03,8.3,5.07,Placed
18462,25,72.13,2.34,93.01,71.47,79.76,4.0,8.92,5.77,Not Placed
18463,23,75.4,5.08,95.85,75.5,97.42,5.74,6.69,8.14,Placed
18464,18,82.59,2.66,63.91,55.41,78.81,6.55,6.59,3.99,Not Placed
18465,21,60.18,1.06,61.77,65.56,81.03,7.41,5.6,1.43,Placed
18466,23,62.89,4.02,65.78,72.69,83.12,7.92,8.5,5.44,Placed
18467,21,78.02,2.88,88.11,66.63,80.78,6.89,5.53,1.02,Not Placed
18468,24,92.38,1.64,72.0,39.3,66.56,5.51,9.15,7.7,Not Placed
18469,23,77.7,3.93,63.85,95.4,91.11,6.74,6.7,6.02,Placed
18470,18,68.5,5.18,77.46,78.4,100.0,6.94,5.77,2.48,Placed
18471,22,52.22,3.84,60.95,68.55,100.0,9.29,4.66,1.33,Placed
18472,19,89.43,1.88,51.67,69.59,98.44,7.87,6.48,2.78,Placed
18473,21,69.17,4.67,73.94,94.94,71.36,5.21,6.65,5.56,Placed
18474,21,64.23,5.66,64.26,56.12,100.0,6.82,6.42,2.96,Placed
18475,24,57.42,7.78,71.79,52.51,96.77,8.04,6.81,5.99,Placed
18476,24,60.73,6.4,31.73,81.6,83.57,7.23,8.46,6.38,Placed
18477,21,66.47,1.99,58.62,75.4,92.84,5.25,7.54,3.36,Placed
18478,22,75.13,5.34,71.32,51.84,93.21,8.18,7.03,6.27,Not Placed
18479,23,63.5,4.26,49.25,85.42,87.37,7.64,8.17,6.92,Placed
18480,23,80.23,1.73,49.76,72.72,78.19,7.01,5.7,5.63,Placed
18481,23,75.04,4.31,72.58,53.63,84.88,6.23,7.66,5.59,Placed
18482,24,100.0,7.25,82.52,75.85,100.0,8.42,7.63,3.38,Placed
18483,25,57.55,5.95,58.62,73.45,86.72,5.02,8.6,8.56,Placed
18484,24,79.94,1.98,68.07,66.59,75.18,5.33,5.16,2.54,Not Placed
18485,19,80.09,3.82,68.41,74.15,77.64,6.32,5.76,3.61,Placed
18486,21,65.63,4.69,48.57,78.02,85.43,7.56,5.83,6.38,Placed
18487,21,79.14,0.69,89.76,82.63,88.84,5.56,7.37,3.75,Placed
18488,22,87.24,0.75,69.26,69.72,79.52,6.55,7.07,3.9,Placed
18489,22,79.16,4.08,69.42,63.67,95.52,6.79,7.48,1.78,Not Placed
18490,23,94.61,4.1,77.59,71.82,99.64,7.61,4.27,3.56,Placed
18491,21,51.87,0.49,48.6,87.05,84.27,6.87,8.57,9.33,Not Placed
18492,20,67.89,4.5,85.8,78.08,100.0,6.87,7.08,3.78,Not Placed
18493,21,95.7,5.76,87.76,62.77,100.0,6.35,7.46,7.06,Placed
18494,24,88.94,3.41,74.11,68.89,100.0,8.51,7.24,3.5,Placed
18495,20,84.49,3.91,78.93,94.65,100.0,7.99,6.05,2.37,Placed
18496,18,92.8,4.83,67.11,79.99,100.0,7.95,7.42,2.94,Not Placed
18497,25,55.0,4.59,84.95,70.43,84.18,6.27,6.89,5.95,Placed
18498,19,87.55,0.8,59.66,86.25,99.56,6.58,6.88,0.5,Placed
18499,22,90.77,2.17,71.51,59.31,84.82,7.77,7.39,7.91,Placed
18500,24,70.1,3.09,72.41,73.26,80.3,6.49,6.68,5.45,Not Placed
18501,20,100.0,2.25,71.42,98.01,88.21,6.09,5.17,3.75,Placed
18502,20,80.36,6.44,88.04,78.46,100.0,7.55,6.58,2.91,Placed
18503,20,51.69,4.94,100.0,93.93,99.86,5.63,8.75,3.46,Placed
18504,19,82.58,1.8,70.35,66.66,87.29,6.95,6.14,6.8,Not Placed
18505,19,69.36,3.41,79.06,60.38,100.0,8.27,6.91,1.34,Not Placed
18506,19,91.98,5.83,59.96,86.56,100.0,7.37,7.8,4.39,Placed
18507,21,84.58,2.64,87.48,38.75,89.4,5.94,9.34,6.76,Placed
18508,22,70.82,5.33,64.24,70.88,100.0,7.77,6.49,0.5,Not Placed
18509,18,96.03,6.29,100.0,84.49,100.0,6.48,5.33,3.24,Placed
18510,24,89.27,5.99,46.94,77.0,100.0,8.21,7.61,1.47,Placed
18511,23,68.06,4.12,100.0,34.36,89.19,7.81,5.83,1.92,Placed
18512,18,76.18,6.05,86.87,46.46,80.51,6.78,7.15,4.93,Placed
18513,24,84.2,2.86,55.17,66.17,85.15,6.3,7.53,5.8,Placed
18514,18,73.63,8.27,100.0,75.6,100.0,6.18,6.22,3.68,Placed
18515,22,73.99,4.23,58.07,76.23,100.0,10.0,6.47,1.5,Placed
18516,21,78.44,5.86,67.29,67.9,98.38,4.45,7.78,2.77,Placed
18517,22,65.21,3.15,52.55,79.68,79.07,5.09,8.11,5.29,Placed
18518,25,51.21,4.7,69.8,74.99,100.0,8.52,6.85,4.43,Not Placed
18519,25,80.87,4.78,71.21,65.94,100.0,8.26,7.0,2.14,Placed
18520,20,54.13,2.13,84.45,76.6,93.11,7.63,5.45,3.52,Placed
18521,22,66.08,2.07,100.0,57.64,64.79,4.81,6.94,6.06,Placed
18522,25,56.74,3.43,64.31,78.19,87.56,7.85,6.33,4.9,Placed
18523,23,58.22,5.79,30.71,54.45,82.01,6.02,6.89,2.41,Not Placed
18524,25,83.12,0.5,81.73,75.8,88.37,7.08,8.5,5.01,Not Placed
18525,21,75.33,3.15,63.75,75.41,100.0,7.69,5.45,3.38,Placed
18526,20,74.9,6.16,99.28,63.22,100.0,7.81,8.21,3.21,Placed
18527,22,62.21,1.58,71.48,78.16,87.98,6.42,7.03,4.76,Not Placed
18528,24,70.13,6.06,60.61,92.68,100.0,8.74,6.77,2.3,Placed
18529,25,82.52,1.77,56.81,51.68,84.5,8.18,5.76,3.62,Placed
18530,23,77.37,2.15,81.34,83.27,95.45,6.05,7.14,6.59,Placed
18531,23,87.87,3.54,67.87,85.38,100.0,6.62,9.41,9.44,Placed
18532,22,89.58,7.17,94.02,64.68,90.52,6.29,3.74,1.07,Placed
18533,20,74.97,2.65,68.84,80.81,83.92,7.12,4.45,2.74,Not Placed
18534,21,55.77,0.68,93.22,63.93,84.48,7.96,6.59,6.76,Placed
18535,21,68.92,1.28,51.3,88.1,88.94,4.98,7.19,1.99,Placed
18536,24,76.83,5.48,45.92,24.18,78.66,4.82,7.93,4.24,Not Placed
18537,22,68.68,1.36,84.44,91.12,81.66,6.2,7.34,8.09,Not Placed
18538,24,65.34,5.94,65.03,50.2,93.88,8.82,4.84,3.04,Placed
18539,18,78.84,3.93,68.05,69.44,100.0,7.49,7.54,4.0,Placed
18540,24,100.0,3.74,56.82,54.98,96.54,9.09,6.59,1.92,Placed
18541,22,72.14,4.34,55.72,91.94,99.1,7.01,7.86,5.87,Placed
18542,25,77.97,2.36,81.54,64.34,83.38,6.19,5.94,0.92,Not Placed
18543,21,62.26,4.05,71.72,59.33,83.19,5.19,4.96,3.12,Placed
18544,21,92.92,1.65,56.1,85.92,94.08,6.21,6.26,1.9,Placed
18545,19,88.5,6.23,83.86,79.71,88.24,6.46,7.39,3.86,Placed
18546,24,87.67,1.95,89.62,62.66,90.75,4.29,7.26,8.21,Placed
18547,23,94.32,,70.37,52.14,100.0,6.19,6.82,5.27,Placed
18548,24,72.87,1.94,87.05,49.98,65.57,6.18,6.07,4.98,Placed
18549,18,74.37,2.84,56.97,88.4,90.74,7.23,6.64,5.09,Placed
18550,19,98.52,3.13,80.66,74.7,90.04,7.15,8.58,4.45,Placed
18551,25,85.59,9.17,74.43,70.77,100.0,7.58,9.86,7.07,Placed
18552,18,51.37,3.77,60.13,75.88,85.49,5.25,7.31,6.05,Not Placed
18553,22,83.46,2.32,100.0,36.82,98.12,5.84,8.03,1.9,Placed
18554,21,71.02,3.0,75.49,62.81,90.92,8.31,5.93,6.45,Placed
18555,25,88.78,1.09,63.14,63.23,95.99,6.89,8.42,4.97,Placed
18556,24,82.9,3.51,72.29,83.7,96.56,8.22,6.38,5.41,Placed
18557,25,57.11,7.13,58.95,44.49,80.98,7.03,5.28,0.5,Placed
18558,20,81.23,4.4,54.65,84.86,97.34,7.42,8.18,4.5,Not Placed
18559,22,80.53,5.43,65.26,96.71,100.0,7.83,6.91,4.22,Placed
18560,23,82.36,2.16,66.27,40.49,84.36,6.53,8.47,3.11,Placed
18561,25,84.91,3.43,59.94,68.27,95.63,6.4,7.79,6.65,Not Placed
18562,18,95.95,4.17,90.77,75.99,93.89,6.38,5.25,1.23,Placed
18563,25,82.97,2.49,60.51,81.97,78.06,7.11,7.02,10.55,Not Placed
18564,20,78.27,,58.02,33.37,92.93,7.89,5.72,2.26,Placed
18565,19,91.78,4.91,54.21,73.4,94.5,6.71,8.32,5.44,Placed
18566,22,100.0,4.78,52.77,64.5,100.0,8.59,6.9,4.93,Not Placed
18567,24,88.98,3.53,87.41,63.47,96.81,9.3,6.01,6.84,Placed
18568,19,80.47,5.76,75.87,100.0,95.5,6.15,4.36,7.84,Placed
18569,18,83.19,3.34,82.35,64.55,100.0,8.63,8.2,3.63,Not Placed
18570,25,81.07,3.17,87.28,75.2,100.0,7.18,6.39,4.85,Not Placed
18571,25,78.22,6.39,67.0,66.07,100.0,7.66,6.49,3.65,Placed
18572,19,100.0,1.81,94.08,71.86,97.86,7.04,7.38,2.57,Placed
18573,25,69.01,0.73,62.6,76.84,96.99,8.66,5.74,4.57,Not Placed
18574,25,91.86,2.24,55.56,82.29,95.24,7.62,4.98,4.45,Placed
18575,25,76.49,4.5,77.6,55.57,94.66,6.78,7.03,4.52,Placed
18576,19,60.23,6.11,74.17,70.44,89.58,6.7,5.68,3.74,Placed
18577,22,75.74,2.61,74.14,71.01,89.26,5.76,6.71,5.18,Placed
18578,25,71.44,7.07,87.23,41.63,90.93,6.51,5.76,6.06,Placed
18579,25,84.93,3.85,73.59,52.74,100.0,8.66,5.17,2.09,Placed
18580,22,79.1,3.59,76.7,82.25,100.0,8.5,4.83,5.73,Placed
18581,19,65.74,2.27,92.39,60.61,82.07,6.43,6.92,7.62,Placed
18582,18,95.65,7.31,76.0,100.0,100.0,5.88,8.12,1.95,Placed
18583,20,91.08,3.53,79.41,83.41,100.0,8.34,7.97,4.81,Placed
18584,18,97.03,1.4,50.73,75.23,83.59,7.71,6.83,5.41,Placed
18585,19,80.84,8.22,100.0,92.17,100.0,4.83,8.51,6.07,Placed
18586,18,77.57,4.51,48.14,80.36,97.26,10.0,6.16,6.29,Placed
18587,24,86.44,5.24,63.91,70.95,85.53,7.21,7.78,6.91,Placed
18588,22,71.07,6.83,63.46,45.37,100.0,9.24,6.21,4.77,Placed
18589,22,79.56,4.91,100.0,78.65,100.0,7.41,5.93,2.51,Placed
18590,24,75.89,5.55,62.99,90.35,95.86,5.95,7.77,3.78,Placed
18591,21,60.47,3.9,78.63,58.51,100.0,7.43,7.32,7.39,Placed
18592,21,79.53,5.12,63.56,38.78,73.55,5.44,7.56,2.74,Placed
18593,19,72.71,3.74,56.4,50.89,84.78,7.05,5.01,5.54,Not Placed
18594,21,75.09,3.76,80.56,96.14,100.0,5.89,8.03,6.19,Not Placed
18595,19,82.37,4.02,61.22,69.28,89.57,6.95,7.61,5.72,Placed
18596,22,93.27,3.09,75.11,91.36,99.91,7.5,6.32,6.36,Not Placed
18597,25,67.81,4.71,81.4,68.3,100.0,7.55,7.5,4.44,Placed
18598,22,73.96,4.7,100.0,60.06,100.0,5.45,8.12,4.3,Placed
18599,20,68.82,5.27,53.07,100.0,100.0,6.43,5.92,8.13,Placed
18600,23,68.04,4.95,69.71,62.05,72.9,4.83,5.92,8.44,Placed
18601,24,70.87,7.4,70.33,64.01,100.0,7.95,6.45,7.39,Not Placed
18602,21,75.64,5.69,72.01,75.37,100.0,7.44,4.13,5.6,Not Placed
18603,20,85.03,3.43,100.0,63.36,100.0,5.79,7.2,3.35,Placed
18604,23,81.85,4.62,69.4,80.45,98.05,8.89,7.89,4.77,Placed
18605,19,65.32,6.34,34.19,75.13,98.98,7.76,7.48,4.24,Placed
18606,25,93.53,2.09,69.02,75.77,94.1,7.07,7.38,6.7,Placed
18607,20,89.33,7.43,70.22,58.13,100.0,6.63,8.03,5.28,Placed
18608,20,67.19,2.41,68.38,41.4,73.3,6.43,6.68,5.67,Not Placed
18609,23,92.69,5.42,61.22,54.68,81.64,6.25,4.91,4.43,Not Placed
18610,18,81.92,3.81,52.18,56.1,89.71,8.61,6.96,0.5,Placed
18611,19,76.12,3.71,100.0,72.68,100.0,7.53,8.36,7.12,Placed
18612,19,82.3,1.45,76.77,54.96,,5.94,7.23,4.37,Not Placed
18613,21,77.69,5.43,69.12,44.56,93.08,8.76,6.35,6.44,Placed
18614,22,84.54,1.48,100.0,49.65,91.9,7.09,7.74,3.82,Placed
18615,19,80.25,1.2,58.97,74.2,64.8,6.1,7.26,7.74,Not Placed
18616,20,73.95,5.89,81.04,79.0,99.25,9.57,6.54,3.43,Placed
18617,24,53.69,7.02,53.26,59.89,90.95,5.89,6.94,4.36,Placed
18618,25,84.33,2.6,83.26,61.6,90.69,6.21,6.42,4.53,Placed
18619,18,73.52,,54.98,77.82,100.0,7.2,7.54,1.48,Placed
18620,23,87.34,5.23,79.06,70.65,87.08,7.59,5.72,5.32,Placed
18621,18,83.78,3.64,100.0,86.98,100.0,6.3,7.2,6.15,Placed
18622,22,73.83,6.2,73.4,65.48,85.8,4.55,7.84,5.34,Not Placed
18623,25,90.28,3.51,39.11,54.7,77.62,7.24,7.09,9.13,Placed
18624,24,80.46,4.73,72.54,85.38,100.0,5.94,7.1,2.72,Not Placed
18625,19,79.96,1.54,79.21,63.02,89.18,6.77,6.88,1.05,Not Placed
18626,20,76.34,1.62,85.51,55.38,96.73,6.23,7.44,2.12,Placed
18627,24,98.2,,94.1,82.29,100.0,5.9,6.37,4.67,Placed
18628,24,69.44,4.79,94.87,91.19,100.0,6.88,6.64,6.9,Placed
18629,20,74.13,3.54,70.04,70.93,85.15,6.44,5.72,4.85,Placed
18630,18,63.15,7.23,62.11,51.93,99.61,6.19,6.48,3.51,Placed
18631,21,86.72,7.22,55.22,92.56,93.12,8.36,4.39,7.49,Not Placed
18632,22,71.01,4.59,63.9,74.03,89.7,6.01,6.83,4.27,Placed
18633,21,72.36,1.18,79.15,71.52,79.69,6.9,7.54,1.75,Not Placed
18634,25,71.8,3.6,51.77,61.54,85.15,7.16,6.72,6.5,Not Placed
18635,24,78.75,2.3,58.1,86.08,85.21,5.17,7.91,5.79,Placed
18636,24,62.99,3.96,80.43,50.26,90.88,5.86,8.4,4.98,Placed
18637,18,51.08,2.11,62.3,48.74,75.01,7.15,6.78,7.74,Placed
18638,24,83.49,1.65,77.55,98.31,91.29,7.11,5.6,4.29,Placed
18639,24,52.64,0.2,59.79,54.2,65.77,6.25,8.11,5.06,Placed
18640,21,88.25,4.1,76.32,83.35,100.0,7.17,7.87,2.55,Placed
18641,22,96.7,0.2,60.42,90.05,89.16,7.52,7.34,3.09,Not Placed
18642,24,76.03,3.22,43.47,71.36,98.1,7.9,6.17,3.55,Not Placed
18643,25,93.59,5.05,86.34,53.9,99.63,8.0,7.25,5.89,Placed
18644,22,77.71,2.5,61.56,78.08,100.0,8.65,6.43,3.15,Placed
18645,18,97.19,1.85,68.27,90.27,92.17,7.33,5.92,4.31,Not Placed
18646,22,72.53,3.68,61.63,73.48,90.39,5.53,7.23,4.05,Placed
18647,23,49.62,2.31,80.17,56.06,77.74,6.85,5.63,4.39,Not Placed
18648,18,77.04,4.13,77.0,72.9,100.0,5.68,7.71,2.97,Placed
18649,24,98.5,1.94,80.13,45.85,100.0,8.21,7.14,4.09,Placed
18650,19,84.42,3.61,63.76,52.42,98.25,8.85,6.67,2.19,Placed
18651,25,71.82,3.18,71.25,63.86,100.0,7.19,6.75,4.42,Not Placed
18652,22,81.95,3.78,78.26,68.98,99.07,8.59,5.51,4.44,Placed
18653,20,89.65,6.74,95.18,48.77,100.0,8.51,5.58,4.65,Not Placed
18654,18,125.0,4.16,76.6,72.0,99.03,7.56,8.88,5.62,Placed
18655,18,100.0,4.71,56.95,76.35,92.65,7.83,6.62,8.12,Placed
18656,23,71.79,2.68,76.02,64.56,100.0,8.34,5.09,1.18,Placed
18657,21,90.03,4.2,69.53,33.47,83.56,5.52,7.9,3.76,Placed
18658,24,87.14,3.31,42.02,69.67,86.86,7.5,5.57,2.67,Placed
18659,19,69.6,3.85,44.32,97.04,92.87,7.86,7.49,5.12,Not Placed
18660,25,72.91,4.97,71.0,75.32,100.0,5.48,8.57,5.92,Placed
18661,25,90.22,2.9,72.27,68.25,100.0,9.49,6.54,2.07,Placed
18662,18,79.74,3.08,67.58,62.04,94.77,8.51,8.19,5.14,Placed
18663,23,82.06,2.92,85.26,77.23,100.0,8.52,7.68,6.23,Placed
18664,25,58.37,2.89,57.97,71.34,99.66,7.69,8.69,5.35,Placed
18665,20,85.87,4.11,51.21,79.32,88.54,6.06,7.5,3.82,Not Placed
18666,18,81.45,3.14,59.61,50.46,81.58,5.68,6.17,5.85,Placed
18667,25,77.23,6.5,62.85,69.94,100.0,7.08,4.3,3.99,Placed
18668,21,82.33,8.62,71.13,60.62,100.0,8.04,5.85,6.31,Placed
18669,18,73.09,2.78,60.04,73.95,87.66,7.85,6.2,5.21,Placed
18670,24,70.9,4.33,39.87,36.87,84.51,9.25,7.99,4.12,Not Placed
18671,23,75.1,5.67,33.46,61.72,98.91,6.83,8.26,1.98,Placed
18672,18,72.43,3.32,73.85,76.68,92.49,6.77,5.48,4.53,Placed
18673,20,100.0,2.01,55.06,79.26,96.67,7.21,8.27,2.36,Placed
18674,18,88.94,6.93,41.92,67.51,89.3,5.81,5.87,2.33,Placed
18675,25,66.38,5.04,81.37,33.43,100.0,9.0,5.8,3.8,Placed
18676,18,100.0,4.37,95.18,78.26,100.0,6.9,5.14,4.35,Placed
18677,24,72.81,6.41,70.58,93.35,100.0,7.5,7.21,2.11,Placed
18678,22,78.35,5.19,76.03,54.58,95.98,8.18,6.1,4.17,Placed
18679,22,88.77,3.71,76.15,61.19,98.61,6.3,8.38,4.02,Placed
18680,24,54.36,2.04,37.3,80.9,69.13,7.53,5.71,3.3,Not Placed
18681,25,75.16,2.91,85.33,81.33,98.15,7.19,7.68,3.99,Placed
18682,19,71.12,5.97,90.6,85.55,100.0,8.37,5.35,5.79,Placed
18683,18,80.46,5.03,99.55,84.23,100.0,7.21,8.04,3.72,Placed
18684,18,82.44,3.46,65.44,43.48,77.11,4.0,6.94,5.66,Placed
18685,23,77.07,6.98,54.97,60.33,79.06,6.08,7.15,4.34,Placed
18686,22,76.52,3.52,92.38,78.02,81.09,5.4,6.37,6.54,Placed
18687,18,90.78,5.58,79.48,66.62,100.0,9.51,6.3,6.12,Placed
18688,19,81.62,4.2,85.12,73.85,100.0,8.9,7.4,4.08,Not Placed
18689,22,78.5,7.28,62.29,65.91,93.33,4.62,8.97,3.14,Placed
18690,23,79.77,5.16,76.07,61.03,91.89,5.99,5.54,5.47,Not Placed
18691,20,100.0,3.88,56.2,64.13,92.14,5.54,6.39,3.45,Placed
18692,25,80.07,3.48,71.92,50.05,87.47,7.46,6.06,1.37,Placed
18693,25,71.83,3.77,66.78,56.42,75.41,6.05,4.99,5.97,Not Placed
18694,24,55.09,2.49,100.0,66.93,78.78,6.88,4.97,3.28,Not Placed
18695,21,60.79,1.34,80.23,67.22,90.13,5.55,5.92,0.5,Placed
18696,25,72.4,4.36,39.72,77.08,92.56,7.72,6.32,4.35,Not Placed
18697,23,76.7,2.84,71.98,63.44,92.52,5.18,8.5,6.37,Placed
18698,22,71.33,2.83,77.52,94.81,100.0,10.0,7.99,3.32,Placed
18699,21,82.21,3.64,64.89,87.68,100.0,9.01,5.82,3.8,Placed
18700,24,71.18,3.89,55.46,59.96,90.35,10.0,7.73,5.5,Placed
18701,22,67.03,3.81,81.91,71.16,100.0,7.93,5.84,3.59,Placed
18702,19,85.35,6.93,57.58,87.41,100.0,9.07,6.69,4.29,Placed
18703,25,94.43,4.99,80.63,57.75,100.0,8.27,7.19,6.29,Placed
18704,18,64.71,7.59,56.31,56.04,85.34,5.99,9.33,5.85,Placed
18705,23,80.92,3.01,63.99,88.79,86.38,6.75,7.12,4.95,Placed
18706,23,55.14,5.21,86.34,79.06,100.0,7.71,5.03,1.17,Placed
18707,22,60.31,3.11,79.34,85.18,100.0,8.58,7.69,5.67,Not Placed
18708,18,70.93,2.79,72.47,73.05,96.74,7.19,8.16,3.71,Placed
18709,21,91.62,7.66,71.55,63.92,100.0,7.87,7.87,5.48,Placed
18710,25,68.66,2.42,73.36,46.53,81.56,6.8,5.61,1.47,Placed
18711,19,68.21,0.2,60.13,70.19,74.39,6.71,6.95,6.38,Placed
18712,23,78.43,2.53,49.25,87.71,79.54,5.43,6.78,2.82,Not Placed
18713,24,78.45,0.2,80.54,87.9,99.1,7.73,8.92,5.36,Placed
18714,25,68.58,2.09,94.95,85.13,76.55,6.61,7.54,6.37,Placed
18715,22,100.0,2.25,81.06,80.6,95.28,5.66,8.86,5.28,Not Placed
18716,20,74.82,3.86,75.81,100.0,100.0,6.49,5.95,5.27,Placed
18717,23,79.36,0.2,53.87,43.17,72.06,7.54,6.54,4.68,Not Placed
18718,21,73.18,5.95,85.16,71.7,100.0,8.0,6.15,2.06,Placed
18719,23,83.28,0.42,79.22,53.01,87.27,6.98,7.97,7.15,Not Placed
18720,23,92.82,3.57,83.4,92.84,100.0,8.48,8.17,6.69,Not Placed
18721,23,97.96,3.22,87.51,59.16,100.0,8.99,7.27,3.73,Placed
18722,19,68.85,5.29,95.79,84.14,100.0,6.86,6.91,0.5,Placed
18723,24,91.21,4.43,55.28,60.81,93.41,8.37,7.3,6.51,Placed
18724,22,84.6,5.94,52.67,74.72,94.35,6.4,5.14,0.86,Placed
18725,25,89.69,3.15,74.22,66.26,94.36,5.64,6.31,5.56,Placed
18726,23,76.9,2.96,58.16,67.78,86.94,6.07,6.4,3.04,Placed
18727,25,75.76,4.54,55.56,73.34,75.39,6.16,6.78,5.46,Not Placed
18728,25,89.23,5.65,90.3,82.71,100.0,6.67,6.02,2.49,Placed
18729,25,89.46,5.29,56.86,66.25,100.0,9.58,5.78,4.51,Placed
18730,23,96.79,4.38,71.83,82.26,100.0,6.57,4.88,1.09,Placed
18731,22,80.38,4.22,47.53,84.61,88.42,6.75,7.32,4.53,Not Placed
18732,18,76.72,3.73,72.95,61.33,90.32,7.38,5.15,4.49,Placed
18733,21,48.48,4.54,89.74,98.16,85.03,5.62,8.0,5.94,Placed
18734,21,58.66,7.46,90.2,79.92,100.0,7.38,7.19,3.54,Placed
18735,24,73.27,3.36,87.67,61.1,100.0,7.99,7.86,5.07,Placed
18736,22,64.79,3.14,70.82,77.82,92.34,8.98,5.73,3.71,Placed
18737,21,87.77,3.01,88.67,84.61,100.0,8.78,9.04,5.41,Placed
18738,19,62.28,4.5,78.45,77.43,99.56,7.64,9.46,5.28,Placed
18739,23,71.98,0.2,65.42,71.23,78.81,6.93,6.84,6.26,Placed
18740,21,72.46,3.56,77.73,15.0,84.26,7.0,7.27,2.15,Placed
18741,18,92.46,5.39,85.29,52.52,93.06,7.69,6.78,4.32,Placed
18742,20,70.7,2.85,52.08,78.86,83.96,7.14,8.01,5.07,Placed
18743,25,83.43,4.14,56.09,52.2,79.74,7.09,7.75,8.14,Placed
18744,18,80.35,7.6,69.85,76.22,100.0,6.08,4.67,8.47,Not Placed
18745,21,88.84,4.4,53.67,82.16,100.0,8.0,5.81,1.78,Not Placed
18746,22,88.2,0.2,53.46,66.2,90.72,7.56,7.27,3.27,Placed
18747,18,77.6,1.26,65.69,39.77,84.7,6.29,7.73,0.5,Not Placed
18748,19,57.64,3.35,86.88,56.21,97.56,8.99,6.98,8.89,Placed
18749,25,75.22,2.35,86.6,78.96,81.58,7.45,4.76,5.14,Placed
18750,22,77.76,3.99,76.82,88.11,89.77,5.49,7.47,5.66,Placed
18751,19,81.43,3.27,74.7,34.69,90.26,8.33,8.99,3.87,Placed
18752,19,69.15,5.9,100.0,69.29,98.68,6.39,4.04,4.49,Not Placed
18753,21,91.69,1.84,63.91,44.52,72.91,6.71,7.93,6.76,Not Placed
18754,23,78.16,3.43,75.62,69.45,87.56,6.98,9.0,2.41,Not Placed
18755,23,66.95,4.19,63.17,65.49,90.23,8.24,7.93,2.24,Not Placed
18756,19,72.5,,52.69,100.0,94.32,7.13,6.7,4.02,Placed
18757,23,100.0,4.06,89.77,59.38,100.0,7.94,7.88,4.52,Placed
18758,25,85.97,0.2,67.42,84.78,82.79,5.31,6.7,5.61,Placed
18759,19,90.58,3.95,82.42,84.14,97.75,5.88,7.45,4.54,Placed
18760,18,65.5,3.53,68.31,64.88,99.03,7.24,6.9,2.81,Placed
18761,25,69.73,5.36,90.7,69.9,100.0,6.33,6.93,3.74,Not Placed
18762,22,69.82,5.1,57.04,68.01,88.54,6.95,5.89,4.85,Placed
18763,24,80.21,4.23,89.46,56.1,100.0,8.1,6.24,5.82,Placed
18764,20,75.91,4.36,85.41,54.72,90.2,6.24,8.75,6.5,Not Placed
18765,20,72.13,6.23,45.08,61.44,84.6,6.32,6.06,3.95,Not Placed
18766,19,73.63,5.87,64.25,49.79,91.74,7.33,4.45,3.09,Not Placed
18767,19,68.47,4.3,87.31,59.99,92.18,4.65,10.0,2.7,Placed
18768,21,75.84,7.66,96.56,64.87,100.0,8.41,6.28,6.83,Placed
18769,18,91.36,2.67,82.73,70.59,100.0,7.36,6.48,3.63,Placed
18770,24,59.84,1.67,66.05,75.1,94.57,7.31,6.32,2.97,Not Placed
18771,22,82.16,3.78,57.47,64.86,80.97,6.55,6.82,4.83,Placed
18772,25,94.56,3.13,80.5,55.69,81.81,8.03,5.89,7.73,Placed
18773,22,75.8,0.2,65.61,74.81,95.09,7.01,8.59,2.65,Placed
18774,20,71.65,2.63,66.25,80.66,95.18,8.67,6.56,5.68,Placed
18775,22,89.09,4.42,68.64,60.23,81.11,5.15,5.55,3.59,Placed
18776,19,66.19,3.7,85.23,52.28,96.78,7.28,3.36,4.72,Placed
18777,24,77.73,2.4,99.1,60.86,92.14,7.25,8.11,6.12,Placed
18778,23,65.52,3.88,87.4,65.09,91.94,7.57,6.27,6.93,Placed
18779,19,55.56,4.02,72.14,86.32,98.79,8.88,7.25,3.44,Placed
18780,22,76.18,5.09,58.51,79.1,74.38,5.56,5.69,6.0,Not Placed
18781,22,62.84,2.65,82.01,67.95,75.89,5.53,6.91,4.97,Not Placed
18782,19,77.86,5.37,96.98,98.41,100.0,6.78,6.77,5.31,Placed
18783,18,91.38,1.84,87.05,67.44,72.23,4.93,7.91,6.97,Not Placed
18784,24,100.0,2.89,75.12,90.62,100.0,9.97,7.0,3.08,Placed
18785,20,79.12,6.86,64.66,87.54,100.0,8.32,5.45,6.05,Placed
18786,22,90.23,1.96,77.18,86.41,100.0,7.82,9.68,4.81,Not Placed
18787,19,82.79,2.61,89.32,73.14,93.3,8.14,7.32,6.87,Not Placed
18788,23,73.4,1.54,75.48,69.87,78.31,,5.67,5.32,Placed
18789,18,54.9,2.31,70.45,68.08,79.7,6.46,7.03,4.2,Placed
18790,20,97.52,4.05,61.69,81.6,88.88,6.77,7.27,6.24,Placed
18791,22,65.41,5.07,100.0,55.37,100.0,7.61,7.38,3.36,Placed
18792,21,94.59,3.77,58.64,63.79,97.98,6.59,7.24,3.7,Placed
18793,22,84.44,3.22,57.25,94.67,91.24,6.09,7.09,3.0,Not Placed
18794,19,66.29,1.56,74.46,77.97,87.31,6.56,7.9,3.25,Not Placed
18795,21,81.74,2.49,68.97,83.27,86.03,7.66,7.67,0.5,Placed
18796,24,100.0,1.02,87.35,48.46,90.99,8.29,7.7,3.48,Placed
18797,20,96.43,5.13,87.86,61.09,100.0,5.68,4.67,4.35,Placed
18798,19,71.85,5.25,53.79,73.34,94.06,6.97,4.72,6.02,Not Placed
18799,24,69.46,3.73,60.67,67.34,84.02,7.14,5.85,2.66,Placed
18800,24,79.2,4.59,58.87,48.39,74.22,5.53,6.5,3.5,Not Placed
18801,23,76.01,5.38,83.77,80.16,100.0,7.74,5.89,4.15,Placed
18802,24,92.4,3.98,78.43,85.24,100.0,7.07,5.58,6.03,Placed
18803,24,86.88,6.31,66.43,63.43,90.89,6.07,7.09,4.86,Placed
18804,23,57.69,1.96,75.25,80.73,82.9,6.62,5.75,5.25,Placed
18805,22,83.5,3.17,55.11,100.0,82.78,7.84,3.92,6.26,Not Placed
18806,18,75.85,2.96,60.86,92.41,100.0,8.37,5.17,5.51,Placed
18807,22,78.45,4.97,52.5,64.15,88.13,7.61,6.07,3.29,Placed
18808,20,80.99,1.22,74.18,50.34,92.62,9.49,6.49,7.92,Placed
18809,24,92.38,6.41,74.13,71.68,100.0,8.54,7.88,0.7,Placed
18810,21,89.73,4.81,57.23,100.0,100.0,7.86,7.32,6.3,Not Placed
18811,25,69.0,6.95,78.32,89.41,99.93,6.36,4.39,5.38,Placed
18812,22,77.3,3.73,87.86,67.9,100.0,8.56,8.54,6.99,Placed
18813,22,72.62,2.81,56.54,93.0,85.5,6.28,6.56,4.03,Not Placed
18814,25,57.82,4.98,67.11,86.7,100.0,8.1,6.88,3.51,Placed
18815,21,76.69,5.66,79.7,37.61,84.12,4.27,6.95,2.3,Placed
18816,21,100.0,2.51,71.9,84.99,98.05,6.61,5.78,2.37,Not Placed
18817,20,57.46,0.2,51.42,69.9,68.08,5.52,7.48,4.17,Not Placed
18818,25,77.71,0.51,65.39,54.13,76.63,6.86,4.46,2.82,Not Placed
18819,24,77.33,4.27,64.89,69.46,89.81,5.35,8.41,3.08,Not Placed
18820,19,81.45,6.57,69.44,74.63,100.0,7.23,7.03,2.38,Placed
18821,21,66.45,1.46,70.08,55.29,73.13,7.76,7.24,6.57,Not Placed
18822,20,60.9,3.31,95.49,66.08,90.5,6.42,7.43,3.05,Placed
18823,23,61.46,3.17,68.87,62.71,77.06,6.82,6.27,5.3,Not Placed
18824,18,93.97,7.26,46.23,80.72,100.0,7.46,8.33,4.25,Placed
18825,23,66.21,7.87,73.37,63.18,100.0,7.14,5.93,5.19,Placed
18826,23,72.01,4.56,98.22,40.8,100.0,8.82,5.6,3.98,Placed
18827,19,100.0,5.42,69.49,60.84,99.61,6.38,6.98,6.05,Placed
18828,19,69.19,5.37,65.43,52.86,84.1,7.84,5.15,5.73,Not Placed
18829,23,82.11,1.5,67.42,47.3,77.44,7.51,6.12,6.92,Placed
18830,20,90.77,5.06,80.76,86.89,100.0,5.29,7.11,3.18,Not Placed
18831,25,90.19,1.96,67.36,80.86,92.14,7.3,7.68,2.81,Placed
18832,24,62.02,3.49,49.27,52.53,81.9,7.1,6.76,3.72,Not Placed
18833,25,69.44,5.85,61.92,47.69,89.56,6.61,5.71,4.73,Placed
18834,22,81.63,3.95,71.03,66.36,99.96,9.33,6.4,5.55,Placed
18835,25,100.0,5.78,80.03,46.82,99.65,8.74,6.0,3.25,Placed
18836,18,68.86,6.14,63.26,64.13,93.8,6.28,6.68,4.9,Placed
18837,20,72.08,0.64,67.56,69.13,100.0,7.96,6.06,4.13,Not Placed
18838,18,83.03,0.2,72.67,72.87,84.83,8.09,5.63,3.97,Not Placed
18839,23,85.44,5.89,60.34,73.44,96.13,7.38,5.48,4.48,Not Placed
18840,22,86.16,5.96,70.62,55.51,93.02,5.88,4.59,7.5,Placed
18841,20,67.84,4.26,79.01,69.13,100.0,6.06,8.1,6.08,Placed
18842,20,71.62,4.51,54.2,88.49,92.75,7.83,7.66,6.6,Placed
18843,23,80.59,5.41,76.6,34.45,82.47,7.81,5.33,5.22,Not Placed
18844,19,93.15,5.37,55.65,73.21,100.0,6.86,7.58,8.02,Placed
18845,22,75.14,3.25,55.95,49.15,93.78,8.78,6.85,6.28,Placed
18846,22,77.73,5.52,62.06,90.46,100.0,8.99,5.25,1.65,Placed
18847,19,65.69,3.18,92.48,81.07,99.58,8.98,5.54,5.96,Placed
18848,19,100.0,4.24,46.27,80.56,96.16,8.98,6.62,5.18,Placed
18849,20,79.85,4.16,65.04,54.35,87.46,7.18,7.69,5.74,Placed
18850,22,90.93,2.25,71.6,72.22,87.68,5.6,7.51,1.5,Not Placed
18851,20,78.36,2.46,89.51,74.0,100.0,6.81,6.15,1.57,Placed
18852,21,79.02,7.82,100.0,30.06,100.0,7.06,7.35,4.31,Placed
18853,22,60.0,2.19,65.67,70.34,83.65,6.44,6.6,0.99,Not Placed
18854,19,52.19,4.47,80.09,77.81,100.0,6.74,5.92,5.91,Not Placed
18855,22,93.02,4.84,70.58,45.38,95.63,5.81,7.95,4.8,Placed
18856,19,78.94,3.7,70.49,77.63,87.39,8.06,6.99,8.4,Placed
18857,19,80.48,5.01,76.1,69.59,100.0,9.15,7.41,5.25,Placed
18858,19,63.01,4.39,48.22,90.1,100.0,10.0,5.48,5.89,Placed
18859,20,67.16,2.23,71.28,61.39,97.91,7.5,6.18,5.66,Placed
18860,18,90.75,4.77,78.76,70.84,100.0,6.99,7.78,4.66,Not Placed
18861,25,98.88,2.82,59.1,73.46,100.0,7.16,6.46,4.74,Not Placed
18862,20,70.54,6.93,78.86,23.08,84.68,8.83,6.53,4.39,Not Placed
18863,24,86.06,4.57,46.07,62.33,95.98,,5.53,0.5,Not Placed
18864,25,80.28,2.54,73.4,69.38,74.61,6.91,7.04,6.74,Placed
18865,24,76.55,4.42,92.13,30.3,89.08,8.64,5.51,6.76,Placed
18866,24,100.0,2.14,68.72,78.79,96.65,7.39,7.24,6.23,Placed
18867,18,72.56,4.26,57.33,69.37,86.27,6.32,5.61,4.68,Not Placed
18868,20,92.89,3.39,50.62,69.28,97.33,7.01,6.55,4.23,Placed
18869,23,82.58,2.31,77.86,79.54,100.0,9.24,8.69,2.23,Placed
18870,22,77.8,2.29,85.92,61.43,93.65,8.07,7.24,2.0,Placed
18871,18,94.46,8.18,71.16,68.69,100.0,6.59,6.38,3.31,Placed
18872,22,81.48,3.96,65.04,81.84,100.0,12.0,7.83,4.91,Placed
18873,24,76.84,3.02,43.04,68.89,90.09,8.06,5.93,5.25,Placed
18874,24,94.55,2.71,73.86,38.5,89.87,6.83,5.62,3.47,Placed
18875,21,92.99,4.65,61.66,68.82,93.1,6.3,6.36,1.89,Placed
18876,19,92.42,2.65,62.52,69.02,96.34,5.87,8.12,3.17,Placed
18877,20,35.0,1.83,96.25,82.41,71.88,5.23,8.05,4.26,Placed
18878,20,83.28,3.74,44.98,62.51,87.49,6.41,6.2,1.38,Placed
18879,20,80.55,3.73,46.98,52.35,81.02,6.99,6.46,4.87,Placed
18880,20,77.58,3.05,75.47,52.4,100.0,8.71,7.3,7.72,Placed
18881,21,85.32,2.2,66.22,91.08,96.96,8.19,9.71,2.89,Placed
18882,18,81.13,3.1,64.22,72.63,92.72,7.44,6.51,8.74,Placed
18883,20,86.13,2.95,76.09,90.26,100.0,4.95,8.46,3.09,Placed
18884,20,74.78,2.7,75.84,92.58,95.73,7.55,7.1,4.05,Placed
18885,19,95.98,4.3,57.4,56.1,85.47,5.23,7.82,5.47,Placed
18886,25,87.35,7.81,63.12,54.88,100.0,8.25,8.02,4.41,Placed
18887,23,84.51,6.2,72.74,65.96,100.0,8.28,7.01,1.11,Placed
18888,25,83.92,7.3,74.51,77.83,100.0,7.26,6.77,5.0,Placed
18889,22,91.89,2.78,79.25,45.57,78.98,8.18,6.55,4.66,Placed
18890,18,90.26,6.81,63.25,75.28,100.0,8.42,7.22,3.97,Placed
18891,25,76.65,4.21,77.21,74.47,85.15,7.33,8.23,4.64,Placed
18892,21,89.88,5.58,86.26,49.99,100.0,7.03,8.39,5.38,Placed
18893,23,80.09,4.62,72.7,50.55,86.06,5.61,8.25,2.73,Placed
18894,21,100.0,3.18,70.46,75.11,82.74,6.77,6.24,5.57,Placed
18895,21,,5.1,68.47,100.0,100.0,6.0,6.12,3.28,Placed
18896,21,70.49,4.67,62.74,63.28,74.83,5.99,5.81,7.57,Placed
18897,20,100.0,0.62,57.93,73.28,89.33,6.32,6.98,6.58,Not Placed
18898,22,52.78,3.58,67.53,58.32,85.31,4.85,7.92,2.51,Placed
18899,23,85.65,5.37,78.76,71.78,96.4,8.38,6.12,6.96,Not Placed
18900,18,69.65,4.3,58.66,57.99,92.14,7.46,6.58,5.31,Placed
18901,19,100.0,4.65,70.87,63.86,100.0,8.59,7.58,5.56,Placed
18902,24,81.03,2.45,69.13,100.0,100.0,8.16,6.41,4.14,Placed
18903,22,68.47,4.26,98.67,69.71,,7.8,6.57,3.81,Placed
18904,25,74.8,3.63,82.84,42.97,91.06,8.15,8.14,3.96,Not Placed
18905,22,69.43,3.43,82.6,78.29,100.0,7.38,6.83,2.59,Placed
18906,23,74.33,2.58,85.8,86.07,100.0,8.77,5.94,0.76,Placed
18907,25,74.06,5.45,63.81,78.81,95.89,6.59,6.92,3.22,Placed
18908,23,68.99,4.42,92.65,65.17,100.0,7.18,7.32,3.21,Placed
18909,20,81.24,4.24,74.39,53.32,92.92,6.86,9.81,2.32,Not Placed
18910,22,82.69,7.49,71.33,53.72,100.0,9.62,8.62,5.66,Placed
18911,19,66.04,4.65,53.78,64.96,94.6,6.44,10.0,4.99,Not Placed
18912,20,58.1,5.96,65.98,62.13,98.56,8.75,5.52,3.32,Not Placed
18913,23,81.73,4.29,45.51,59.07,87.03,5.56,8.47,3.88,Placed
18914,19,84.38,3.16,68.28,87.45,95.48,7.32,8.66,4.95,Placed
18915,23,86.76,1.89,63.36,82.74,86.4,6.98,6.84,3.05,Placed
18916,22,84.61,4.23,66.02,88.27,96.19,5.97,6.33,0.5,Not Placed
18917,20,96.87,0.2,51.21,55.39,76.16,6.4,7.68,6.89,Placed
18918,18,89.96,4.29,82.55,53.27,100.0,7.8,6.41,4.27,Placed
18919,23,100.0,4.37,80.89,69.24,97.18,6.8,5.43,5.04,Placed
18920,24,100.0,3.41,97.35,74.64,100.0,6.04,5.1,4.84,Placed
18921,23,56.9,3.63,96.92,69.14,92.39,8.28,5.0,1.61,Placed
18922,21,51.63,1.55,74.34,73.55,91.27,7.17,7.08,3.13,Placed
18923,23,77.91,6.29,87.35,93.36,100.0,7.6,7.61,4.47,Not Placed
18924,21,84.05,3.19,75.92,64.51,95.73,8.51,5.63,4.1,Not Placed
18925,20,77.09,2.05,65.59,80.91,100.0,9.05,7.38,2.23,Placed
18926,20,86.44,4.78,67.83,76.29,85.4,4.46,7.37,5.19,Placed
18927,19,74.76,4.0,81.58,69.53,87.52,7.07,7.22,5.64,Placed
18928,25,69.67,3.15,100.0,80.18,96.06,5.19,7.62,3.74,Placed
18929,23,71.49,2.96,89.5,55.71,100.0,10.0,7.06,6.5,Placed
18930,19,75.6,3.79,75.7,52.49,82.26,7.38,8.4,5.57,Not Placed
18931,24,88.12,6.22,79.26,74.93,100.0,8.37,7.55,5.27,Placed
18932,19,72.16,4.65,79.12,41.79,87.0,6.45,5.29,3.5,Not Placed
18933,22,74.53,3.74,70.65,76.18,93.75,6.77,9.01,4.16,Placed
18934,19,84.84,5.33,83.35,49.95,97.11,8.52,5.65,6.17,Not Placed
18935,20,75.61,3.85,69.67,92.29,100.0,7.82,6.78,1.6,Placed
18936,23,91.4,4.52,56.83,61.66,100.0,9.21,9.86,1.73,Placed
18937,25,66.97,4.07,79.22,91.25,100.0,6.2,7.39,3.68,Placed
18938,25,64.36,4.86,81.23,64.63,96.86,6.94,5.81,4.46,Not Placed
18939,25,81.66,3.0,69.81,63.94,100.0,7.82,7.2,4.3,Not Placed
18940,19,82.85,1.75,76.65,81.85,99.96,8.0,7.43,5.54,Not Placed
18941,18,67.62,5.43,86.41,72.69,98.03,7.7,7.04,4.98,Not Placed
18942,25,94.12,6.51,71.22,66.93,100.0,5.61,6.19,4.54,Placed
18943,25,100.0,1.83,65.29,61.53,73.95,6.07,5.26,3.9,Not Placed
18944,20,70.47,4.12,61.36,61.69,82.9,7.61,5.4,6.13,Placed
18945,18,95.85,2.99,68.19,100.0,99.36,5.35,5.86,6.9,Placed
18946,23,49.41,5.39,95.02,41.2,86.78,6.14,8.35,3.91,Not Placed
18947,18,90.91,4.24,69.02,48.76,83.8,7.24,5.34,5.28,Placed
18948,18,67.71,9.79,77.39,86.83,100.0,6.27,6.99,3.98,Placed
18949,25,89.71,3.26,67.13,85.63,95.03,7.48,8.48,2.08,Placed
18950,21,66.46,6.57,65.85,53.24,99.91,7.09,7.58,1.17,Placed
18951,18,77.18,6.74,58.81,39.96,85.4,6.25,8.51,6.85,Placed
18952,23,68.28,4.76,73.5,88.36,93.25,6.28,6.1,6.1,Placed
18953,20,75.43,3.87,64.24,51.25,96.56,8.73,7.55,5.3,Placed
18954,22,99.96,3.97,91.1,60.14,100.0,7.66,8.18,6.5,Placed
18955,25,76.7,3.82,70.39,69.54,89.24,7.5,7.93,2.9,Not Placed
18956,19,100.0,5.84,71.33,50.84,91.44,7.27,7.87,6.28,Placed
18957,23,73.37,2.23,69.3,82.79,84.65,6.11,5.37,5.2,Placed
18958,24,95.9,3.51,77.57,68.33,100.0,6.52,7.6,3.64,Placed
18959,21,58.49,3.29,94.36,53.89,76.6,4.32,7.39,0.5,Not Placed
18960,25,74.56,0.69,56.4,55.3,72.43,6.44,6.62,1.64,Placed
18961,21,71.57,5.35,76.17,88.75,98.19,6.46,6.07,7.94,Placed
18962,21,96.45,5.71,48.47,63.54,98.72,7.86,7.34,7.87,Placed
18963,25,80.22,2.66,90.35,77.83,94.84,6.48,5.62,1.66,Placed
18964,23,52.94,5.65,70.38,67.84,100.0,8.14,6.28,0.51,Placed
18965,24,62.28,0.95,49.58,39.93,61.44,6.89,7.93,7.11,Not Placed
18966,24,65.85,3.84,52.86,79.95,100.0,7.38,8.05,4.34,Not Placed
18967,23,89.21,3.57,84.21,85.18,100.0,7.16,7.38,3.06,Placed
18968,19,87.66,3.96,47.03,97.48,100.0,8.04,6.25,2.03,Placed
18969,21,74.4,3.95,76.17,37.59,76.79,8.65,5.47,2.02,Placed
18970,24,71.42,3.66,65.57,17.46,56.83,6.02,5.86,7.11,Not Placed
18971,22,86.6,3.1,69.08,78.23,100.0,9.31,8.34,5.0,Not Placed
18972,20,64.45,3.6,61.89,58.41,91.84,6.17,7.03,0.92,Not Placed
18973,20,83.49,6.25,57.71,45.12,94.72,6.98,6.68,3.1,Not Placed
18974,24,82.47,2.76,64.69,69.72,85.0,6.57,7.0,7.67,Not Placed
18975,19,74.7,7.86,80.58,60.81,100.0,9.01,7.62,5.1,Placed
18976,18,82.77,2.66,67.61,47.58,80.25,5.93,5.57,1.71,Placed
18977,24,79.23,4.23,78.32,66.68,100.0,8.06,6.22,3.2,Not Placed
18978,20,83.97,4.83,68.37,77.06,86.79,4.55,7.58,4.28,Placed
18979,24,61.99,3.27,81.17,70.8,100.0,8.18,7.09,6.4,Placed
18980,22,85.37,6.29,78.22,70.92,100.0,6.97,8.13,4.3,Placed
18981,25,90.32,4.78,63.89,75.09,94.6,6.75,7.7,7.25,Placed
18982,22,81.85,3.43,57.69,40.94,71.38,6.37,5.87,5.03,Placed
18983,24,85.21,6.27,86.33,67.18,100.0,7.12,3.0,0.5,Placed
18984,24,76.68,1.97,59.8,71.84,92.91,6.77,7.05,5.57,Not Placed
18985,19,88.7,2.78,79.51,61.95,83.11,5.41,5.55,4.14,Placed
18986,25,78.78,4.81,72.47,54.73,94.96,6.26,7.41,3.49,Not Placed
18987,23,64.22,5.24,65.05,56.06,97.03,8.16,8.71,5.29,Placed
18988,18,87.84,4.38,78.44,63.31,98.63,6.72,5.56,4.0,Not Placed
18989,18,58.39,3.57,92.52,82.63,100.0,6.25,7.58,4.9,Not Placed
18990,20,81.39,3.35,81.38,92.44,96.15,7.26,7.84,3.45,Not Placed
18991,18,73.39,5.84,73.94,89.18,100.0,7.79,7.21,3.37,Placed
18992,20,72.62,4.23,96.32,43.03,89.86,7.98,7.19,6.71,Placed
18993,25,80.06,2.23,46.89,52.97,75.64,7.61,4.31,4.73,Placed
18994,21,69.49,2.13,55.32,78.52,93.4,8.65,6.88,5.32,Placed
18995,18,84.15,6.52,65.03,88.81,100.0,7.26,6.79,3.34,Not Placed
18996,21,78.68,2.51,93.29,52.53,87.26,6.92,8.06,6.63,Placed
18997,19,70.59,4.29,86.14,70.93,100.0,8.25,7.95,4.91,Placed
18998,24,94.06,6.23,46.26,49.89,92.05,6.35,6.19,3.82,Not Placed
18999,18,80.46,4.78,65.45,72.42,85.08,6.71,4.52,7.03,Placed
19000,24,85.57,2.44,52.14,57.7,60.15,5.29,4.88,3.82,Not Placed
19001,21,95.0,1.97,71.39,70.93,96.52,9.38,8.49,4.86,Not Placed
19002,18,94.8,7.17,85.53,48.61,100.0,9.7,6.71,2.09,Placed
19003,23,84.96,1.93,86.63,41.86,65.13,6.99,5.06,3.25,Placed
19004,21,74.37,2.8,76.02,100.0,100.0,8.12,5.21,6.05,Placed
19005,24,60.84,4.47,65.62,69.11,91.22,8.04,7.08,4.4,Placed
19006,22,80.48,3.41,70.57,100.0,100.0,7.43,6.95,4.68,Placed
19007,24,91.14,4.83,82.25,92.14,100.0,8.66,8.79,4.32,Not Placed
19008,21,82.25,1.16,100.0,41.83,61.34,5.68,6.7,4.4,Placed
19009,18,36.66,3.42,54.22,73.79,76.99,6.98,7.26,3.42,Placed
19010,19,88.44,5.02,95.83,47.29,88.27,4.7,6.75,3.56,Placed
19011,21,89.18,5.03,75.66,63.26,98.62,5.99,7.78,3.91,Placed
19012,21,74.39,2.77,84.3,37.84,69.3,5.25,8.91,3.92,Placed
19013,24,89.86,1.96,74.78,42.81,78.6,4.99,7.93,5.42,Not Placed
19014,21,85.54,4.18,93.06,54.32,96.81,6.61,9.17,5.36,Not Placed
19015,24,69.77,1.44,76.95,59.27,79.71,7.64,7.45,7.14,Not Placed
19016,19,93.26,6.11,62.27,68.62,96.25,6.4,4.9,5.89,Placed
19017,21,62.79,4.08,78.75,51.42,86.56,6.55,5.81,2.73,Not Placed
19018,24,77.31,2.55,88.9,70.39,96.36,6.32,7.79,3.16,Placed
19019,18,76.12,1.9,72.0,86.17,93.06,7.37,6.51,6.36,Placed
19020,20,68.09,2.66,40.89,72.38,80.19,6.47,6.8,5.82,Placed
19021,24,81.65,0.99,70.28,66.92,91.63,5.99,5.83,6.58,Placed
19022,22,93.72,4.69,73.47,73.47,94.39,8.32,8.53,4.49,Placed
19023,24,92.97,2.35,71.33,45.04,75.21,6.15,8.64,3.98,Placed
19024,22,86.68,4.52,64.57,83.23,100.0,5.67,6.53,5.18,Placed
19025,24,57.65,4.77,91.85,48.84,86.41,8.09,6.54,1.75,Placed
19026,25,61.97,5.54,36.41,92.83,95.99,5.18,8.33,4.1,Placed
19027,25,79.99,4.25,73.41,80.33,100.0,8.68,8.06,8.42,Placed
19028,18,77.59,5.83,73.62,76.9,86.71,5.97,4.84,3.84,Placed
19029,22,72.02,6.29,100.0,77.6,100.0,7.3,7.62,4.47,Placed
19030,18,,4.26,71.78,67.97,100.0,6.01,7.39,4.09,Placed
19031,19,79.27,4.37,78.68,55.42,91.73,7.22,7.02,7.51,Not Placed
19032,20,84.51,2.8,73.88,52.93,85.69,6.57,5.75,2.13,Not Placed
19033,23,89.85,2.02,73.42,96.02,100.0,6.02,5.77,5.85,Placed
19034,21,78.66,6.11,98.44,69.65,83.2,5.28,3.08,3.7,Placed
19035,24,100.0,4.89,55.33,50.16,95.5,6.55,6.01,3.2,Placed
19036,20,66.72,5.04,61.99,76.27,87.6,7.77,4.44,1.15,Placed
19037,22,70.73,2.74,83.31,73.49,96.73,8.01,6.15,7.93,Placed
19038,24,66.69,6.72,75.85,62.73,94.67,6.34,7.28,5.95,Placed
19039,25,96.75,3.39,67.75,53.63,88.21,6.34,5.4,1.85,Placed
19040,19,87.63,2.36,70.94,79.77,100.0,6.99,8.4,1.98,Not Placed
19041,23,71.47,2.77,85.71,83.14,89.27,7.2,9.15,3.21,Placed
19042,18,67.63,6.63,79.28,73.16,100.0,7.2,7.08,5.5,Placed
19043,22,94.62,1.8,61.31,69.14,87.81,6.68,7.53,4.24,Placed
19044,21,82.34,2.45,75.57,55.48,85.9,6.76,4.86,2.67,Not Placed
19045,25,94.93,9.02,71.25,75.68,100.0,6.86,7.02,4.34,Placed
19046,24,77.28,5.49,79.06,57.84,87.31,4.3,5.11,7.04,Placed
19047,25,84.14,2.48,67.18,47.64,83.38,6.71,4.73,5.69,Not Placed
19048,24,81.6,1.85,53.88,86.01,88.83,8.14,5.28,0.89,Not Placed
19049,21,70.51,0.79,82.09,51.52,93.15,8.87,6.61,2.4,Placed
19050,23,76.27,3.97,80.23,37.65,98.25,8.61,6.75,4.24,Not Placed
19051,18,63.79,5.11,93.23,88.94,100.0,7.31,6.71,4.77,Placed
19052,22,83.93,6.53,52.26,40.09,86.37,5.77,5.4,7.12,Not Placed
19053,18,87.13,0.39,70.94,61.76,81.66,6.54,6.93,4.48,Placed
19054,23,89.88,1.41,68.54,50.47,69.77,6.29,5.97,5.58,Placed
19055,25,86.0,3.58,66.06,56.42,84.11,5.51,6.95,0.5,Placed
19056,23,76.46,8.82,48.88,100.0,100.0,6.07,6.52,3.7,Placed
19057,24,96.62,5.39,56.01,66.37,91.65,6.33,4.64,5.9,Placed
19058,19,88.71,4.47,76.06,73.76,86.9,5.53,5.98,8.28,Placed
19059,25,94.66,1.6,64.5,80.65,100.0,8.32,7.45,1.82,Placed
19060,22,95.42,0.2,59.6,57.65,88.7,7.93,7.81,4.16,Placed
19061,23,76.49,3.87,93.46,85.2,100.0,7.14,5.32,0.98,Placed
19062,24,82.65,3.62,100.0,74.02,100.0,7.66,5.88,4.09,Placed
19063,23,87.29,3.32,71.15,80.06,99.55,7.57,6.26,6.58,Placed
19064,20,64.21,3.12,49.47,56.4,93.12,6.32,8.21,6.35,Placed
19065,22,64.48,2.45,77.95,75.1,100.0,9.36,7.36,4.4,Not Placed
19066,23,62.41,2.04,40.72,67.86,71.18,6.28,5.26,3.98,Placed
19067,24,76.7,6.3,51.75,86.08,83.44,5.2,7.39,9.7,Placed
19068,21,74.0,2.2,78.2,59.35,91.59,7.39,8.32,4.06,Placed
19069,22,60.77,3.3,51.24,100.0,100.0,7.88,7.06,3.4,Not Placed
19070,22,79.79,3.73,67.56,73.42,91.83,6.84,5.87,3.37,Placed
19071,18,76.85,5.07,49.75,66.0,95.39,8.69,7.82,1.56,Placed
19072,18,92.19,2.27,72.84,64.12,98.51,7.42,7.02,5.38,Placed
19073,18,100.0,5.56,88.85,67.89,100.0,6.22,6.5,5.8,Not Placed
19074,23,83.48,2.76,62.81,57.94,73.15,6.49,7.87,5.73,Placed
19075,21,69.64,3.51,71.71,78.67,95.12,7.38,6.8,6.05,Placed
19076,24,85.76,6.76,59.76,67.81,100.0,7.3,6.9,3.31,Placed
19077,23,78.11,2.06,60.81,99.1,87.69,8.66,7.83,4.17,Placed
19078,19,75.12,5.1,59.53,61.07,99.16,8.2,6.2,6.8,Placed
19079,18,,5.61,83.79,66.07,81.78,5.32,5.41,3.56,Placed
19080,20,72.43,4.36,50.8,61.05,87.31,7.0,7.19,3.37,Placed
19081,25,75.87,3.59,67.02,97.9,91.49,5.71,8.67,6.49,Placed
19082,18,87.65,7.63,78.15,44.87,100.0,8.95,4.07,2.9,Placed
19083,19,84.13,3.78,85.65,69.5,100.0,6.03,7.68,2.21,Placed
19084,18,99.91,4.17,78.61,73.01,95.23,7.44,6.84,2.4,Not Placed
19085,21,86.09,3.19,70.91,49.95,65.96,6.36,6.16,9.9,Placed
19086,25,83.09,4.07,63.47,100.0,80.25,4.83,6.02,6.51,Placed
19087,23,74.33,5.54,85.88,53.11,94.14,5.69,7.88,5.74,Not Placed
19088,21,65.55,3.3,58.99,68.54,72.68,6.9,7.62,2.62,Placed
19089,19,71.16,0.2,59.22,94.94,82.55,7.88,5.56,5.5,Placed
19090,20,69.6,4.72,92.29,62.0,100.0,7.84,7.17,7.89,Placed
19091,22,47.27,1.86,77.4,70.3,82.76,5.6,8.45,5.22,Not Placed
19092,20,65.9,5.14,77.93,62.48,87.43,7.58,7.64,2.29,Not Placed
19093,23,97.23,3.8,80.98,67.15,100.0,8.34,4.8,5.57,Placed
19094,25,82.42,5.5,70.58,85.3,100.0,7.82,7.58,4.18,Placed
19095,19,73.48,2.09,50.43,61.25,73.3,6.77,5.3,4.77,Not Placed
19096,20,82.78,2.84,75.77,25.53,78.81,7.26,7.06,2.57,Placed
19097,19,54.56,3.19,71.73,67.47,84.77,7.38,5.9,2.98,Placed
19098,23,81.39,1.13,59.11,69.01,91.62,8.88,7.28,3.55,Placed
19099,21,93.33,5.8,55.66,71.13,100.0,9.24,6.0,2.94,Placed
19100,20,76.55,0.87,71.3,65.07,80.57,7.97,5.54,4.38,Not Placed
19101,19,56.74,5.78,51.63,54.2,95.59,7.26,7.18,3.13,Not Placed
19102,18,73.03,4.56,69.85,64.08,91.0,7.16,6.94,7.77,Not Placed
19103,21,93.35,3.44,68.04,96.24,96.02,7.29,7.79,5.48,Placed
19104,23,81.1,4.42,70.21,67.33,95.46,7.45,6.16,6.02,Placed
19105,19,60.98,4.37,78.04,78.45,81.4,6.58,4.98,4.22,Placed
19106,18,100.0,3.08,81.33,51.46,100.0,9.56,7.61,0.5,Not Placed
19107,21,62.95,4.34,61.33,63.34,89.82,6.25,8.54,6.18,Not Placed
19108,23,75.08,5.12,85.05,51.99,100.0,8.75,6.11,4.28,Placed
19109,20,65.55,2.1,68.71,88.7,83.78,4.56,7.38,5.33,Not Placed
19110,20,65.57,4.42,98.3,43.11,82.24,6.87,6.43,4.36,Placed
19111,19,72.57,0.2,63.22,73.96,82.22,6.79,9.12,0.5,Placed
19112,23,85.63,0.33,47.83,73.45,90.61,7.47,6.17,3.64,Placed
19113,24,93.49,4.82,84.5,72.42,100.0,6.76,6.74,2.85,Not Placed
19114,24,73.37,3.05,78.38,30.48,84.19,8.86,4.37,4.92,Not Placed
19115,22,65.88,2.26,90.02,35.63,86.42,6.91,8.69,5.42,Placed
19116,23,83.74,3.7,76.64,69.87,97.51,5.96,6.16,8.81,Placed
19117,21,84.1,3.09,100.0,53.23,90.3,6.04,8.36,5.43,Placed
19118,18,80.88,2.02,69.17,57.71,80.52,6.63,6.0,3.38,Not Placed
19119,20,81.31,0.85,87.69,61.21,100.0,8.07,6.71,3.65,Placed
19120,23,76.65,0.26,64.12,51.15,92.77,8.29,5.86,5.53,Placed
19121,23,79.18,5.13,79.38,48.4,85.8,5.76,5.68,6.19,Placed
19122,25,75.82,3.04,82.17,68.0,90.98,6.24,6.45,2.01,Placed
19123,25,90.84,5.55,84.49,37.5,97.0,5.92,6.63,4.01,Placed
19124,19,100.0,3.02,83.64,59.91,97.34,6.86,6.36,4.19,Not Placed
19125,18,80.16,4.44,23.45,57.32,88.66,8.35,4.97,1.27,Placed
19126,20,77.92,3.57,70.97,67.62,98.04,7.41,7.14,5.94,Placed
19127,25,81.07,3.88,63.37,100.0,96.82,7.86,4.45,4.95,Not Placed
19128,24,70.1,3.97,66.33,52.29,98.4,8.1,6.39,4.11,Placed
19129,18,87.18,3.0,67.75,74.5,93.36,6.5,4.9,4.99,Placed
19130,19,83.29,1.59,86.66,71.53,89.42,5.66,7.88,5.81,Placed
19131,22,72.95,5.18,75.04,76.96,95.15,6.5,8.28,8.37,Placed
19132,23,88.82,6.67,64.39,64.59,100.0,8.19,7.51,5.81,Placed
19133,25,78.23,6.79,49.98,91.06,96.54,7.92,6.23,2.21,Placed
19134,24,66.36,2.8,95.0,78.96,78.61,7.29,5.91,10.14,Not Placed
19135,19,82.22,2.48,62.29,79.22,86.16,8.34,6.5,2.26,Not Placed
19136,18,80.84,2.8,70.04,45.37,93.2,7.37,6.73,5.28,Not Placed
19137,23,89.53,3.48,100.0,69.54,96.02,6.8,7.38,4.09,Placed
19138,22,87.98,3.71,62.7,59.84,76.13,5.32,7.28,4.26,Not Placed
19139,25,76.69,2.0,67.86,54.21,85.39,8.73,4.35,5.26,Placed
19140,22,72.33,1.14,75.48,57.98,75.68,7.08,7.59,5.41,Not Placed
19141,22,78.02,3.89,47.91,67.11,82.44,6.66,7.26,7.26,Placed
19142,20,82.36,0.2,46.17,75.31,84.08,7.08,5.86,3.18,Placed
19143,18,83.81,3.62,64.78,83.71,100.0,9.0,5.64,5.3,Placed
19144,25,81.62,2.1,65.29,82.96,93.85,8.39,6.87,5.72,Placed
19145,24,76.91,5.2,74.01,72.68,94.13,6.77,7.02,9.21,Not Placed
19146,19,89.96,5.69,57.33,68.89,89.24,7.76,5.48,5.5,Placed
19147,23,69.91,5.73,78.51,62.81,100.0,8.67,6.87,2.2,Not Placed
19148,20,100.0,3.18,39.65,64.04,98.47,7.62,7.02,7.25,Not Placed
19149,21,87.16,1.76,70.95,55.52,85.75,7.34,7.83,3.61,Not Placed
19150,24,64.47,2.33,77.4,61.14,77.73,4.69,6.67,2.78,Placed
19151,24,80.22,4.32,76.93,73.66,93.45,8.69,4.37,7.15,Placed
19152,19,87.27,0.84,69.56,92.65,83.34,5.97,7.1,4.77,Placed
19153,20,73.81,6.31,62.09,65.6,93.62,4.96,4.77,4.1,Not Placed
19154,24,60.06,3.2,69.12,55.08,72.78,5.03,5.78,7.87,Placed
19155,25,65.53,4.7,90.51,83.51,100.0,6.17,5.18,3.47,Placed
19156,18,84.51,0.59,63.01,35.96,80.46,7.78,7.39,3.46,Not Placed
19157,24,56.94,2.13,86.67,84.69,94.31,8.59,5.5,5.49,Placed
19158,21,60.61,0.37,89.06,45.07,91.79,7.61,8.0,0.5,Placed
19159,22,,5.64,45.96,78.51,92.25,9.28,5.41,4.82,Placed
19160,18,75.33,3.51,70.08,60.38,79.26,6.72,4.38,4.66,Not Placed
19161,23,69.65,4.83,57.33,73.13,90.81,6.92,6.38,2.79,Placed
19162,23,72.06,3.91,49.47,100.0,86.88,4.96,5.21,4.47,Placed
19163,23,60.35,4.64,83.88,54.6,88.05,6.51,8.38,5.02,Not Placed
19164,24,83.81,3.19,79.1,51.99,80.83,4.75,5.98,4.41,Not Placed
19165,25,68.32,3.43,75.95,69.25,95.41,5.59,8.19,6.13,Placed
19166,24,71.57,3.63,55.72,92.41,89.69,7.96,6.43,5.04,Placed
19167,23,82.16,4.53,75.16,70.87,100.0,5.18,7.23,4.16,Placed
19168,25,74.92,4.58,52.34,68.71,80.75,5.29,6.16,5.9,Placed
19169,23,69.54,8.86,73.16,70.71,100.0,5.09,9.65,5.04,Placed
19170,23,54.13,6.83,62.08,51.93,89.06,8.13,5.42,10.5,Placed
19171,22,82.41,0.6,87.76,70.87,92.82,9.17,3.14,6.55,Placed
19172,24,78.95,3.54,66.55,61.71,99.65,7.11,7.11,3.44,Placed
19173,18,71.79,3.07,75.47,89.16,94.75,8.33,5.57,1.06,Not Placed
19174,22,65.55,6.1,75.5,80.77,93.26,5.8,7.05,3.14,Placed
19175,21,78.15,3.23,70.86,46.82,99.36,8.68,6.72,0.5,Placed
19176,25,83.77,4.64,73.58,63.47,85.64,6.34,6.16,5.83,Placed
19177,18,79.17,0.2,76.56,76.45,76.51,8.0,6.31,3.92,Not Placed
19178,23,97.66,1.08,58.55,52.3,88.68,7.17,7.29,2.96,Placed
19179,19,86.46,7.57,78.04,50.73,87.08,4.9,6.37,5.7,Placed
19180,25,76.71,3.89,84.96,60.61,96.62,6.14,6.62,3.76,Placed
19181,24,86.86,2.0,77.96,73.51,89.25,7.41,6.2,5.29,Placed
19182,19,78.58,4.24,66.69,84.59,100.0,4.98,8.75,3.97,Placed
19183,24,78.54,1.9,74.62,71.71,94.75,7.56,8.37,4.65,Placed
19184,21,93.56,3.29,66.54,100.0,87.38,5.5,5.03,7.08,Not Placed
19185,25,67.22,1.19,70.22,57.17,72.97,7.85,6.8,6.33,Placed
19186,23,78.28,2.38,54.18,79.85,77.73,5.57,5.82,7.37,Not Placed
19187,18,92.28,3.05,92.7,50.25,93.75,7.73,5.31,5.19,Placed
19188,19,81.71,5.82,100.0,93.78,100.0,8.18,3.0,0.88,Placed
19189,21,73.57,4.64,61.44,89.75,90.17,7.0,6.41,3.13,Not Placed
19190,19,57.53,4.95,83.79,79.38,98.94,7.1,6.5,1.27,Placed
19191,19,50.76,3.75,93.87,40.22,100.0,8.98,8.43,6.34,Placed
19192,25,100.0,5.28,57.64,79.24,100.0,6.26,8.06,4.53,Placed
19193,24,81.7,2.23,39.62,54.89,71.28,6.56,7.39,7.02,Not Placed
19194,21,70.99,2.48,94.75,75.26,98.53,7.97,7.69,6.58,Placed
19195,19,82.19,4.53,71.85,44.73,98.15,7.71,7.82,4.25,Placed
19196,19,66.63,3.3,64.21,72.32,79.93,6.91,7.39,7.99,Placed
19197,25,74.03,3.78,72.71,62.34,84.31,5.74,8.46,6.42,Placed
19198,20,66.71,3.5,66.46,55.55,87.75,8.37,5.28,4.66,Placed
19199,18,61.04,6.06,100.0,77.48,95.28,5.71,6.22,5.37,Placed
19200,21,52.74,6.15,64.04,67.18,93.11,9.93,6.05,7.33,Placed
19201,21,58.83,2.67,76.91,64.72,84.03,5.77,6.14,5.4,Not Placed
19202,22,90.26,0.63,91.38,79.8,74.73,5.87,6.62,3.17,Placed
19203,20,66.16,2.52,91.31,98.46,100.0,7.61,8.76,2.15,Placed
19204,25,84.42,2.19,88.44,72.41,94.03,7.86,7.87,3.97,Placed
19205,23,89.48,5.3,65.61,39.1,85.48,6.03,8.27,3.14,Not Placed
19206,25,78.2,5.46,69.72,43.07,100.0,9.23,6.71,4.91,Placed
19207,20,74.42,1.94,39.38,69.1,81.37,7.6,6.65,3.47,Not Placed
19208,23,79.6,2.44,70.88,84.42,100.0,6.9,7.49,3.73,Not Placed
19209,20,73.0,1.14,72.49,70.16,86.98,7.66,7.32,6.93,Not Placed
19210,23,92.45,4.04,83.13,76.19,100.0,8.65,7.32,7.81,Not Placed
19211,23,100.0,3.72,98.93,67.06,100.0,9.13,9.58,2.95,Placed
19212,20,95.4,5.22,82.67,83.39,100.0,7.43,7.5,3.78,Placed
19213,25,52.18,4.69,88.06,77.87,86.1,5.67,5.86,4.04,Placed
19214,24,72.76,4.9,71.74,51.69,80.75,5.69,5.96,5.13,Placed
19215,25,78.05,1.02,91.26,75.16,81.57,5.5,7.81,5.19,Placed
19216,19,83.56,2.67,72.17,43.32,76.16,6.43,7.72,3.48,Placed
19217,23,57.27,5.51,89.11,75.17,100.0,7.25,7.97,5.52,Placed
19218,18,57.08,2.83,84.07,63.48,96.45,7.46,7.43,3.58,Placed
19219,18,93.68,0.87,77.89,70.57,92.19,8.55,5.55,3.75,Placed
19220,25,71.29,5.25,48.89,73.18,81.77,4.71,8.64,2.68,Not Placed
19221,19,60.15,2.76,88.4,72.51,100.0,7.19,8.41,6.57,Placed
19222,24,64.76,5.71,77.67,90.68,100.0,7.75,6.34,6.32,Not Placed
19223,21,82.69,3.77,82.54,68.55,89.19,4.0,7.24,5.19,Not Placed
19224,20,68.13,3.3,76.7,71.02,93.53,7.74,7.02,5.83,Placed
19225,18,80.9,6.25,79.29,89.28,100.0,10.0,6.35,6.72,Placed
19226,23,66.26,1.46,91.51,98.35,97.29,8.13,5.41,6.0,Placed
19227,23,57.07,6.38,64.89,67.72,96.66,7.57,7.49,5.96,Placed
19228,21,95.09,2.65,79.01,59.81,89.7,6.87,5.01,3.64,Placed
19229,24,82.78,4.09,60.34,60.6,92.11,7.48,6.09,1.49,Placed
19230,20,73.99,4.11,80.65,75.21,100.0,9.04,8.85,2.92,Placed
19231,22,71.74,3.03,75.77,64.75,80.12,6.78,7.3,8.89,Placed
19232,20,95.58,2.43,62.54,40.01,93.6,8.63,7.26,4.03,Not Placed
19233,22,85.1,3.13,73.4,85.97,100.0,7.76,6.45,7.7,Placed
19234,19,91.76,1.97,63.47,81.05,91.17,9.15,4.93,5.58,Placed
19235,21,71.0,7.33,66.33,86.35,100.0,8.51,7.3,4.44,Placed
19236,22,78.61,2.93,77.32,89.51,100.0,7.43,7.4,2.7,Placed
19237,22,82.83,5.89,76.03,71.05,97.63,7.35,7.75,3.09,Placed
19238,21,71.4,5.65,43.19,72.17,97.04,6.82,6.33,4.24,Not Placed
19239,23,76.85,4.45,77.56,84.11,100.0,8.37,6.31,4.23,Placed
19240,22,71.0,3.56,67.45,48.56,77.61,6.49,7.48,5.59,Not Placed
19241,20,82.79,4.15,65.79,62.36,100.0,7.34,5.29,3.14,Placed
19242,19,62.14,4.83,55.09,67.05,88.95,6.97,7.78,3.22,Not Placed
19243,23,84.86,3.98,71.32,82.75,99.82,5.59,6.61,6.24,Placed
19244,25,81.73,0.98,64.15,59.38,84.33,7.46,7.15,8.3,Not Placed
19245,24,75.56,0.53,91.1,56.61,80.65,5.37,9.57,4.67,Not Placed
19246,23,83.39,6.52,45.76,61.1,97.05,6.66,6.47,5.39,Placed
19247,25,73.62,0.2,57.54,75.51,90.48,8.0,6.97,4.21,Placed
19248,25,69.96,4.15,56.53,66.91,89.58,7.4,6.84,4.37,Placed
19249,22,84.52,3.38,75.88,44.79,83.76,7.38,4.43,4.08,Not Placed
19250,18,85.04,4.09,89.6,47.94,97.27,6.16,7.53,3.8,Placed
19251,23,71.91,1.75,79.55,70.19,100.0,8.46,3.99,5.61,Placed
19252,22,70.88,4.43,55.58,70.72,76.25,6.14,7.71,5.73,Placed
19253,20,75.8,4.17,65.56,68.44,88.29,8.05,5.97,4.01,Placed
19254,24,71.38,8.77,59.86,60.47,100.0,8.76,5.91,3.35,Placed
19255,24,96.3,4.03,79.62,80.6,94.3,5.36,6.75,3.55,Placed
19256,20,81.8,6.23,65.26,73.9,90.42,6.71,5.21,5.8,Not Placed
19257,21,78.18,1.1,50.81,73.36,86.02,6.6,6.67,2.9,Not Placed
19258,19,66.81,5.64,80.77,73.93,91.71,7.53,5.48,2.47,Placed
19259,19,86.87,4.21,90.95,93.56,97.91,6.07,5.25,5.06,Placed
19260,20,70.66,4.29,69.32,51.61,79.39,5.8,6.54,4.37,Placed
19261,20,70.17,4.31,73.81,61.26,100.0,7.14,8.27,4.22,Placed
19262,20,87.27,6.87,49.41,62.62,95.51,6.53,7.67,6.17,Placed
19263,19,82.65,4.26,41.11,88.12,84.79,7.02,6.15,4.4,Placed
19264,21,47.96,2.39,44.26,62.02,83.51,8.27,6.6,3.19,Placed
19265,22,76.11,2.69,71.33,55.32,71.11,5.26,6.15,4.84,Placed
19266,20,79.51,5.27,67.38,66.31,87.55,7.06,5.37,3.2,Placed
19267,22,73.92,4.61,80.19,69.67,99.51,6.49,5.54,6.27,Not Placed
19268,20,79.92,1.05,69.04,87.14,88.13,7.23,7.12,4.54,Not Placed
19269,23,56.28,4.73,86.82,61.93,94.71,6.5,5.92,2.44,Placed
19270,23,44.03,1.85,85.08,57.0,71.36,5.78,6.73,4.81,Not Placed
19271,25,66.29,4.59,67.16,53.44,92.2,7.67,5.58,2.91,Not Placed
19272,18,81.39,2.35,56.95,62.49,100.0,10.0,7.75,6.55,Placed
19273,24,39.3,3.29,43.26,100.0,89.67,7.08,7.57,4.3,Not Placed
19274,20,67.88,2.82,93.5,74.12,90.07,6.33,8.67,5.76,Not Placed
19275,18,54.93,6.53,57.86,77.57,87.47,6.32,8.43,3.26,Not Placed
19276,23,75.09,4.52,49.55,68.0,100.0,8.32,5.69,4.11,Placed
19277,19,100.0,6.07,73.95,70.2,100.0,6.15,5.77,5.33,Placed
19278,19,75.39,9.01,49.69,80.58,100.0,8.76,7.22,4.19,Placed
19279,25,76.71,3.88,73.93,77.0,88.44,5.24,5.74,2.72,Placed
19280,19,88.07,6.5,66.96,73.59,100.0,7.43,7.08,5.94,Placed
19281,22,78.26,2.54,85.86,68.26,92.08,8.0,6.38,5.07,Placed
19282,19,75.42,6.06,84.55,62.36,100.0,8.11,7.9,2.35,Placed
19283,18,89.12,2.35,88.55,74.79,100.0,8.03,7.93,3.77,Placed
19284,18,83.66,3.77,75.09,69.34,98.54,7.52,6.43,2.86,Not Placed
19285,18,81.46,4.77,59.12,100.0,100.0,8.58,4.6,3.53,Placed
19286,21,76.33,5.05,56.45,84.81,92.35,6.01,8.01,3.6,Not Placed
19287,21,73.85,1.51,64.04,57.21,73.92,6.43,6.07,4.03,Not Placed
19288,18,89.01,2.24,100.0,49.29,92.24,6.72,6.77,1.66,Placed
19289,20,73.96,4.9,68.26,61.63,100.0,8.98,6.64,3.67,Placed
19290,20,92.78,3.14,74.42,50.67,94.68,7.76,7.26,6.43,Not Placed
19291,22,65.43,1.28,94.78,60.67,87.29,8.02,6.05,7.95,Placed
19292,25,95.21,3.67,75.82,52.49,93.65,6.99,5.46,2.22,Placed
19293,23,83.66,3.59,60.77,62.77,82.14,8.18,6.98,6.66,Placed
19294,25,66.38,4.12,82.95,62.96,82.69,5.34,7.79,8.97,Placed
19295,19,84.11,4.75,65.57,70.35,88.94,6.71,6.65,4.11,Not Placed
19296,19,70.2,4.64,76.34,64.69,100.0,6.94,6.65,5.52,Placed
19297,24,78.4,2.42,79.68,53.56,75.51,6.63,5.38,6.53,Not Placed
19298,20,72.16,3.06,64.59,87.44,84.92,6.81,7.42,3.63,Placed
19299,24,76.41,5.47,74.8,74.45,90.75,7.86,7.5,6.4,Placed
19300,21,89.3,2.82,96.0,59.29,91.36,7.49,6.67,4.12,Placed
19301,19,84.22,3.09,62.6,53.82,69.52,8.63,5.63,6.42,Placed
19302,24,64.5,1.09,91.75,44.52,69.34,4.7,6.9,7.53,Placed
19303,22,65.18,3.75,63.14,43.35,89.42,8.99,7.0,7.02,Placed
19304,24,81.25,4.42,99.03,84.76,96.11,6.42,6.75,3.87,Not Placed
19305,21,82.12,0.24,59.17,83.06,95.44,8.78,5.5,5.7,Not Placed
19306,19,69.91,1.87,66.09,58.65,80.54,6.7,7.1,3.56,Not Placed
19307,23,97.1,1.24,94.62,89.86,100.0,7.64,7.0,2.22,Placed
19308,18,87.76,5.22,95.28,77.87,100.0,5.91,7.3,4.06,Placed
19309,23,70.49,0.36,84.28,71.25,85.91,5.74,6.64,6.14,Placed
19310,21,69.33,3.66,55.77,81.79,90.21,7.9,8.34,3.96,Placed
19311,24,75.27,5.09,73.24,77.9,74.96,4.0,6.8,7.41,Not Placed
19312,24,74.02,4.14,72.02,70.46,88.1,5.74,8.47,4.66,Not Placed
19313,21,93.07,3.01,59.16,64.16,100.0,8.12,7.07,2.36,Placed
19314,25,89.81,4.42,82.45,66.28,91.01,6.7,5.41,3.95,Not Placed
19315,18,78.42,5.67,60.35,42.27,94.72,6.14,7.8,3.22,Placed
19316,18,86.13,3.61,52.64,55.19,85.25,9.03,6.36,7.14,Placed
19317,25,87.88,0.2,47.69,96.8,94.65,9.45,6.27,5.51,Not Placed
19318,22,78.7,5.87,97.68,54.76,99.14,7.2,8.05,4.38,Placed
19319,21,82.83,4.52,64.34,38.39,93.11,8.73,5.3,5.99,Placed
19320,19,85.13,3.74,64.66,82.46,100.0,9.02,4.7,2.95,Placed
19321,20,83.85,0.24,56.54,71.98,77.46,7.18,6.54,2.23,Placed
19322,23,68.65,3.26,92.52,72.88,92.39,6.59,7.16,1.99,Placed
19323,24,69.87,2.22,51.3,65.48,79.73,7.31,7.84,0.84,Not Placed
19324,25,74.54,1.61,53.94,82.57,83.54,5.45,6.97,2.38,Placed
19325,21,69.52,3.55,67.17,92.47,88.72,7.88,4.1,5.63,Placed
19326,21,60.32,2.84,71.68,59.66,81.49,6.8,5.63,5.96,Not Placed
19327,19,86.11,2.95,81.88,78.13,100.0,7.27,5.29,2.76,Not Placed
19328,18,82.16,5.13,61.87,85.9,100.0,7.25,4.54,0.5,Placed
19329,21,61.93,4.26,95.17,58.76,95.06,6.18,6.6,3.69,Placed
19330,22,75.11,2.91,61.97,92.15,97.42,7.16,7.41,5.5,Placed
19331,18,75.79,2.68,56.87,85.84,77.93,5.57,7.97,6.17,Placed
19332,21,80.18,2.98,55.44,48.13,74.84,6.62,7.4,4.99,Placed
19333,23,65.02,3.35,60.39,93.52,84.05,5.86,6.13,2.49,Placed
19334,24,61.75,4.85,54.47,48.97,80.6,6.15,8.1,5.96,Placed
19335,25,84.24,1.92,83.26,57.0,84.46,4.49,6.55,5.29,Not Placed
19336,20,59.59,6.43,56.99,78.94,90.02,6.68,6.87,5.98,Placed
19337,21,75.21,4.85,70.01,84.66,100.0,7.78,6.01,2.72,Not Placed
19338,24,74.09,0.2,56.56,69.58,87.65,7.41,6.51,5.53,Not Placed
19339,23,76.52,3.95,54.38,57.92,81.23,8.5,6.29,6.24,Not Placed
19340,20,81.03,5.67,88.6,63.84,100.0,6.06,5.14,1.8,Placed
19341,23,97.18,4.5,96.04,61.94,100.0,6.63,7.56,3.27,Placed
19342,19,58.81,3.06,91.04,81.46,97.48,8.3,7.0,1.46,Not Placed
19343,21,88.52,3.69,49.93,61.51,88.98,7.1,7.75,2.88,Placed
19344,20,47.85,4.12,52.01,57.57,93.74,7.42,5.96,4.29,Not Placed
19345,25,94.72,5.19,100.0,44.36,100.0,9.74,7.65,1.6,Not Placed
19346,18,53.49,1.25,68.19,58.49,77.59,6.89,4.92,6.72,Not Placed
19347,24,100.0,2.71,51.38,66.11,100.0,6.62,7.45,6.75,Placed
19348,20,73.32,6.75,88.23,49.91,96.02,6.01,7.61,4.24,Not Placed
19349,18,93.48,3.86,73.01,40.08,87.56,6.85,5.55,3.19,Placed
19350,23,91.01,6.55,80.54,83.68,100.0,8.43,8.14,4.41,Not Placed
19351,23,72.76,9.17,38.43,51.99,92.72,7.89,8.67,7.42,Not Placed
19352,19,73.68,2.91,67.11,47.05,88.35,8.92,6.11,5.75,Placed
19353,18,67.95,1.64,86.23,93.11,100.0,7.63,8.54,0.9,Placed
19354,18,87.45,3.32,62.39,81.58,75.33,4.51,4.76,0.5,Not Placed
19355,21,72.92,5.78,90.53,84.41,100.0,7.95,6.64,2.69,Placed
19356,19,68.17,6.03,52.25,76.08,89.65,7.33,3.66,4.41,Not Placed
19357,23,84.45,7.89,70.31,88.98,100.0,7.2,7.92,1.1,Placed
19358,18,67.23,3.73,96.67,82.13,100.0,8.66,4.96,4.09,Placed
19359,24,74.05,4.68,54.74,62.49,88.6,6.87,4.46,1.15,Not Placed
19360,24,79.29,2.52,76.07,50.96,94.87,7.9,7.11,4.52,Placed
19361,23,70.29,0.2,80.78,47.47,77.65,5.91,8.04,4.94,Placed
19362,25,72.1,3.73,73.37,65.76,67.11,5.38,6.31,7.91,Placed
19363,25,96.42,1.72,68.25,50.4,84.38,6.48,6.96,4.24,Placed
19364,18,75.55,4.96,58.86,55.24,96.02,6.82,8.91,3.79,Not Placed
19365,20,73.68,0.41,74.95,65.56,81.24,7.86,5.66,7.17,Not Placed
19366,24,75.9,2.47,70.46,90.37,91.29,5.88,5.62,5.81,Not Placed
19367,20,83.45,4.28,50.46,43.83,99.37,9.01,8.1,4.59,Placed
19368,23,65.59,4.47,88.5,68.48,95.21,6.04,7.07,3.89,Not Placed
19369,24,83.13,3.71,58.35,47.98,84.47,7.09,8.51,7.9,Placed
19370,25,81.07,7.16,50.85,59.1,98.9,7.21,5.25,3.04,Placed
19371,20,56.54,6.63,63.06,82.88,85.3,7.56,4.65,1.55,Placed
19372,20,99.53,2.57,58.61,54.43,98.21,7.74,5.08,4.12,Placed
19373,18,95.53,6.7,68.13,63.79,100.0,9.91,7.65,3.87,Placed
19374,20,68.39,6.97,53.36,70.26,100.0,6.48,8.24,6.91,Placed
19375,20,64.53,3.58,78.72,79.22,98.61,7.58,8.08,4.81,Placed
19376,21,80.74,3.88,92.72,59.23,99.22,7.1,7.47,6.33,Placed
19377,21,60.89,3.71,73.59,88.17,100.0,8.38,8.3,0.5,Placed
19378,24,94.37,2.64,50.34,60.88,91.34,7.74,6.07,3.83,Not Placed
19379,24,72.38,2.82,58.3,75.75,94.57,7.46,4.42,7.45,Placed
19380,23,97.46,6.17,75.32,64.96,84.47,5.41,4.86,2.34,Placed
19381,18,68.11,4.59,42.5,79.85,90.86,6.66,5.06,3.94,Placed
19382,21,76.65,2.8,53.51,100.0,81.15,6.03,4.48,6.18,Not Placed
19383,23,93.21,2.13,47.29,63.56,74.29,6.66,5.17,3.49,Placed
19384,19,74.12,2.44,73.73,67.74,81.77,6.21,5.69,6.06,Placed
19385,21,81.27,3.51,100.0,61.09,87.82,6.58,7.53,3.29,Placed
19386,23,91.11,5.44,53.09,58.62,84.67,6.71,7.15,4.43,Placed
19387,24,71.33,2.25,84.24,56.81,74.72,6.73,8.61,5.84,Placed
19388,24,62.86,5.42,63.54,67.7,89.04,6.85,5.31,2.32,Placed
19389,21,60.5,4.15,52.2,55.57,85.03,6.09,7.25,2.87,Not Placed
19390,21,85.0,4.06,95.46,56.05,100.0,7.24,8.38,6.33,Placed
19391,21,82.67,5.65,100.0,17.35,100.0,6.12,6.19,2.92,Placed
19392,23,90.74,5.32,78.18,90.16,100.0,6.48,6.27,4.75,Placed
19393,21,74.71,1.27,77.44,94.3,99.78,7.14,8.46,6.45,Placed
19394,21,60.83,1.85,72.93,78.38,75.82,4.1,6.37,4.68,Placed
19395,19,49.77,3.39,69.78,54.02,96.44,10.0,8.52,5.05,Not Placed
19396,21,100.0,4.44,77.1,47.78,96.0,7.83,5.02,7.6,Placed
19397,19,84.32,6.26,82.14,42.97,100.0,7.58,8.74,9.1,Placed
19398,22,79.64,3.92,96.95,78.23,100.0,6.57,8.31,4.77,Not Placed
19399,25,81.34,6.87,64.16,88.24,100.0,7.31,5.65,3.65,Placed
19400,24,60.82,2.53,73.91,70.66,84.18,5.75,6.43,6.17,Placed
19401,21,68.46,2.83,70.67,81.73,89.97,7.79,5.31,2.95,Placed
19402,25,98.92,3.25,87.36,75.12,94.62,5.18,6.21,7.13,Placed
19403,25,85.9,2.33,100.0,55.67,86.46,5.68,4.92,3.41,Placed
19404,21,68.84,5.89,87.88,84.15,87.55,6.35,4.66,3.65,Placed
19405,24,63.28,0.2,83.97,83.13,92.8,9.01,5.3,2.45,Placed
19406,20,71.81,2.89,85.62,52.15,92.21,5.88,8.04,2.8,Placed
19407,25,74.21,5.87,91.01,80.91,100.0,7.6,4.57,6.86,Placed
19408,20,100.0,3.24,100.0,65.64,94.58,4.72,8.45,5.18,Placed
19409,20,75.74,5.73,46.72,63.83,91.09,7.23,7.9,4.39,Placed
19410,19,63.73,7.76,80.99,74.25,100.0,9.28,8.38,8.6,Placed
19411,24,77.3,3.94,33.28,73.76,97.31,7.8,7.21,4.74,Placed
19412,20,81.17,5.9,86.27,82.22,97.02,4.71,8.78,4.46,Placed
19413,24,62.63,8.15,80.27,54.41,93.51,7.25,5.08,2.27,Placed
19414,18,82.83,4.52,63.8,77.05,83.61,6.64,8.44,2.88,Placed
19415,22,92.51,3.71,31.95,49.44,89.13,8.67,10.0,2.63,Placed
19416,21,79.66,5.42,71.78,65.14,90.71,7.08,6.48,3.13,Not Placed
19417,21,68.44,5.93,75.34,66.21,81.8,5.47,6.73,3.56,Placed
19418,19,71.65,3.73,71.05,83.52,87.44,7.04,5.69,3.93,Placed
19419,18,58.09,2.93,62.68,68.15,74.08,6.36,6.88,5.9,Not Placed
19420,20,76.39,6.89,58.55,63.81,81.42,4.61,7.02,4.45,Not Placed
19421,21,81.73,3.31,71.22,90.81,100.0,6.99,3.96,8.08,Placed
19422,24,67.24,5.95,59.97,61.14,82.11,7.21,7.53,5.76,Placed
19423,21,100.0,4.27,84.14,60.46,100.0,7.66,8.13,3.09,Placed
19424,19,87.51,7.09,70.82,37.98,,8.42,5.74,5.4,Placed
19425,20,56.49,2.27,46.13,64.53,80.87,6.86,6.29,4.8,Placed
19426,22,56.73,2.27,74.65,52.97,72.72,5.4,7.82,7.29,Placed
19427,21,66.19,5.34,78.21,63.99,98.36,6.2,5.68,6.14,Not Placed
19428,25,96.88,1.77,96.27,71.84,98.28,7.18,7.69,4.64,Not Placed
19429,21,88.69,4.01,85.92,50.64,96.46,8.66,7.14,8.0,Placed
19430,22,97.48,6.59,58.52,54.83,100.0,7.2,9.6,5.61,Placed
19431,18,78.12,0.59,93.39,42.41,78.3,7.04,6.65,5.7,Placed
19432,19,75.49,4.52,51.21,59.84,73.58,6.92,6.16,7.51,Not Placed
19433,24,63.03,5.98,72.42,52.89,95.66,7.19,7.1,6.21,Placed
19434,20,82.2,3.75,83.31,100.0,100.0,9.49,6.94,4.93,Placed
19435,21,75.65,2.13,93.88,92.06,100.0,7.1,8.76,4.34,Placed
19436,22,75.18,3.33,100.0,89.47,100.0,6.88,8.7,0.5,Placed
19437,18,97.42,2.29,91.12,47.28,95.09,7.25,5.92,0.81,Placed
19438,22,76.48,3.92,69.95,65.16,94.11,6.39,6.57,4.27,Placed
19439,20,93.97,3.3,80.7,48.75,77.02,5.33,5.97,3.39,Placed
19440,19,58.94,2.88,75.37,97.49,72.22,5.11,5.75,4.54,Not Placed
19441,21,100.0,4.64,61.36,81.3,91.68,6.33,3.0,6.53,Placed
19442,21,73.52,6.64,70.27,51.16,100.0,8.62,8.83,2.95,Placed
19443,19,86.49,4.39,98.97,73.91,100.0,8.6,6.0,1.35,Placed
19444,22,88.4,6.22,81.69,44.28,85.55,5.86,6.26,1.9,Placed
19445,23,72.03,6.64,100.0,65.82,100.0,7.01,10.0,2.53,Placed
19446,20,87.83,2.74,55.76,65.19,88.47,7.36,6.03,2.22,Not Placed
19447,25,88.45,4.29,66.28,79.83,90.88,6.33,6.58,4.59,Placed
19448,22,69.44,3.04,78.23,83.81,100.0,8.77,7.12,7.58,Placed
19449,24,69.58,1.13,83.14,68.33,84.89,8.11,7.21,5.73,Not Placed
19450,18,78.54,4.44,70.25,64.42,96.73,7.63,6.06,5.88,Placed
19451,24,76.61,1.91,84.01,16.24,83.22,7.28,8.15,4.94,Placed
19452,20,94.72,4.67,83.89,92.99,100.0,5.32,6.99,2.02,Placed
19453,23,86.43,1.0,51.18,57.48,88.96,8.83,6.93,8.98,Placed
19454,24,77.15,4.11,83.3,69.63,100.0,7.9,5.99,3.86,Placed
19455,20,85.27,0.97,88.1,100.0,100.0,7.69,6.64,6.05,Placed
19456,20,53.44,5.01,76.44,48.9,86.5,6.31,7.97,0.5,Placed
19457,18,70.62,3.09,44.4,68.34,93.22,6.42,7.97,4.32,Placed
19458,22,81.45,2.92,67.85,75.95,100.0,7.79,6.29,4.16,Not Placed
19459,24,91.38,5.83,78.57,85.48,100.0,8.52,5.87,3.97,Placed
19460,21,80.4,3.22,59.01,68.02,100.0,9.27,7.85,1.7,Not Placed
19461,19,95.5,4.0,85.77,86.81,98.73,6.32,7.16,4.9,Not Placed
19462,20,88.42,3.44,82.94,61.35,80.14,7.01,7.85,6.94,Not Placed
19463,21,72.14,4.71,74.02,76.7,87.07,4.69,5.64,8.7,Not Placed
19464,25,76.32,5.68,72.26,74.62,84.19,4.25,6.77,7.8,Not Placed
19465,18,82.9,5.3,74.89,66.54,100.0,7.83,7.86,7.03,Not Placed
19466,20,72.62,2.96,71.94,73.18,100.0,6.18,5.95,7.92,Placed
19467,23,96.38,5.98,52.72,54.01,95.31,4.83,9.06,8.15,Not Placed
19468,19,64.7,2.15,65.55,63.22,84.94,,8.76,2.65,Not Placed
19469,25,81.79,2.46,73.09,47.41,85.25,7.61,6.56,5.0,Not Placed
19470,25,86.83,3.57,93.28,60.94,100.0,7.66,6.56,1.95,Placed
19471,21,74.24,5.68,82.38,86.21,100.0,5.24,7.19,5.58,Not Placed
19472,23,71.53,1.69,94.08,74.73,96.35,8.68,7.0,4.01,Placed
19473,24,77.09,5.4,50.93,72.93,92.42,6.37,8.26,4.19,Placed
19474,23,87.74,3.7,66.66,42.42,89.35,7.53,5.74,3.95,Placed
19475,19,72.0,3.02,100.0,73.12,94.12,7.25,5.76,0.5,Placed
19476,18,65.17,5.78,60.86,67.0,93.24,7.19,7.13,0.68,Placed
19477,20,91.81,2.36,60.56,76.6,79.3,6.08,7.39,6.21,Placed
19478,19,82.79,7.91,67.92,90.13,100.0,7.17,6.76,3.15,Placed
19479,20,90.09,3.48,100.0,61.46,90.54,7.52,7.87,6.55,Placed
19480,23,87.11,4.07,61.93,62.95,85.09,6.96,8.44,4.18,Not Placed
19481,22,100.0,6.58,80.36,82.69,100.0,7.32,7.7,1.33,Placed
19482,19,91.38,4.12,77.88,58.35,100.0,8.52,7.25,1.7,Placed
19483,18,69.31,5.94,43.07,69.4,84.96,6.63,6.54,3.16,Placed
19484,19,83.64,0.28,71.76,36.05,85.42,7.98,6.89,2.64,Placed
19485,21,71.31,3.0,63.71,63.07,83.86,6.95,5.16,4.32,Not Placed
19486,24,72.55,4.51,82.17,88.88,100.0,8.91,5.37,5.0,Not Placed
19487,20,61.05,5.75,98.09,73.37,91.54,5.51,8.31,5.18,Placed
19488,20,74.57,5.19,66.83,82.39,100.0,8.76,8.9,4.96,Placed
19489,22,84.54,5.02,66.83,83.3,100.0,6.56,5.16,6.27,Placed
19490,18,77.21,5.71,100.0,89.59,100.0,9.73,7.46,6.51,Placed
19491,19,64.81,4.66,61.33,62.45,99.02,7.72,4.97,2.64,Not Placed
19492,18,59.72,0.2,51.85,83.08,92.86,,8.78,0.77,Placed
19493,22,100.0,6.4,92.66,100.0,100.0,7.01,6.78,3.14,Placed
19494,21,81.9,2.29,71.24,67.58,100.0,8.02,9.82,4.67,Placed
19495,22,68.11,4.36,76.25,46.89,82.48,8.02,6.04,3.45,Not Placed
19496,22,83.54,4.13,100.0,58.48,93.75,7.03,6.19,5.77,Placed
19497,21,100.0,3.89,50.96,75.49,100.0,8.12,7.28,1.84,Placed
19498,24,85.45,1.81,69.07,41.41,73.72,4.0,7.88,7.66,Placed
19499,25,44.56,0.31,53.46,55.81,57.8,6.43,7.77,6.07,Placed
19500,18,100.0,2.0,77.03,62.72,96.9,7.23,7.97,3.73,Placed
19501,25,55.81,5.29,63.7,69.76,89.65,7.8,6.53,2.97,Placed
19502,19,75.53,1.2,54.41,96.74,94.36,8.37,7.98,4.2,Not Placed
19503,19,64.4,2.22,82.98,79.01,100.0,6.9,9.47,6.8,Placed
19504,22,69.12,4.55,72.15,50.18,76.5,6.73,7.76,3.7,Placed
19505,18,81.41,1.95,53.23,100.0,89.13,8.25,5.82,3.34,Not Placed
19506,20,53.15,2.82,54.14,67.74,89.46,8.58,7.31,4.49,Placed
19507,19,76.92,3.95,75.12,41.11,93.15,8.09,4.45,1.99,Placed
19508,21,91.77,4.31,46.94,51.39,84.86,7.02,7.64,6.65,Placed
19509,24,67.88,1.91,75.41,51.48,98.09,10.0,4.8,5.74,Not Placed
19510,25,61.32,4.05,92.09,46.43,87.57,7.3,7.66,6.31,Not Placed
19511,19,76.33,4.52,82.01,76.21,100.0,7.46,6.75,7.27,Not Placed
19512,22,73.94,1.51,62.65,25.33,83.25,9.16,8.01,2.92,Placed
19513,21,70.86,4.19,76.12,83.72,100.0,9.03,6.86,4.53,Not Placed
19514,21,63.74,2.51,53.23,81.03,97.78,8.05,8.5,4.31,Not Placed
19515,23,84.23,4.02,74.04,60.7,82.39,6.12,7.49,7.67,Placed
19516,25,85.14,5.1,67.1,82.65,100.0,7.34,8.12,3.67,Placed
19517,21,65.21,3.48,56.41,50.52,93.83,7.82,6.34,0.92,Placed
19518,18,66.87,5.44,81.36,54.52,100.0,9.54,6.28,3.58,Not Placed
19519,25,79.64,5.22,42.34,76.79,100.0,,5.13,6.27,Placed
19520,25,66.42,5.43,54.21,64.65,89.47,6.48,5.43,5.57,Placed
19521,20,80.14,4.53,56.02,58.0,95.66,8.22,6.92,4.31,Placed
19522,22,95.62,5.78,64.43,66.18,100.0,6.22,6.88,3.74,Not Placed
19523,24,77.28,4.49,91.49,89.1,100.0,7.05,7.28,5.18,Not Placed
19524,22,63.44,0.8,83.31,88.48,83.22,6.16,5.97,5.63,Not Placed
19525,21,82.71,2.37,73.58,74.82,94.78,9.2,7.0,4.93,Placed
19526,25,75.87,,72.87,62.31,100.0,7.49,8.42,3.8,Not Placed
19527,24,76.2,3.64,71.82,76.34,90.31,7.55,7.32,4.44,Placed
19528,22,83.7,4.44,92.58,54.2,92.57,7.26,6.85,3.41,Not Placed
19529,19,86.29,2.35,44.76,86.7,89.97,7.65,7.14,6.57,Placed
19530,21,78.43,7.42,83.57,83.21,100.0,7.69,8.29,4.24,Placed
19531,23,77.27,3.62,64.38,98.91,94.13,6.38,7.01,2.63,Placed
19532,20,100.0,3.79,79.54,55.17,81.13,5.17,6.18,9.02,Not Placed
19533,22,92.41,2.59,79.62,53.18,90.06,5.61,6.19,3.04,Placed
19534,23,88.0,1.99,83.0,76.82,77.84,5.27,6.15,2.71,Placed
19535,18,79.57,3.57,95.75,63.62,95.35,7.43,6.12,2.09,Placed
19536,22,65.93,3.85,51.43,83.99,92.32,6.22,7.75,3.13,Not Placed
19537,23,91.53,3.64,87.08,89.08,100.0,8.38,8.84,5.99,Placed
19538,19,79.73,6.78,71.04,95.24,100.0,7.49,6.31,1.34,Not Placed
19539,22,71.07,3.57,65.09,68.93,90.49,5.0,5.72,4.82,Not Placed
19540,23,75.08,3.65,100.0,82.09,100.0,6.71,5.28,3.33,Placed
19541,18,66.41,5.27,82.53,59.73,78.52,4.65,8.87,2.88,Not Placed
19542,23,90.69,3.49,65.74,71.48,96.16,5.83,7.96,1.02,Placed
19543,20,86.2,4.77,86.36,67.15,100.0,6.61,5.98,4.41,Placed
19544,21,80.18,1.5,71.31,66.29,76.56,6.07,6.97,1.07,Placed
19545,23,77.49,1.51,65.51,97.18,100.0,9.46,8.48,3.94,Not Placed
19546,18,69.83,4.02,62.91,46.53,93.63,8.1,6.72,5.18,Placed
19547,18,52.44,3.38,76.57,67.92,97.28,6.81,7.84,0.5,Placed
19548,21,61.04,2.34,62.79,68.86,98.89,8.91,6.61,5.89,Not Placed
19549,25,69.09,4.02,74.33,78.29,95.01,6.03,6.45,0.55,Placed
19550,18,67.28,4.18,85.31,50.45,78.44,6.8,3.62,8.13,Placed
19551,24,81.47,2.52,73.66,63.22,97.73,8.22,6.31,4.11,Not Placed
19552,18,87.74,2.87,100.0,58.47,92.55,5.86,6.16,2.77,Not Placed
19553,21,76.46,4.19,72.2,31.97,91.61,8.02,7.42,4.91,Placed
19554,21,94.91,1.96,92.24,86.6,91.11,7.55,7.1,2.7,Placed
19555,21,68.61,2.71,86.64,44.48,91.36,7.91,7.04,0.5,Not Placed
19556,18,76.37,4.76,94.88,42.35,100.0,9.36,7.94,6.78,Placed
19557,24,77.39,3.76,100.0,83.16,100.0,7.75,4.0,3.81,Placed
19558,20,91.11,2.94,45.58,62.64,86.56,7.35,6.74,4.65,Placed
19559,24,79.27,2.17,75.98,63.2,79.1,5.4,5.4,4.17,Not Placed
19560,23,79.6,1.98,70.32,63.5,81.47,7.45,5.3,2.84,Placed
19561,22,58.14,3.56,73.67,85.19,99.37,6.62,6.45,2.27,Placed
19562,20,67.2,7.45,66.04,59.17,95.13,7.05,6.83,5.96,Not Placed
19563,23,91.15,4.82,63.85,77.52,80.58,6.63,7.4,5.52,Placed
19564,25,53.1,1.4,55.51,49.74,71.99,7.79,7.32,4.41,Placed
19565,25,94.12,5.07,73.46,73.28,89.68,6.01,5.81,6.54,Placed
19566,25,84.0,2.43,86.01,82.44,96.33,7.45,6.56,4.35,Placed
19567,19,69.03,3.79,64.59,90.48,87.54,5.95,8.52,6.74,Placed
19568,22,68.02,2.74,67.07,43.21,71.26,5.04,8.74,7.45,Placed
19569,21,100.0,7.44,61.53,63.25,100.0,6.79,6.43,6.67,Placed
19570,25,94.94,1.76,57.08,93.57,91.4,7.76,6.91,5.32,Not Placed
19571,25,76.57,4.36,68.46,82.75,95.59,6.27,5.72,2.48,Placed
19572,24,79.62,2.57,77.15,64.82,96.64,7.36,8.03,5.39,Not Placed
19573,19,70.25,5.13,90.86,68.06,99.88,6.76,9.58,3.55,Not Placed
19574,20,79.62,4.33,54.12,72.75,91.19,5.96,6.16,5.94,Not Placed
19575,23,69.91,6.06,71.54,62.03,100.0,7.87,8.21,7.73,Placed
19576,23,77.06,5.09,89.67,76.75,94.96,6.42,7.68,4.32,Placed
19577,20,99.72,2.55,54.32,75.85,98.48,7.65,6.6,2.26,Not Placed
19578,19,76.85,9.05,91.01,50.16,100.0,5.45,5.96,5.9,Placed
19579,19,65.42,4.8,65.42,60.16,96.7,7.36,9.77,4.48,Placed
19580,23,61.6,2.81,82.67,60.73,83.5,7.95,7.72,7.57,Placed
19581,21,79.53,4.17,68.73,63.91,99.82,7.62,7.95,4.61,Not Placed
19582,21,68.87,4.94,78.88,72.32,100.0,8.27,6.55,4.36,Placed
19583,24,80.96,4.87,96.14,70.89,97.4,7.97,6.87,4.69,Not Placed
19584,18,58.57,4.69,70.18,56.48,87.01,7.56,5.34,5.12,Placed
19585,24,86.28,5.54,86.95,89.44,100.0,8.22,7.71,0.54,Not Placed
19586,20,65.28,5.36,76.12,68.08,84.26,6.75,6.35,2.88,Not Placed
19587,25,78.56,2.27,60.21,91.42,98.86,7.83,5.57,6.71,Placed
19588,25,73.94,7.59,69.82,91.04,93.92,7.23,5.77,3.2,Placed
19589,22,98.62,7.34,68.88,51.05,100.0,9.42,9.69,4.44,Placed
19590,20,80.06,5.24,50.82,60.15,97.34,7.53,6.44,4.04,Placed
19591,19,100.0,3.87,78.89,61.32,100.0,5.66,7.24,3.13,Placed
19592,19,84.73,3.9,81.87,73.01,100.0,7.5,5.37,4.18,Placed
19593,25,95.1,3.22,84.19,79.62,100.0,6.06,6.57,2.46,Placed
19594,19,75.49,3.45,93.45,70.35,98.09,8.07,5.16,1.54,Placed
19595,21,82.15,0.2,86.31,59.19,83.67,8.1,7.25,4.91,Placed
19596,21,92.62,6.55,62.95,94.43,100.0,6.47,5.71,7.72,Placed
19597,23,88.86,5.92,66.15,60.99,100.0,5.95,7.76,5.99,Not Placed
19598,24,84.37,0.78,84.58,79.87,100.0,7.36,4.65,6.04,Placed
19599,22,74.06,5.4,77.85,67.41,84.85,6.12,6.04,6.61,Placed
19600,24,76.09,3.79,71.73,66.96,96.05,6.19,8.21,4.91,Placed
19601,22,91.65,3.44,58.88,78.78,95.87,6.59,8.64,4.55,Placed
19602,21,94.15,4.69,64.04,92.69,100.0,7.95,6.81,2.78,Placed
19603,19,70.89,0.66,80.74,72.88,81.69,5.42,6.33,6.08,Placed
19604,19,69.07,3.78,42.74,60.18,61.99,6.29,6.94,5.05,Placed
19605,21,67.15,3.94,36.9,91.68,100.0,10.0,9.26,3.12,Placed
19606,18,87.96,3.94,82.4,75.9,100.0,9.54,6.48,3.87,Placed
19607,20,66.85,1.34,64.0,70.73,96.11,8.65,6.8,2.25,Placed
19608,21,87.81,4.6,79.03,84.44,100.0,7.25,5.54,5.55,Placed
19609,21,84.55,5.71,95.65,73.16,100.0,8.1,5.99,7.59,Placed
19610,24,71.46,4.53,56.8,100.0,100.0,6.74,7.33,2.24,Not Placed
19611,25,96.77,3.39,46.96,68.03,73.91,4.0,7.87,6.59,Placed
19612,23,60.45,8.64,67.85,86.39,100.0,6.52,7.16,6.92,Placed
19613,18,97.91,2.14,61.73,75.07,100.0,6.63,7.8,2.17,Placed
19614,21,81.83,5.19,71.62,75.02,100.0,7.23,5.6,0.5,Placed
19615,23,53.12,4.24,80.07,62.21,95.84,7.78,5.48,4.63,Placed
19616,22,97.1,7.42,76.9,62.29,100.0,9.18,7.75,4.15,Placed
19617,21,89.67,4.5,72.69,75.95,100.0,7.24,6.23,4.06,Placed
19618,21,72.86,4.88,87.87,54.11,88.55,6.0,5.39,6.75,Placed
19619,21,66.42,4.71,82.06,58.79,100.0,6.96,7.04,3.8,Placed
19620,22,59.17,1.9,69.28,68.24,89.76,7.97,6.9,9.34,Not Placed
19621,19,100.0,2.24,81.53,87.85,100.0,7.07,6.57,1.43,Not Placed
19622,22,66.92,3.3,48.82,69.29,86.67,6.24,8.7,2.77,Placed
19623,19,62.84,5.52,87.96,69.04,100.0,7.83,9.05,2.75,Placed
19624,23,81.22,4.22,72.33,51.06,84.77,5.83,7.95,4.13,Placed
19625,24,58.35,3.43,53.99,95.13,90.56,6.15,7.32,7.34,Placed
19626,22,66.22,6.27,65.75,85.71,100.0,7.7,8.46,2.27,Not Placed
19627,21,89.94,0.23,87.56,87.52,97.27,6.26,6.99,2.69,Not Placed
19628,25,83.57,1.47,60.49,44.76,80.83,6.78,6.57,3.23,Not Placed
19629,23,73.36,0.2,78.16,73.62,84.57,7.22,6.1,4.32,Not Placed
19630,21,78.22,5.97,85.18,52.99,100.0,7.15,5.86,4.82,Not Placed
19631,18,72.69,3.63,72.37,80.35,97.19,6.04,7.91,3.72,Placed
19632,18,77.26,5.54,59.03,73.15,100.0,7.59,5.0,1.92,Placed
19633,19,68.86,3.6,71.04,76.3,93.65,6.1,6.09,4.31,Not Placed
19634,19,71.04,5.64,50.86,56.53,85.62,9.18,6.38,7.37,Not Placed
19635,23,70.67,3.57,64.67,51.36,83.56,6.72,5.11,6.33,Placed
19636,22,69.29,4.54,55.39,57.75,79.69,7.93,6.33,3.59,Placed
19637,25,90.53,4.27,71.3,72.92,96.78,8.08,6.91,4.64,Placed
19638,22,87.24,4.41,52.96,64.12,94.31,6.77,8.03,5.5,Not Placed
19639,25,66.81,6.83,73.25,72.05,95.33,6.04,6.19,6.27,Placed
19640,22,63.67,0.88,88.99,51.62,70.74,8.08,6.92,7.57,Placed
19641,20,76.11,3.68,89.93,67.9,74.38,5.49,5.01,5.04,Placed
19642,23,100.0,4.16,53.32,90.32,93.77,5.68,5.34,2.15,Placed
19643,21,65.67,3.89,62.01,73.32,81.31,7.93,4.52,1.44,Placed
19644,20,76.07,3.08,84.79,74.32,85.74,6.96,7.97,5.71,Placed
19645,21,79.06,2.84,82.56,74.45,89.58,6.35,6.41,1.61,Placed
19646,23,76.7,6.55,62.77,59.81,100.0,6.6,7.07,6.13,Placed
19647,21,72.5,3.67,64.7,94.11,88.01,6.25,7.43,3.31,Placed
19648,23,91.86,8.19,73.23,73.71,100.0,9.82,7.77,2.07,Placed
19649,25,83.45,4.75,44.5,70.84,100.0,8.42,9.21,5.53,Placed
19650,21,88.15,3.28,79.88,78.99,100.0,6.21,6.75,2.45,Not Placed
19651,20,85.07,4.79,88.25,83.05,100.0,6.82,5.95,5.44,Placed
19652,21,88.73,4.0,66.16,48.07,93.13,7.92,7.64,4.87,Placed
19653,24,97.01,6.22,50.71,68.9,100.0,6.03,9.64,0.7,Placed
19654,19,93.97,1.7,93.19,100.0,100.0,6.53,6.15,7.33,Placed
19655,25,100.0,0.56,75.29,94.49,92.5,6.84,5.85,7.09,Not Placed
19656,21,92.61,4.45,82.63,66.3,89.65,6.14,3.73,6.4,Not Placed
19657,24,69.97,5.3,52.18,79.65,99.79,8.52,4.32,6.45,Placed
19658,24,88.17,4.31,52.24,62.77,86.63,6.34,8.5,3.04,Not Placed
19659,24,86.53,5.01,78.21,73.66,100.0,7.06,6.59,6.82,Placed
19660,25,100.0,4.75,87.41,60.67,100.0,7.34,5.43,6.02,Placed
19661,19,66.39,1.14,55.06,60.4,97.71,,6.8,0.5,Placed
19662,22,84.7,4.31,70.47,58.53,98.26,7.1,9.92,2.57,Placed
19663,18,69.83,6.17,48.19,94.92,100.0,9.76,6.81,2.98,Placed
19664,20,84.15,4.11,61.48,60.31,81.08,6.76,9.1,7.46,Placed
19665,18,75.42,1.44,68.14,86.27,80.92,6.94,5.68,2.57,Placed
19666,23,83.75,3.2,79.33,61.09,100.0,8.32,8.55,3.33,Placed
19667,22,61.08,4.8,40.41,59.26,100.0,9.5,6.13,1.93,Not Placed
19668,23,87.52,7.03,91.81,74.23,97.29,6.88,5.88,3.54,Placed
19669,19,80.47,0.28,69.44,47.22,71.34,8.68,5.67,6.57,Placed
19670,20,79.83,4.45,91.42,78.63,100.0,8.22,6.41,1.65,Placed
19671,23,100.0,2.12,82.48,65.82,94.07,6.29,7.97,5.44,Placed
19672,24,73.41,4.71,84.78,59.19,93.32,7.18,6.22,2.75,Placed
19673,25,82.11,4.86,100.0,55.75,90.15,7.15,8.08,8.27,Placed
19674,18,79.2,3.38,60.28,99.54,90.9,5.96,5.94,4.73,Placed
19675,21,80.38,4.94,74.03,67.45,96.43,7.4,6.7,4.33,Placed
19676,18,100.0,5.85,57.14,66.78,100.0,7.3,6.16,3.34,Placed
19677,24,78.77,3.5,70.47,81.97,98.87,7.65,8.97,4.93,Placed
19678,18,71.19,1.39,82.8,54.53,97.27,7.28,7.42,1.56,Not Placed
19679,24,100.0,6.37,88.91,86.15,97.1,6.4,7.14,4.69,Placed
19680,19,74.31,5.29,66.27,67.43,100.0,10.0,6.47,3.33,Placed
19681,18,58.74,4.81,53.93,45.86,99.09,7.46,6.1,3.24,Placed
19682,25,69.11,2.56,73.1,59.51,86.68,8.76,5.59,8.62,Placed
19683,21,63.04,5.57,59.22,50.48,88.47,7.73,8.39,7.31,Not Placed
19684,21,56.4,7.48,63.33,69.3,97.07,9.01,4.86,7.42,Placed
19685,23,73.64,3.58,82.08,55.3,74.94,6.27,6.37,6.2,Placed
19686,20,77.16,3.97,79.28,53.54,99.15,7.09,7.86,5.32,Placed
19687,23,92.17,1.88,84.51,72.68,82.25,6.66,4.79,7.44,Not Placed
19688,21,85.55,2.5,66.94,68.7,93.94,6.51,7.01,5.16,Not Placed
19689,20,85.01,1.87,87.13,87.35,99.62,7.52,5.76,5.74,Placed
19690,21,67.28,4.04,72.22,86.64,98.87,6.9,6.83,7.27,Placed
19691,18,88.62,3.19,67.74,68.98,78.49,5.49,6.6,6.13,Placed
19692,20,94.69,4.47,55.52,75.99,95.08,6.84,-2.0,5.39,Placed
19693,22,82.73,2.19,40.65,45.48,75.18,6.74,7.57,6.09,Not Placed
19694,19,83.07,3.5,48.54,79.14,96.3,8.26,5.61,4.72,Placed
19695,18,62.82,2.08,75.23,74.57,61.96,5.46,6.14,5.52,Placed
19696,23,90.65,4.14,58.39,83.27,99.22,6.58,6.86,5.71,Placed
19697,21,99.37,0.86,47.32,63.1,97.5,6.3,7.25,2.03,Placed
19698,19,81.88,4.07,65.71,63.24,89.27,8.09,7.34,3.03,Placed
19699,23,70.87,3.3,76.2,63.34,94.38,6.55,7.75,5.96,Not Placed
19700,24,76.06,4.13,78.23,90.95,100.0,8.46,3.84,4.76,Placed
19701,18,72.95,0.83,71.57,72.53,78.29,7.14,7.38,4.46,Placed
19702,19,73.67,4.98,71.09,44.06,86.56,7.79,6.81,5.09,Not Placed
19703,20,85.78,3.26,63.92,78.31,100.0,8.53,6.14,0.53,Placed
19704,23,81.35,4.19,81.51,60.59,92.37,5.76,7.12,4.16,Placed
19705,18,90.05,0.43,69.35,85.35,89.96,6.9,7.9,4.18,Not Placed
19706,24,82.45,1.56,70.86,76.62,79.62,7.71,5.75,4.86,Placed
19707,20,67.63,3.1,87.57,87.85,100.0,7.44,8.48,6.21,Placed
19708,19,71.99,6.28,83.88,84.62,100.0,5.64,8.18,3.77,Not Placed
19709,24,71.25,4.75,69.23,83.0,100.0,8.04,7.24,7.19,Placed
19710,18,75.76,4.03,67.09,86.15,90.19,7.26,5.33,2.55,Placed
19711,19,99.54,2.14,66.98,81.04,100.0,7.35,9.39,5.89,Not Placed
19712,25,100.0,1.81,41.68,56.9,96.25,6.93,7.14,3.46,Placed
19713,22,88.04,4.3,88.45,49.7,79.9,4.0,6.98,6.84,Not Placed
19714,21,79.43,5.06,61.73,54.72,100.0,7.85,6.94,4.94,Placed
19715,23,61.66,4.18,84.82,79.69,100.0,7.91,7.46,2.09,Placed
19716,23,80.64,6.88,72.62,32.43,91.62,6.69,7.91,4.71,Placed
19717,22,68.52,2.57,92.88,67.75,85.96,5.42,6.77,5.3,Not Placed
19718,18,97.57,4.12,79.94,63.75,91.83,6.56,5.31,4.95,Placed
19719,22,58.73,0.75,85.68,87.58,91.56,8.39,8.04,5.16,Not Placed
19720,20,82.61,4.18,63.12,66.12,90.92,6.71,5.82,4.05,Placed
19721,24,67.51,6.44,52.72,62.1,100.0,7.23,5.59,3.38,Placed
19722,22,77.89,1.93,74.21,89.06,96.01,6.8,6.72,1.21,Placed
19723,18,85.99,5.32,43.24,66.53,93.46,7.58,6.25,5.67,Not Placed
19724,25,90.26,6.39,64.98,63.95,96.29,5.62,7.26,5.52,Placed
19725,20,77.27,2.56,54.16,60.17,92.07,6.96,7.48,8.32,Placed
19726,20,87.13,4.64,59.41,72.57,94.67,8.52,6.24,4.42,Placed
19727,25,70.05,6.64,80.94,62.7,100.0,6.1,6.95,5.06,Placed
19728,24,80.95,4.21,79.95,62.75,99.39,6.87,6.22,4.8,Placed
19729,24,90.03,5.22,69.57,91.2,100.0,8.46,7.72,6.23,Placed
19730,23,81.99,0.61,76.8,68.78,99.92,8.1,7.39,3.47,Placed
19731,25,71.65,4.87,63.89,60.83,100.0,7.74,7.66,4.8,Not Placed
19732,18,74.65,4.73,100.0,52.08,100.0,7.67,6.46,4.55,Placed
19733,22,90.19,1.41,76.51,71.18,82.94,7.65,7.11,5.99,Placed
19734,20,64.9,2.06,63.15,59.04,74.02,6.92,7.41,8.94,Placed
19735,21,66.67,4.89,85.13,62.11,96.94,8.52,7.7,5.16,Placed
19736,19,85.22,3.26,90.6,54.38,99.6,6.64,7.6,1.61,Placed
19737,19,72.73,5.8,60.39,71.15,100.0,6.01,6.65,2.16,Not Placed
19738,21,60.56,4.36,50.72,47.15,70.14,5.54,5.42,6.61,Placed
19739,25,94.21,3.9,53.69,74.58,94.21,6.46,7.4,1.17,Placed
19740,23,64.8,3.49,61.95,59.26,98.46,6.44,7.34,5.13,Not Placed
19741,20,75.61,4.33,71.19,79.47,95.53,6.35,5.48,3.04,Placed
19742,21,70.57,5.25,47.56,75.76,88.41,5.79,7.82,9.9,Placed
19743,22,74.43,4.76,65.73,69.66,97.51,7.65,6.99,2.08,Placed
19744,19,67.38,3.04,68.88,81.54,98.22,6.06,6.65,3.18,Placed
19745,22,86.57,6.03,76.87,92.91,100.0,7.86,7.06,6.06,Not Placed
19746,23,79.33,4.98,81.18,88.3,100.0,8.07,7.92,4.04,Placed
19747,19,89.8,4.49,78.02,47.03,100.0,10.0,8.67,3.06,Not Placed
19748,22,70.69,3.97,98.88,58.31,91.91,6.65,6.74,2.57,Placed
19749,23,100.0,4.7,88.41,60.27,95.37,7.01,6.52,3.19,Placed
19750,22,55.14,0.5,75.33,78.22,81.67,6.3,7.53,2.69,Placed
19751,20,58.98,4.23,57.44,59.64,89.4,5.79,5.19,4.47,Placed
19752,22,99.04,6.75,61.87,59.02,96.46,6.7,7.83,8.35,Not Placed
19753,24,83.69,4.2,50.57,56.25,86.97,6.27,5.17,8.62,Placed
19754,19,82.1,3.95,74.3,72.78,83.2,5.78,5.15,8.59,Not Placed
19755,22,83.18,2.73,76.97,78.15,85.91,7.48,8.66,4.24,Placed
19756,23,84.85,4.69,85.39,48.61,82.14,5.91,4.3,5.93,Placed
19757,20,81.6,3.45,76.01,59.77,85.0,7.88,8.37,4.75,Placed
19758,21,66.41,6.16,87.81,37.68,100.0,8.23,8.67,2.86,Not Placed
19759,25,87.82,2.25,88.12,29.73,70.01,6.16,7.21,0.89,Placed
19760,20,85.93,2.99,56.58,75.75,100.0,8.88,7.53,0.98,Placed
19761,22,95.14,2.72,64.23,73.05,88.01,7.68,4.91,4.81,Placed
19762,19,99.17,7.1,71.83,70.76,100.0,7.11,6.21,1.77,Placed
19763,25,81.97,3.46,61.41,93.39,97.89,5.07,7.23,2.91,Placed
19764,22,63.27,2.81,68.35,41.19,70.5,5.14,7.2,5.24,Placed
19765,24,99.27,0.2,76.52,34.72,90.03,9.09,7.33,0.5,Placed
19766,22,65.78,2.16,70.15,50.03,84.85,8.78,7.19,7.44,Not Placed
19767,20,82.06,4.75,72.0,34.09,92.83,9.12,6.83,4.61,Placed
19768,20,74.92,4.74,57.86,58.19,92.62,9.43,5.33,3.75,Placed
19769,23,72.83,2.63,79.6,77.33,89.85,8.85,7.22,3.22,Not Placed
19770,24,87.17,2.73,78.5,72.74,96.48,7.49,5.44,5.45,Not Placed
19771,19,80.93,7.15,60.56,84.44,100.0,7.87,6.36,2.57,Not Placed
19772,24,84.16,8.65,52.6,73.93,100.0,6.38,8.47,7.14,Placed
19773,24,68.21,5.87,90.45,61.54,100.0,7.49,4.92,6.24,Placed
19774,18,75.91,6.61,98.22,59.58,100.0,8.09,6.65,3.05,Placed
19775,18,68.77,6.99,75.52,75.0,100.0,8.12,7.84,4.11,Placed
19776,23,75.61,7.79,66.57,43.52,99.74,7.05,7.57,6.93,Placed
19777,24,76.57,3.26,87.69,17.16,78.55,4.76,7.17,5.31,Placed
19778,21,100.0,2.22,79.06,74.24,85.94,5.38,5.99,4.05,Placed
19779,23,74.89,7.1,68.84,71.75,100.0,7.77,8.37,3.01,Not Placed
19780,25,52.49,2.06,86.52,93.11,88.9,6.59,5.33,4.28,Placed
19781,20,94.74,1.95,59.86,79.14,92.52,8.0,7.63,3.67,Not Placed
19782,19,83.39,1.99,61.64,72.95,78.18,5.74,6.98,5.12,Not Placed
19783,25,76.43,3.56,77.45,63.01,96.39,8.83,5.86,3.87,Placed
19784,20,72.75,0.23,73.71,55.02,75.16,6.07,6.33,2.57,Placed
19785,21,66.64,1.22,81.56,63.52,100.0,8.97,8.97,6.69,Placed
19786,21,100.0,2.68,89.9,83.28,100.0,5.34,5.41,5.59,Placed
19787,22,78.62,1.65,48.71,75.42,85.36,7.92,4.69,2.5,Placed
19788,20,57.15,5.71,72.58,82.95,85.56,6.08,6.03,3.32,Placed
19789,23,81.93,3.81,100.0,69.71,95.99,7.19,7.3,5.92,Placed
19790,23,92.47,4.84,63.05,53.61,100.0,8.49,8.51,2.82,Placed
19791,19,79.88,4.64,61.28,86.57,100.0,8.28,6.83,4.16,Placed
19792,21,67.18,3.43,38.39,85.12,70.2,6.21,4.85,3.92,Not Placed
19793,18,66.11,5.58,73.53,70.97,100.0,6.46,6.91,3.05,Not Placed
19794,19,66.99,4.61,80.71,76.9,87.37,5.31,7.83,2.38,Placed
19795,25,96.26,3.23,80.68,76.02,93.82,5.05,7.18,4.39,Placed
19796,22,77.14,0.77,56.44,60.51,76.68,6.2,7.39,2.64,Placed
19797,22,57.86,4.74,71.87,63.84,80.88,6.17,4.55,3.31,Placed
19798,25,82.61,1.53,75.32,53.45,83.38,5.39,5.19,6.2,Placed
19799,23,79.69,4.48,72.78,63.78,92.0,6.95,6.64,3.07,Placed
19800,24,72.61,3.94,55.58,84.49,88.56,7.16,8.16,5.41,Not Placed
19801,23,65.76,1.35,73.16,81.46,89.01,7.18,5.85,6.41,Placed
19802,21,65.23,4.27,59.78,76.94,95.5,6.24,7.05,4.29,Placed
19803,23,91.04,4.14,43.92,83.35,91.4,6.51,7.0,5.52,Not Placed
19804,20,80.97,4.15,82.22,62.15,95.5,6.82,5.55,2.79,Placed
19805,25,83.74,4.06,74.1,49.23,99.33,8.18,5.92,5.98,Placed
19806,19,80.94,2.63,80.88,65.49,86.16,6.39,6.77,5.79,Placed
19807,25,81.93,4.86,63.98,66.76,83.21,5.19,6.36,7.41,Placed
19808,25,72.38,2.56,81.4,78.81,97.16,6.81,7.78,6.84,Placed
19809,19,75.53,1.87,87.33,76.18,88.71,6.68,6.3,5.03,Placed
19810,23,91.98,5.01,98.31,84.17,93.74,5.26,7.86,10.02,Placed
19811,25,94.98,5.49,84.21,35.76,91.8,6.72,6.37,6.27,Placed
19812,22,63.33,4.89,77.77,55.23,78.75,6.14,6.83,7.05,Placed
19813,20,75.5,3.43,51.3,66.54,88.69,7.11,7.76,3.58,Placed
19814,25,88.07,0.31,70.4,75.67,96.41,7.7,6.67,3.76,Placed
19815,22,100.0,6.47,50.66,100.0,99.07,6.56,6.29,4.64,Placed
19816,18,99.38,0.28,59.72,52.36,84.34,7.81,6.72,2.5,Not Placed
19817,19,68.45,4.85,100.0,56.64,100.0,6.83,7.87,4.58,Not Placed
19818,23,93.3,7.6,56.65,61.23,100.0,6.88,7.2,4.42,Placed
19819,21,78.7,4.07,36.86,56.07,87.82,6.83,4.23,6.69,Placed
19820,19,90.53,4.32,84.2,53.79,92.91,6.97,5.93,6.83,Placed
19821,24,87.46,4.48,61.9,68.73,90.85,5.55,5.94,4.74,Placed
19822,18,62.83,4.16,83.52,83.74,100.0,5.01,7.5,3.75,Placed
19823,19,84.6,8.03,54.45,69.91,100.0,8.54,4.5,8.08,Placed
19824,21,90.07,2.28,65.61,54.24,90.28,7.45,7.14,1.46,Placed
19825,18,77.76,2.06,89.94,64.86,89.02,6.55,7.56,1.4,Placed
19826,21,75.04,3.21,52.17,51.38,87.02,8.48,7.56,5.46,Placed
19827,25,59.14,6.93,69.46,83.73,100.0,10.0,6.7,4.36,Not Placed
19828,25,86.2,2.76,76.37,91.54,85.37,5.4,4.86,3.89,Placed
19829,24,80.5,4.57,61.21,42.48,98.93,7.15,6.49,0.84,Placed
19830,20,66.93,5.73,75.63,71.66,100.0,8.0,8.57,2.74,Not Placed
19831,18,74.09,5.2,72.23,55.55,82.83,5.24,6.08,7.46,Placed
19832,24,79.85,5.63,80.02,69.01,83.32,5.37,9.42,7.11,Placed
19833,20,71.3,6.35,99.63,66.63,100.0,8.34,7.77,6.08,Placed
19834,23,78.03,4.35,100.0,46.54,96.67,7.13,6.63,2.87,Placed
19835,18,57.0,2.98,78.95,87.34,96.16,6.37,7.07,3.83,Placed
19836,23,94.19,4.06,70.34,65.57,89.93,5.23,7.25,3.7,Not Placed
19837,22,78.19,3.19,78.61,60.48,99.72,7.59,6.11,3.15,Placed
19838,25,64.81,8.34,68.52,69.86,93.15,5.52,6.3,3.41,Placed
19839,18,48.48,2.84,48.19,54.07,77.46,5.98,9.19,4.3,Not Placed
19840,21,90.35,4.67,71.3,65.06,100.0,6.05,8.59,1.55,Placed
19841,25,84.7,1.1,88.23,38.6,80.84,6.79,6.35,6.86,Placed
19842,21,80.53,4.04,50.03,30.29,79.4,5.88,5.87,4.23,Placed
19843,23,88.36,3.28,57.23,52.48,87.45,6.06,4.89,3.5,Not Placed
19844,19,88.33,5.02,63.27,59.48,97.64,8.33,9.39,1.35,Placed
19845,23,80.33,5.06,77.59,39.89,97.94,7.4,8.03,6.07,Placed
19846,20,74.95,6.35,100.0,60.04,100.0,7.22,8.3,2.42,Placed
19847,22,72.99,6.21,59.86,59.46,94.42,7.72,6.15,5.46,Placed
19848,25,83.05,3.68,73.37,67.01,91.91,5.93,6.07,2.74,Not Placed
19849,23,94.76,2.1,72.09,77.83,96.76,7.64,5.69,4.73,Placed
19850,21,76.77,2.31,67.48,95.39,96.11,7.71,3.01,1.94,Placed
19851,19,95.72,4.34,71.28,74.85,82.54,5.97,5.75,4.16,Placed
19852,20,82.48,4.08,65.03,52.25,94.19,7.92,7.18,4.34,Placed
19853,24,82.57,4.26,100.0,78.66,100.0,7.48,7.1,4.82,Placed
19854,19,100.0,2.84,83.25,90.41,100.0,7.51,6.06,6.27,Placed
19855,23,97.83,6.39,65.16,50.08,100.0,9.2,7.59,5.53,Placed
19856,21,98.14,1.15,89.75,50.97,100.0,7.35,5.99,7.63,Placed
19857,20,68.43,2.74,75.85,45.26,80.68,,7.72,1.64,Placed
19858,23,100.0,1.86,72.87,58.97,77.72,7.36,7.71,8.68,Placed
19859,20,77.01,3.42,69.27,73.97,92.66,7.22,7.78,6.38,Placed
19860,20,75.27,6.04,68.25,91.73,98.26,5.87,6.89,3.62,Not Placed
19861,22,52.09,3.28,53.7,82.27,76.38,4.77,5.82,6.48,Not Placed
19862,24,81.92,3.98,46.9,74.17,83.84,7.12,5.37,8.03,Not Placed
19863,24,65.0,5.0,77.56,68.73,100.0,8.33,4.2,6.73,Placed
19864,23,82.9,3.2,69.12,74.26,100.0,8.34,7.71,2.53,Placed
19865,23,64.06,4.49,85.16,75.21,99.07,7.54,4.78,4.58,Not Placed
19866,24,99.57,4.25,58.65,88.85,100.0,9.08,6.64,6.01,Placed
19867,20,84.62,1.76,55.53,67.67,87.31,7.41,7.06,4.44,Not Placed
19868,20,100.0,2.96,83.64,72.19,86.67,6.96,5.52,5.38,Placed
19869,21,65.72,4.44,67.57,61.46,87.17,7.44,6.65,5.52,Placed
19870,23,96.59,6.11,84.84,69.81,96.39,6.32,7.18,2.53,Placed
19871,23,56.37,6.11,72.5,63.9,82.73,5.68,6.47,7.02,Not Placed
19872,19,80.5,7.57,100.0,48.97,77.1,6.03,7.35,4.68,Not Placed
19873,24,70.42,4.67,83.34,81.97,100.0,6.62,6.27,4.41,Placed
19874,20,72.62,3.06,78.15,91.81,93.2,8.24,6.47,2.7,Placed
19875,25,71.8,3.68,84.0,67.4,91.66,5.46,5.73,4.02,Not Placed
19876,23,67.02,3.6,67.91,73.31,80.8,6.03,6.64,6.37,Not Placed
19877,25,62.88,3.07,47.36,81.79,89.1,8.17,6.81,4.98,Placed
19878,23,72.69,4.49,77.41,65.71,100.0,6.77,5.69,5.92,Placed
19879,22,79.39,4.57,100.0,71.03,100.0,6.96,7.31,4.43,Placed
19880,19,91.96,1.69,37.64,64.53,70.11,6.75,3.84,4.68,Placed
19881,21,81.54,5.76,79.04,59.21,100.0,9.52,8.1,1.22,Placed
19882,24,92.0,0.49,48.97,76.35,75.72,7.87,5.1,5.28,Not Placed
19883,21,60.26,3.4,71.65,76.2,100.0,7.5,8.05,4.11,Placed
19884,18,72.8,5.87,73.19,82.76,100.0,7.44,7.54,5.13,Placed
19885,19,86.53,4.89,83.2,67.95,100.0,7.69,8.02,0.5,Placed
19886,22,82.12,3.16,75.15,48.8,96.52,9.42,5.45,9.57,Placed
19887,23,67.67,7.34,92.6,85.72,100.0,6.75,6.56,4.65,Placed
19888,25,89.21,3.01,89.5,56.25,92.43,7.4,7.15,5.42,Placed
19889,25,71.62,0.2,69.05,55.97,79.61,7.23,7.31,5.27,Not Placed
19890,22,68.67,4.61,88.42,59.49,99.66,8.28,7.81,3.87,Placed
19891,22,83.84,0.6,67.31,40.1,80.44,9.25,7.58,5.34,Placed
19892,24,78.07,2.3,64.73,64.52,64.98,6.49,7.37,6.87,Placed
19893,18,71.73,4.92,53.93,77.91,95.65,7.74,7.39,4.86,Placed
19894,22,71.32,2.97,91.68,61.06,92.31,7.41,7.62,6.22,Placed
19895,21,65.16,4.85,67.5,89.41,81.75,5.53,6.82,6.04,Not Placed
19896,24,73.25,1.72,35.68,88.42,96.04,8.36,8.18,5.91,Placed
19897,24,91.2,5.35,80.13,82.23,100.0,9.08,6.71,8.2,Not Placed
19898,23,80.93,0.76,65.49,37.04,79.06,8.18,4.77,5.21,Not Placed
19899,23,89.5,6.17,67.52,90.94,100.0,6.44,8.29,4.35,Placed
19900,23,84.19,2.94,68.49,64.21,84.05,5.57,7.36,4.41,Not Placed
19901,22,70.65,6.56,66.95,94.85,100.0,7.97,6.62,5.32,Placed
19902,19,58.21,2.29,100.0,58.33,80.21,5.9,6.94,1.8,Placed
19903,20,66.88,7.26,96.94,65.76,89.53,6.02,8.61,7.3,Placed
19904,23,69.95,2.08,82.49,69.43,100.0,7.45,6.92,4.01,Not Placed
19905,22,69.02,0.57,75.62,53.08,86.85,8.08,8.62,4.32,Placed
19906,19,89.77,3.88,88.93,42.07,86.7,6.8,7.37,1.89,Not Placed
19907,25,89.65,6.02,75.65,29.64,94.88,6.95,6.36,4.72,Placed
19908,25,100.0,5.22,84.24,100.0,100.0,7.07,5.23,1.79,Placed
19909,23,68.84,5.89,80.37,41.3,94.91,6.1,6.91,1.14,Not Placed
19910,19,97.17,5.26,73.93,41.52,99.06,6.74,8.38,3.04,Placed
19911,25,97.1,2.32,86.1,77.15,85.66,5.26,6.12,4.01,Not Placed
19912,19,75.21,5.18,65.7,45.22,83.91,8.08,7.24,2.78,Placed
19913,21,83.68,3.97,72.88,42.25,97.67,10.0,8.64,5.07,Placed
19914,24,92.89,2.52,57.31,22.01,73.43,7.27,4.67,6.95,Placed
19915,22,77.29,4.12,59.04,72.68,88.13,8.63,7.28,4.94,Not Placed
19916,19,76.36,3.7,34.06,50.88,78.47,6.89,7.46,0.5,Not Placed
19917,18,70.47,6.35,78.85,78.29,100.0,5.58,7.23,4.46,Placed
19918,20,49.68,2.87,82.97,66.79,93.93,9.9,4.76,5.66,Placed
19919,23,78.85,2.79,88.28,69.37,100.0,6.19,5.89,3.76,Not Placed
19920,23,69.48,2.54,55.46,60.75,86.89,8.34,4.3,5.13,Placed
19921,19,65.1,7.21,78.6,63.59,98.72,7.46,5.22,5.03,Placed
19922,19,83.07,2.64,71.99,53.68,89.52,8.62,7.81,2.3,Not Placed
19923,23,60.58,6.13,83.06,55.2,85.02,7.12,6.4,6.91,Placed
19924,19,87.67,1.94,62.23,50.48,80.23,5.8,7.78,3.92,Placed
19925,18,83.8,4.71,66.96,92.22,98.35,6.4,7.72,3.84,Not Placed
19926,21,73.2,4.27,48.7,61.66,94.24,10.0,5.45,5.4,Placed
19927,22,77.24,6.02,61.25,31.76,93.48,7.58,7.0,1.29,Not Placed
19928,19,63.72,5.76,72.05,72.14,99.17,9.81,4.9,7.03,Placed
19929,19,87.0,3.95,74.61,55.14,99.02,6.76,7.13,2.54,Placed
19930,19,80.25,2.83,46.71,67.29,89.01,8.06,7.31,8.12,Placed
19931,20,81.14,6.72,64.33,63.69,87.88,5.66,6.53,6.75,Placed
19932,18,84.02,2.65,74.4,91.84,99.53,7.24,4.78,2.48,Placed
19933,18,70.29,0.2,93.12,61.86,75.79,9.87,5.01,5.17,Not Placed
19934,20,59.77,0.45,59.32,81.06,85.25,6.26,9.85,2.59,Placed
19935,18,89.49,0.89,79.35,79.37,93.83,6.37,7.55,2.31,Placed
19936,20,86.26,4.87,63.58,46.14,83.13,8.19,6.47,0.5,Placed
19937,22,71.58,7.79,65.31,71.0,91.8,7.34,7.95,5.77,Placed
19938,18,82.91,0.2,58.84,55.87,87.62,9.48,8.57,3.59,Not Placed
19939,22,93.1,2.39,56.33,48.66,78.84,6.91,8.25,6.07,Placed
19940,22,91.66,3.96,64.88,48.72,89.41,7.28,6.57,4.95,Placed
19941,22,71.23,6.58,87.72,81.14,100.0,7.58,6.4,2.07,Placed
19942,23,60.13,2.38,60.68,100.0,97.95,5.91,7.76,6.18,Placed
19943,24,62.19,4.86,58.34,55.12,77.51,5.64,6.52,5.54,Placed
19944,18,74.26,3.35,75.14,71.45,93.31,5.53,8.24,3.54,Placed
19945,19,95.55,8.49,72.08,72.97,95.23,4.0,6.93,6.45,Placed
19946,20,69.26,4.06,70.98,59.52,94.08,7.1,7.75,3.96,Placed
19947,23,70.84,4.44,75.81,90.52,94.9,5.64,8.05,2.93,Placed
19948,24,70.6,3.95,56.86,100.0,85.27,6.55,5.24,4.12,Placed
19949,25,71.62,3.05,58.52,58.44,86.24,8.42,6.97,3.76,Not Placed
19950,22,77.87,5.51,86.79,95.75,100.0,6.06,8.18,1.53,Placed
19951,21,62.64,1.71,69.81,59.25,78.74,8.03,5.83,0.5,Placed
19952,21,91.01,0.2,80.95,52.48,72.51,5.3,6.14,7.79,Placed
19953,18,76.26,3.53,90.36,65.77,94.49,6.38,8.24,6.76,Placed
19954,21,100.0,5.27,84.69,81.9,100.0,9.29,8.63,7.46,Placed
19955,22,63.92,2.75,51.45,66.33,80.32,6.69,3.0,6.3,Not Placed
19956,19,97.08,4.14,70.25,79.8,100.0,8.75,8.24,3.67,Placed
19957,24,94.7,1.6,87.61,71.63,93.82,10.0,4.01,4.15,Placed
19958,24,73.06,5.71,79.84,89.65,100.0,6.7,6.72,3.27,Not Placed
19959,20,73.26,4.97,74.76,76.49,92.76,6.4,5.14,5.58,Placed
19960,25,66.94,3.84,47.41,92.49,78.11,4.61,6.14,5.45,Placed
19961,18,67.08,4.1,62.75,54.28,97.04,7.55,6.93,3.81,Placed
19962,25,77.99,1.29,73.04,64.74,96.09,7.66,7.44,5.38,Not Placed
19963,24,78.25,1.37,50.61,67.98,100.0,8.12,8.52,6.82,Not Placed
19964,19,58.77,3.58,83.9,54.34,91.53,8.87,5.19,4.49,Placed
19965,23,100.0,4.72,70.24,51.89,86.6,5.97,8.19,2.17,Placed
19966,20,74.89,4.82,42.31,74.11,98.17,9.45,6.47,5.41,Not Placed
19967,24,78.79,3.15,63.5,78.64,86.68,6.86,6.49,2.05,Not Placed
19968,19,70.49,5.14,67.71,69.8,100.0,7.64,8.84,2.88,Placed
19969,19,74.8,6.36,70.05,84.94,100.0,7.12,7.81,5.05,Placed
19970,20,73.71,3.64,93.29,50.35,90.0,6.27,4.78,5.74,Placed
19971,19,77.96,4.36,80.68,61.74,100.0,5.76,6.71,4.69,Placed
19972,20,77.82,3.43,51.52,49.12,84.87,7.45,5.9,2.47,Placed
19973,22,87.66,3.57,49.66,70.23,76.95,6.04,6.28,10.07,Placed
19974,23,80.73,4.11,68.0,75.81,95.88,6.94,6.64,3.46,Placed
19975,22,86.45,6.87,73.89,89.47,100.0,6.71,7.36,5.41,Not Placed
19976,19,77.88,5.45,86.89,49.16,88.94,6.77,5.29,3.33,Placed
19977,19,80.78,5.29,97.95,73.96,98.27,5.04,6.53,2.62,Placed
19978,25,75.1,2.98,98.76,90.98,92.52,4.0,6.33,4.6,Placed
19979,20,90.04,2.18,65.36,51.97,84.96,8.21,7.26,3.62,Placed
19980,18,81.87,4.5,86.02,48.22,89.89,8.55,6.74,4.69,Placed
19981,21,76.1,6.04,78.38,44.41,89.87,4.13,7.93,3.19,Not Placed
19982,18,75.75,6.9,55.64,77.99,98.17,7.7,7.11,4.77,Placed
19983,20,76.69,0.2,43.68,56.39,77.94,7.46,7.52,3.0,Not Placed
19984,24,78.37,8.2,74.16,75.65,100.0,5.61,7.08,6.65,Not Placed
19985,20,77.32,4.55,49.57,64.54,98.27,8.28,5.42,5.1,Placed
19986,23,71.29,5.44,59.23,96.81,100.0,8.57,6.35,4.25,Not Placed
19987,21,87.18,0.67,61.73,80.61,99.45,8.47,6.0,4.47,Placed
19988,20,87.94,3.37,75.28,55.14,100.0,9.29,7.71,3.75,Placed
19989,23,99.41,5.28,91.21,63.17,100.0,8.4,7.82,4.74,Placed
19990,22,70.76,1.69,72.19,80.61,100.0,6.2,6.7,7.5,Placed
19991,20,86.0,0.2,63.92,50.9,82.47,7.22,6.97,3.36,Placed
19992,19,55.09,4.4,40.97,86.91,92.74,7.66,4.9,4.82,Placed
19993,25,87.95,3.71,78.88,64.0,100.0,9.02,6.33,2.96,Placed
19994,19,60.52,6.39,72.43,80.94,88.25,6.9,3.8,0.5,Placed
19995,25,66.19,3.51,63.75,64.86,79.06,6.44,7.77,5.73,Placed
19996,21,81.99,3.64,89.49,59.62,100.0,5.22,9.47,6.66,Placed
19997,25,70.54,5.06,54.14,57.0,78.64,8.25,6.16,5.37,Not Placed
19998,20,68.9,5.66,61.73,95.72,100.0,7.45,7.07,9.17,Placed
19999,22,72.18,2.52,68.32,63.28,85.63,6.16,7.3,3.78,Placed
20000,22,86.76,5.5,63.57,100.0,100.0,8.12,5.44,2.71,Placed
16253,20,59.56,5.32,86.15,43.62,91.74,7.51,7.29,1.78,Not Placed
14685,22,78.07,3.67,75.19,69.8,100.0,7.68,6.43,1.81,Not Placed
11732,25,48.0,3.34,47.01,56.12,68.86,7.54,7.71,4.87,Placed
14743,21,80.54,5.44,70.92,72.4,94.7,6.12,5.4,4.49,Placed
14522,23,67.83,3.17,71.83,72.94,83.79,6.09,8.64,7.0,Placed
16341,20,69.27,4.22,53.86,37.59,94.54,7.73,6.38,4.88,Placed
10577,25,84.84,5.38,85.84,84.41,100.0,8.94,7.1,6.44,Placed
15203,24,75.37,4.66,74.47,57.51,99.99,7.74,7.26,7.44,Placed
16364,20,78.75,3.51,44.67,49.2,84.3,7.41,7.04,3.15,Not Placed
10440,21,54.82,1.3,64.7,69.49,76.92,6.61,5.98,1.84,Placed
12751,19,74.36,2.55,64.27,74.53,86.48,6.6,7.21,5.52,Placed
17488,22,62.56,2.48,63.33,100.0,100.0,7.57,6.27,3.36,Placed
15273,19,90.24,4.39,72.48,49.57,94.87,6.85,8.33,4.94,Placed
15654,21,98.7,1.14,56.96,70.35,89.96,7.56,6.98,5.01,Placed
14000,22,72.4,0.99,87.5,57.97,80.56,5.77,8.73,3.92,Placed
16034,25,98.94,4.33,60.46,67.5,91.16,8.12,7.66,5.88,Placed
10583,18,76.07,6.38,49.83,77.17,86.04,5.03,5.09,2.58,Placed
19931,20,81.14,6.72,64.33,63.69,87.88,5.66,6.53,6.75,Placed
17052,21,86.23,3.23,68.58,56.51,91.62,7.63,7.54,4.29,Not Placed
18159,25,68.18,4.7,56.18,90.69,100.0,7.76,7.5,6.01,Placed
